2026-04-30 15:23:10  DEBUG     verify_test: debug message
2026-04-30 15:23:10  INFO      verify_test: info message
2026-04-30 15:23:10  WARNING   verify_test: warning message
2026-04-30 15:24:49  DEBUG     verify_test: debug message
2026-04-30 15:24:49  INFO      verify_test: info message
2026-04-30 15:24:49  WARNING   verify_test: warning message
2026-04-30 15:51:43  INFO      src.data_loader: Labels created. Rows: 5 (dropped 0). Stunted: 40.0% | Underweight: 40.0% | Wasted: 20.0%
2026-04-30 15:51:43  INFO      src.data_loader: Labels created. Rows: 5 (dropped 0). Stunted: 40.0% | Underweight: 40.0% | Wasted: 20.0%
2026-04-30 15:51:43  INFO      src.data_loader: Labels created. Rows: 5 (dropped 0). Stunted: 40.0% | Underweight: 40.0% | Wasted: 20.0%
2026-04-30 15:51:43  INFO      src.data_loader: Labels created. Rows: 5 (dropped 0). Stunted: 40.0% | Underweight: 40.0% | Wasted: 20.0%
2026-04-30 15:51:43  INFO      src.data_loader: Labels created. Rows: 2 (dropped 1). Stunted: 50.0% | Underweight: 50.0% | Wasted: 50.0%
2026-04-30 15:51:43  INFO      src.data_loader: Labels created. Rows: 1 (dropped 0). Stunted: 0.0% | Underweight: 100.0% | Wasted: 0.0%
2026-04-30 15:52:09  INFO      src.data_loader: Labels created. Rows: 5 (dropped 0). Stunted: 40.0% | Underweight: 40.0% | Wasted: 20.0%
2026-04-30 15:52:09  INFO      src.data_loader: Labels created. Rows: 5 (dropped 0). Stunted: 40.0% | Underweight: 40.0% | Wasted: 20.0%
2026-04-30 15:52:09  INFO      src.data_loader: Labels created. Rows: 5 (dropped 0). Stunted: 40.0% | Underweight: 40.0% | Wasted: 20.0%
2026-04-30 15:52:09  INFO      src.data_loader: Labels created. Rows: 5 (dropped 0). Stunted: 40.0% | Underweight: 40.0% | Wasted: 20.0%
2026-04-30 15:52:09  INFO      src.data_loader: Labels created. Rows: 2 (dropped 1). Stunted: 50.0% | Underweight: 50.0% | Wasted: 50.0%
2026-04-30 15:52:09  INFO      src.data_loader: Labels created. Rows: 1 (dropped 0). Stunted: 0.0% | Underweight: 100.0% | Wasted: 0.0%
2026-05-01 07:06:36  INFO      src.data_loader: Loading 18 columns from IAKR7EFL.DTA...
2026-05-01 07:06:41  INFO      src.data_loader: Loaded: 0 rows x 0 columns
2026-05-01 07:06:41  INFO      src.data_loader: Missing code replacement: 0 Z-score values → NaN
2026-05-01 07:06:41  INFO      src.data_loader: Z-scores scaled. Final shape: (0, 0)
2026-05-01 07:19:26  INFO      src.data_loader: Loading 18 columns from IAKR7EFL.DTA...
2026-05-01 07:19:30  INFO      src.data_loader: Loaded: 0 rows x 0 columns
2026-05-01 07:19:30  INFO      src.data_loader: Missing code replacement: 0 Z-score values → NaN
2026-05-01 07:19:30  INFO      src.data_loader: Z-scores scaled. Final shape: (0, 0)
2026-05-01 07:32:29  INFO      src.data_loader: Loading 18 columns from IAKR7EFL.DTA...
2026-05-01 07:32:31  INFO      src.data_loader: Loaded: 0 rows x 0 columns
2026-05-01 07:32:31  INFO      src.data_loader: Missing code replacement: 0 Z-score values → NaN
2026-05-01 07:32:31  INFO      src.data_loader: Z-scores scaled. Final shape: (0, 0)
2026-05-01 07:32:53  INFO      src.data_loader: Loading 20 columns from IAKR7EFL.DTA...
2026-05-01 07:32:56  INFO      src.data_loader: Loaded: 232,920 rows x 14 columns
2026-05-01 07:32:56  INFO      src.data_loader: Missing code replacement: 0 Z-score values → NaN
2026-05-01 07:32:56  INFO      src.data_loader: Z-scores scaled. Final shape: (232920, 14)
2026-05-01 07:35:15  INFO      src.data_loader: Loading 18 columns from IAKR7EFL.DTA...
2026-05-01 07:35:19  INFO      src.data_loader: Loaded: 232,920 rows x 14 columns
2026-05-01 07:35:19  INFO      src.data_loader: Missing code replacement: 0 Z-score values → NaN
2026-05-01 07:35:19  INFO      src.data_loader: Z-scores scaled. Final shape: (232920, 14)
2026-05-01 07:36:26  INFO      src.data_loader: Loaded: 232,920 rows x 14 columns
2026-05-01 07:36:26  INFO      src.data_loader: Missing code replacement: 0 Z-score values → NaN
2026-05-01 07:36:26  INFO      src.data_loader: Z-scores scaled. Final shape: (232920, 14)
2026-05-01 07:36:37  INFO      src.data_loader: Loaded: 232,920 rows x 14 columns
2026-05-01 07:36:37  INFO      src.data_loader: Missing code replacement: 0 Z-score values → NaN
2026-05-01 07:36:37  INFO      src.data_loader: Z-scores scaled. Final shape: (232920, 14)
2026-05-01 07:38:21  INFO      src.data_loader: Loaded: 232,920 rows x 14 columns
2026-05-01 07:38:21  INFO      src.data_loader: Missing code replacement: 0 Z-score values → NaN
2026-05-01 07:38:21  WARNING   src.data_loader: HAZ: 5,064 values outside [-6.0, 6.0] after scaling. These will be NaN after label creation bounds filter.
2026-05-01 07:38:21  WARNING   src.data_loader: WAZ: 1,160 values outside [-6.0, 6.0] after scaling. These will be NaN after label creation bounds filter.
2026-05-01 07:38:21  WARNING   src.data_loader: WHZ: 12,844 values outside [-6.0, 6.0] after scaling. These will be NaN after label creation bounds filter.
2026-05-01 07:38:21  INFO      src.data_loader: Z-scores scaled. Final shape: (232920, 14)
2026-05-01 07:38:21  INFO      src.data_loader: Labels created. Rows: 215,244 (dropped 17,676). Stunted: 34.0% | Underweight: 30.2% | Wasted: 17.4%
2026-05-01 07:38:53  INFO      src.data_loader: Loaded: 232,920 rows x 14 columns
2026-05-01 07:38:53  INFO      src.data_loader: Missing code replacement: 0 Z-score values → NaN
2026-05-01 07:38:53  WARNING   src.data_loader: HAZ: 5,064 values outside [-6.0, 6.0] after scaling. These will be NaN after label creation bounds filter.
2026-05-01 07:38:53  WARNING   src.data_loader: WAZ: 1,160 values outside [-6.0, 6.0] after scaling. These will be NaN after label creation bounds filter.
2026-05-01 07:38:53  WARNING   src.data_loader: WHZ: 12,844 values outside [-6.0, 6.0] after scaling. These will be NaN after label creation bounds filter.
2026-05-01 07:38:53  INFO      src.data_loader: Z-scores scaled. Final shape: (232920, 14)
2026-05-01 07:38:53  INFO      src.data_loader: Labels created. Rows: 215,244 (dropped 17,676). Stunted: 34.0% | Underweight: 30.2% | Wasted: 17.4%
2026-05-01 07:42:02  INFO      src.data_loader: Loaded: 232,920 rows x 14 columns
2026-05-01 07:42:02  INFO      src.data_loader: Missing code replacement: 0 Z-score values → NaN
2026-05-01 07:42:02  WARNING   src.data_loader: HAZ: 5,064 values outside [-6.0, 6.0] after scaling. These will be NaN after label creation bounds filter.
2026-05-01 07:42:02  WARNING   src.data_loader: WAZ: 1,160 values outside [-6.0, 6.0] after scaling. These will be NaN after label creation bounds filter.
2026-05-01 07:42:02  WARNING   src.data_loader: WHZ: 12,844 values outside [-6.0, 6.0] after scaling. These will be NaN after label creation bounds filter.
2026-05-01 07:42:02  INFO      src.data_loader: Z-scores scaled. Final shape: (232920, 14)
2026-05-01 07:42:02  INFO      src.data_loader: Labels created. Rows: 215,244 (dropped 17,676). Stunted: 34.0% | Underweight: 30.2% | Wasted: 17.4%
2026-05-01 07:42:47  INFO      src.data_loader: Loaded: 232,920 rows x 14 columns
2026-05-01 07:42:47  INFO      src.data_loader: Missing code replacement: 0 Z-score values → NaN
2026-05-01 07:42:47  WARNING   src.data_loader: HAZ: 5,064 values outside [-6.0, 6.0] after scaling. These will be NaN after label creation bounds filter.
2026-05-01 07:42:47  WARNING   src.data_loader: WAZ: 1,160 values outside [-6.0, 6.0] after scaling. These will be NaN after label creation bounds filter.
2026-05-01 07:42:47  WARNING   src.data_loader: WHZ: 12,844 values outside [-6.0, 6.0] after scaling. These will be NaN after label creation bounds filter.
2026-05-01 07:42:47  INFO      src.data_loader: Z-scores scaled. Final shape: (232920, 14)
2026-05-01 07:42:47  INFO      src.data_loader: Labels created. Rows: 215,244 (dropped 17,676). Stunted: 34.0% | Underweight: 30.2% | Wasted: 17.4%
2026-05-01 07:46:08  INFO      src.data_loader: Loaded: 232,920 rows x 14 columns
2026-05-01 07:46:08  INFO      src.data_loader: Missing code replacement: 0 Z-score values → NaN
2026-05-01 07:46:08  WARNING   src.data_loader: HAZ: 5,064 values outside [-6.0, 6.0] after scaling. These will be NaN after label creation bounds filter.
2026-05-01 07:46:08  WARNING   src.data_loader: WAZ: 1,160 values outside [-6.0, 6.0] after scaling. These will be NaN after label creation bounds filter.
2026-05-01 07:46:08  WARNING   src.data_loader: WHZ: 12,844 values outside [-6.0, 6.0] after scaling. These will be NaN after label creation bounds filter.
2026-05-01 07:46:08  INFO      src.data_loader: Z-scores scaled. Final shape: (232920, 14)
2026-05-01 07:46:08  INFO      src.data_loader: Labels created. Rows: 215,244 (dropped 17,676). Stunted: 34.0% | Underweight: 30.2% | Wasted: 17.4%
2026-05-01 07:47:17  INFO      src.data_loader: Loaded: 232,920 rows x 14 columns
2026-05-01 07:47:17  INFO      src.data_loader: Missing code replacement: 0 Z-score values → NaN
2026-05-01 07:47:17  WARNING   src.data_loader: HAZ: 5,064 values outside [-6.0, 6.0] after scaling. These will be NaN after label creation bounds filter.
2026-05-01 07:47:17  WARNING   src.data_loader: WAZ: 1,160 values outside [-6.0, 6.0] after scaling. These will be NaN after label creation bounds filter.
2026-05-01 07:47:17  WARNING   src.data_loader: WHZ: 12,844 values outside [-6.0, 6.0] after scaling. These will be NaN after label creation bounds filter.
2026-05-01 07:47:17  INFO      src.data_loader: Z-scores scaled. Final shape: (232920, 14)
2026-05-01 07:47:20  INFO      src.data_loader: Loaded: 232,920 rows x 14 columns
2026-05-01 07:47:20  INFO      src.data_loader: Missing code replacement: 0 Z-score values → NaN
2026-05-01 07:47:20  WARNING   src.data_loader: HAZ: 5,064 values outside [-6.0, 6.0] after scaling. These will be NaN after label creation bounds filter.
2026-05-01 07:47:20  WARNING   src.data_loader: WAZ: 1,160 values outside [-6.0, 6.0] after scaling. These will be NaN after label creation bounds filter.
2026-05-01 07:47:20  WARNING   src.data_loader: WHZ: 12,844 values outside [-6.0, 6.0] after scaling. These will be NaN after label creation bounds filter.
2026-05-01 07:47:20  INFO      src.data_loader: Z-scores scaled. Final shape: (232920, 14)
2026-05-01 07:47:20  INFO      src.data_loader: Labels created. Rows: 215,244 (dropped 17,676). Stunted: 34.0% | Underweight: 30.2% | Wasted: 17.4%
2026-05-01 07:47:46  INFO      src.data_loader: Loaded: 232,920 rows x 14 columns
2026-05-01 07:47:46  INFO      src.data_loader: Missing code replacement: 0 Z-score values → NaN
2026-05-01 07:47:46  WARNING   src.data_loader: HAZ: 5,064 values outside [-6.0, 6.0] after scaling. These will be NaN after label creation bounds filter.
2026-05-01 07:47:46  WARNING   src.data_loader: WAZ: 1,160 values outside [-6.0, 6.0] after scaling. These will be NaN after label creation bounds filter.
2026-05-01 07:47:46  WARNING   src.data_loader: WHZ: 12,844 values outside [-6.0, 6.0] after scaling. These will be NaN after label creation bounds filter.
2026-05-01 07:47:46  INFO      src.data_loader: Z-scores scaled. Final shape: (232920, 14)
2026-05-01 07:47:47  INFO      src.data_loader: Labels created. Rows: 215,244 (dropped 17,676). Stunted: 34.0% | Underweight: 30.2% | Wasted: 17.4%
2026-05-01 07:48:41  INFO      src.data_loader: Loaded: 232,920 rows x 14 columns
2026-05-01 07:48:41  INFO      src.data_loader: Missing code replacement: 0 Z-score values → NaN
2026-05-01 07:48:41  WARNING   src.data_loader: HAZ: 5,064 values outside [-6.0, 6.0] after scaling. These will be NaN after label creation bounds filter.
2026-05-01 07:48:41  WARNING   src.data_loader: WAZ: 1,160 values outside [-6.0, 6.0] after scaling. These will be NaN after label creation bounds filter.
2026-05-01 07:48:41  WARNING   src.data_loader: WHZ: 12,844 values outside [-6.0, 6.0] after scaling. These will be NaN after label creation bounds filter.
2026-05-01 07:48:41  INFO      src.data_loader: Z-scores scaled. Final shape: (232920, 14)
2026-05-01 07:48:42  INFO      src.data_loader: Labels created. Rows: 215,244 (dropped 17,676). Stunted: 34.0% | Underweight: 30.2% | Wasted: 17.4%
2026-05-01 07:52:22  INFO      src.data_loader: Loaded: 232,920 rows x 14 columns
2026-05-01 07:52:22  INFO      src.data_loader: Missing code replacement: 0 Z-score values → NaN
2026-05-01 07:52:22  WARNING   src.data_loader: HAZ: 5,064 values outside [-6.0, 6.0] after scaling. These will be NaN after label creation bounds filter.
2026-05-01 07:52:22  WARNING   src.data_loader: WAZ: 1,160 values outside [-6.0, 6.0] after scaling. These will be NaN after label creation bounds filter.
2026-05-01 07:52:22  WARNING   src.data_loader: WHZ: 12,844 values outside [-6.0, 6.0] after scaling. These will be NaN after label creation bounds filter.
2026-05-01 07:52:22  INFO      src.data_loader: Z-scores scaled. Final shape: (232920, 14)
2026-05-01 07:52:22  INFO      src.data_loader: Labels created. Rows: 215,244 (dropped 17,676). Stunted: 34.0% | Underweight: 30.2% | Wasted: 17.4%
2026-05-01 07:52:48  INFO      src.data_loader: Loaded: 232,920 rows x 14 columns
2026-05-01 07:52:48  INFO      src.data_loader: Missing code replacement: 0 Z-score values → NaN
2026-05-01 07:52:48  WARNING   src.data_loader: HAZ: 5,064 values outside [-6.0, 6.0] after scaling. These will be NaN after label creation bounds filter.
2026-05-01 07:52:48  WARNING   src.data_loader: WAZ: 1,160 values outside [-6.0, 6.0] after scaling. These will be NaN after label creation bounds filter.
2026-05-01 07:52:48  WARNING   src.data_loader: WHZ: 12,844 values outside [-6.0, 6.0] after scaling. These will be NaN after label creation bounds filter.
2026-05-01 07:52:48  INFO      src.data_loader: Z-scores scaled. Final shape: (232920, 14)
2026-05-01 07:53:38  INFO      src.data_loader: Loaded: 232,920 rows x 14 columns
2026-05-01 07:53:39  INFO      src.data_loader: Missing code replacement: 19,068 Z-score values → NaN
2026-05-01 07:53:39  INFO      src.data_loader: Z-scores scaled. Final shape: (232920, 14)
2026-05-01 07:53:39  INFO      src.data_loader: Labels created. Rows: 211,639 (dropped 21,274). Stunted: 34.5% | Underweight: 30.7% | Wasted: 17.7%
2026-05-01 07:54:14  INFO      src.data_loader: Loaded: 232,920 rows x 14 columns
2026-05-01 07:54:15  INFO      src.data_loader: Missing code replacement: 19,068 Z-score values → NaN
2026-05-01 07:54:15  INFO      src.data_loader: Z-scores scaled. Final shape: (232920, 14)
2026-05-01 07:54:15  INFO      src.data_loader: Labels created. Rows: 211,639 (dropped 21,274). Stunted: 34.5% | Underweight: 30.7% | Wasted: 17.7%
2026-05-01 08:01:33  INFO      src.data_loader: Loaded: 232,920 rows x 14 columns
2026-05-01 08:01:33  INFO      src.data_loader: Missing code replacement: 19,068 Z-score values → NaN
2026-05-01 08:01:33  INFO      src.data_loader: Z-scores scaled. Final shape: (232920, 14)
2026-05-01 08:01:34  INFO      src.data_loader: Labels created. Rows: 211,639 (dropped 21,274). Stunted: 34.5% | Underweight: 30.7% | Wasted: 17.7%
2026-05-01 08:22:07  INFO      src.preprocessing: SC/ST column detected: V131
2026-05-01 08:22:07  WARNING   src.preprocessing: No SC/ST column found. Searched: ['V131', 'S116', 'SH46', 'V130']. Fairness audit for Scheduled Tribe subgroup will be unavailable. Consider requesting the Household Members Recode (PR) file from DHS.
2026-05-01 08:22:07  INFO      src.preprocessing: Categorical encoding applied to: ['B4', 'V025']
2026-05-01 08:24:19  INFO      src.labels: WHO thresholds applied: stunted=-2.0, underweight=-2.0, wasted=-2.0
2026-05-01 08:24:19  INFO      src.labels: ─── Label Audit ───
2026-05-01 08:24:19  INFO      src.labels:   stunted: 50.0% prevalence
2026-05-01 08:24:19  INFO      src.labels:   underweight: 50.0% prevalence
2026-05-01 08:24:19  INFO      src.labels:   wasted: 25.0% prevalence
2026-05-01 08:24:19  INFO      src.labels:   stunted: scale_pos_weight = 1.0
2026-05-01 08:24:19  INFO      src.labels:   underweight: scale_pos_weight = 1.0
2026-05-01 08:24:19  INFO      src.labels:   wasted: scale_pos_weight = 1.0
2026-05-01 08:24:19  INFO      src.labels: WHO thresholds applied: stunted=-2.0, underweight=-2.0, wasted=-2.0
2026-05-01 08:27:58  INFO      __main__: Environment validated
2026-05-01 08:28:01  INFO      src.data_loader: Loaded: 232,920 rows x 14 columns
2026-05-01 08:28:02  INFO      src.data_loader: Missing code replacement: 19,068 Z-score values → NaN
2026-05-01 08:28:02  INFO      src.data_loader: Z-scores scaled. Final shape: (232920, 14)
2026-05-01 08:28:02  INFO      src.labels: WHO thresholds applied: stunted=-2.0, underweight=-2.0, wasted=-2.0
2026-05-01 08:28:02  INFO      src.preprocessing: Starting full preprocessing pipeline...
2026-05-01 08:28:02  INFO      src.preprocessing: Input: 232,920 rows x 17 columns
2026-05-01 08:28:02  INFO      src.preprocessing: Duplicates removed: 3,872. Rows remaining: 229,048
2026-05-01 08:28:02  WARNING   src.preprocessing: No SC/ST column found. Searched: ['V131', 'S116', 'SH46', 'V130']. Fairness audit for Scheduled Tribe subgroup will be unavailable. Consider requesting the Household Members Recode (PR) file from DHS.
2026-05-01 08:28:02  INFO      src.preprocessing: Categorical encoding applied to: []
2026-05-01 08:28:02  INFO      src.preprocessing: Median imputation applied to 11 numeric columns
2026-05-01 08:28:02  INFO      src.preprocessing: Not imputed (protected): ['HAZ', 'WAZ', 'WHZ', 'stunted', 'underweight', 'wasted']
2026-05-01 08:28:02  WARNING   src.preprocessing: M19 (birth weight) column not found — skipping outlier cap
2026-05-01 08:28:02  WARNING   src.preprocessing: No SDI components found — skipping index construction
2026-05-01 08:28:02  INFO      src.preprocessing: Pipeline complete. Output: 229,048 rows x 17 columns
2026-05-01 08:28:02  INFO      src.labels: Label validation: PASSED
2026-05-01 08:28:02  INFO      src.labels: ─── Label Audit ───
2026-05-01 08:28:02  INFO      src.labels:   stunted: 35.5% prevalence
2026-05-01 08:28:02  INFO      src.labels:   underweight: 30.9% prevalence
2026-05-01 08:28:02  INFO      src.labels:   wasted: 18.6% prevalence
2026-05-01 08:28:02  INFO      src.labels:   stunted: scale_pos_weight = 1.7864
2026-05-01 08:28:02  INFO      src.labels:   underweight: scale_pos_weight = 2.4099
2026-05-01 08:28:02  INFO      src.labels:   wasted: scale_pos_weight = 4.3937
2026-05-01 08:32:48  INFO      src.data_loader: Loaded: 232,920 rows x 14 columns
2026-05-01 08:32:49  INFO      src.data_loader: Missing code replacement: 19,068 Z-score values → NaN
2026-05-01 08:32:49  INFO      src.data_loader: Z-scores scaled. Final shape: (232920, 14)
2026-05-01 08:32:49  INFO      src.data_loader: Labels created. Rows: 211,639 (dropped 21,274). Stunted: 34.5% | Underweight: 30.7% | Wasted: 17.7%
2026-05-01 08:37:34  INFO      __main__: Environment validated
2026-05-01 08:37:37  INFO      src.data_loader: Loaded: 232,920 rows x 14 columns
2026-05-01 08:37:37  INFO      src.data_loader: Missing code replacement: 19,068 Z-score values → NaN
2026-05-01 08:37:37  INFO      src.data_loader: Z-scores scaled. Final shape: (232920, 14)
2026-05-01 08:37:38  INFO      src.labels: WHO thresholds applied: stunted=-2.0, underweight=-2.0, wasted=-2.0
2026-05-01 08:37:38  INFO      src.preprocessing: Starting full preprocessing pipeline...
2026-05-01 08:37:38  INFO      src.preprocessing: Input: 232,920 rows x 17 columns
2026-05-01 08:37:38  INFO      src.preprocessing: Duplicates removed: 3,872. Rows remaining: 229,048
2026-05-01 08:37:38  WARNING   src.preprocessing: No SC/ST column found. Searched: ['V131', 'S116', 'SH46', 'V130']. Fairness audit for Scheduled Tribe subgroup will be unavailable. Consider requesting the Household Members Recode (PR) file from DHS.
2026-05-01 08:37:38  INFO      src.preprocessing: Categorical encoding applied to: []
2026-05-01 08:37:38  INFO      src.preprocessing: Median imputation applied to 11 numeric columns
2026-05-01 08:37:38  INFO      src.preprocessing: Not imputed (protected): ['HAZ', 'WAZ', 'WHZ', 'stunted', 'underweight', 'wasted']
2026-05-01 08:37:38  WARNING   src.preprocessing: M19 (birth weight) column not found — skipping outlier cap
2026-05-01 08:37:38  WARNING   src.preprocessing: No SDI components found — skipping index construction
2026-05-01 08:37:38  INFO      src.preprocessing: Pipeline complete. Output: 229,048 rows x 17 columns
2026-05-01 08:37:38  INFO      src.labels: Label validation: PASSED
2026-05-01 08:37:38  INFO      src.labels: ─── Label Audit ───
2026-05-01 08:37:38  INFO      src.labels:   stunted: 35.5% prevalence
2026-05-01 08:37:38  INFO      src.labels:   underweight: 30.9% prevalence
2026-05-01 08:37:38  INFO      src.labels:   wasted: 18.6% prevalence
2026-05-01 08:37:38  INFO      src.labels:   stunted: scale_pos_weight = 1.7864
2026-05-01 08:37:38  INFO      src.labels:   underweight: scale_pos_weight = 2.4099
2026-05-01 08:37:38  INFO      src.labels:   wasted: scale_pos_weight = 4.3937
2026-05-01 08:37:40  WARNING   src.preprocessing: Dropped 30,252 rows with missing target labels before train/test split.
2026-05-01 08:37:40  INFO      src.preprocessing: Train/test split: 159,036 train | 39,760 test (20% test, stratified on stunted)
2026-05-01 08:38:01  INFO      __main__: Environment validated
2026-05-01 08:38:04  INFO      src.data_loader: Loaded: 232,920 rows x 14 columns
2026-05-01 08:38:05  INFO      src.data_loader: Missing code replacement: 19,068 Z-score values → NaN
2026-05-01 08:38:05  INFO      src.data_loader: Z-scores scaled. Final shape: (232920, 14)
2026-05-01 08:38:05  INFO      src.labels: WHO thresholds applied: stunted=-2.0, underweight=-2.0, wasted=-2.0
2026-05-01 08:38:05  INFO      src.preprocessing: Starting full preprocessing pipeline...
2026-05-01 08:38:05  INFO      src.preprocessing: Input: 232,920 rows x 17 columns
2026-05-01 08:38:05  INFO      src.preprocessing: Duplicates removed: 3,872. Rows remaining: 229,048
2026-05-01 08:38:05  WARNING   src.preprocessing: No SC/ST column found. Searched: ['V131', 'S116', 'SH46', 'V130']. Fairness audit for Scheduled Tribe subgroup will be unavailable. Consider requesting the Household Members Recode (PR) file from DHS.
2026-05-01 08:38:05  INFO      src.preprocessing: Categorical encoding applied to: []
2026-05-01 08:38:06  INFO      src.preprocessing: Median imputation applied to 11 numeric columns
2026-05-01 08:38:06  INFO      src.preprocessing: Not imputed (protected): ['HAZ', 'WAZ', 'WHZ', 'stunted', 'underweight', 'wasted']
2026-05-01 08:38:06  WARNING   src.preprocessing: M19 (birth weight) column not found — skipping outlier cap
2026-05-01 08:38:06  WARNING   src.preprocessing: No SDI components found — skipping index construction
2026-05-01 08:38:06  INFO      src.preprocessing: Pipeline complete. Output: 229,048 rows x 17 columns
2026-05-01 08:38:06  INFO      src.labels: Label validation: PASSED
2026-05-01 08:38:06  INFO      src.labels: ─── Label Audit ───
2026-05-01 08:38:06  INFO      src.labels:   stunted: 35.5% prevalence
2026-05-01 08:38:06  INFO      src.labels:   underweight: 30.9% prevalence
2026-05-01 08:38:06  INFO      src.labels:   wasted: 18.6% prevalence
2026-05-01 08:38:06  INFO      src.labels:   stunted: scale_pos_weight = 1.7864
2026-05-01 08:38:06  INFO      src.labels:   underweight: scale_pos_weight = 2.4099
2026-05-01 08:38:06  INFO      src.labels:   wasted: scale_pos_weight = 4.3937
2026-05-01 08:38:08  WARNING   src.preprocessing: Dropped 30,252 rows with missing target labels before train/test split.
2026-05-01 08:38:08  INFO      src.preprocessing: Train/test split: 159,036 train | 39,760 test (20% test, stratified on stunted)
2026-05-01 08:47:36  INFO      __main__: Environment validated
2026-05-01 08:47:39  INFO      src.data_loader: Loaded: 232,920 rows x 14 columns
2026-05-01 08:47:40  INFO      src.data_loader: Missing code replacement: 19,068 Z-score values → NaN
2026-05-01 08:47:40  INFO      src.data_loader: Z-scores scaled. Final shape: (232920, 14)
2026-05-01 08:47:40  INFO      src.labels: WHO thresholds applied: stunted=-2.0, underweight=-2.0, wasted=-2.0
2026-05-01 08:47:40  INFO      src.preprocessing: Starting full preprocessing pipeline...
2026-05-01 08:47:40  INFO      src.preprocessing: Input: 232,920 rows x 17 columns
2026-05-01 08:47:40  INFO      src.preprocessing: Duplicates removed: 3,872. Rows remaining: 229,048
2026-05-01 08:47:40  WARNING   src.preprocessing: No SC/ST column found. Searched: ['V131', 'S116', 'SH46', 'V130']. Fairness audit for Scheduled Tribe subgroup will be unavailable. Consider requesting the Household Members Recode (PR) file from DHS.
2026-05-01 08:47:40  INFO      src.preprocessing: Categorical encoding applied to: []
2026-05-01 08:47:40  INFO      src.preprocessing: Median imputation applied to 11 numeric columns
2026-05-01 08:47:40  INFO      src.preprocessing: Not imputed (protected): ['HAZ', 'WAZ', 'WHZ', 'stunted', 'underweight', 'wasted']
2026-05-01 08:47:40  WARNING   src.preprocessing: M19 (birth weight) column not found — skipping outlier cap
2026-05-01 08:47:40  WARNING   src.preprocessing: No SDI components found — skipping index construction
2026-05-01 08:47:40  INFO      src.preprocessing: Pipeline complete. Output: 229,048 rows x 17 columns
2026-05-01 08:47:40  INFO      src.labels: Label validation: PASSED
2026-05-01 08:47:40  INFO      src.labels: ─── Label Audit ───
2026-05-01 08:47:40  INFO      src.labels:   stunted: 35.5% prevalence
2026-05-01 08:47:40  INFO      src.labels:   underweight: 30.9% prevalence
2026-05-01 08:47:40  INFO      src.labels:   wasted: 18.6% prevalence
2026-05-01 08:47:40  INFO      src.labels:   stunted: scale_pos_weight = 1.7864
2026-05-01 08:47:40  INFO      src.labels:   underweight: scale_pos_weight = 2.4099
2026-05-01 08:47:40  INFO      src.labels:   wasted: scale_pos_weight = 4.3937
2026-05-01 08:47:42  WARNING   src.preprocessing: Dropped 30,252 rows with missing target labels before train/test split.
2026-05-01 08:47:42  INFO      src.preprocessing: Train/test split: 159,036 train | 39,760 test (20% test, stratified on stunted)
2026-05-01 08:48:51  INFO      __main__: Environment validated
2026-05-01 08:48:53  INFO      src.data_loader: Loaded: 232,920 rows x 14 columns
2026-05-01 08:48:54  INFO      src.data_loader: Missing code replacement: 19,068 Z-score values → NaN
2026-05-01 08:48:54  INFO      src.data_loader: Z-scores scaled. Final shape: (232920, 14)
2026-05-01 08:48:54  INFO      src.labels: WHO thresholds applied: stunted=-2.0, underweight=-2.0, wasted=-2.0
2026-05-01 08:48:54  INFO      src.preprocessing: Starting full preprocessing pipeline...
2026-05-01 08:48:54  INFO      src.preprocessing: Input: 232,920 rows x 17 columns
2026-05-01 08:48:54  INFO      src.preprocessing: Duplicates removed: 3,872. Rows remaining: 229,048
2026-05-01 08:48:54  WARNING   src.preprocessing: No SC/ST column found. Searched: ['V131', 'S116', 'SH46', 'V130']. Fairness audit for Scheduled Tribe subgroup will be unavailable. Consider requesting the Household Members Recode (PR) file from DHS.
2026-05-01 08:48:54  INFO      src.preprocessing: Categorical encoding applied to: []
2026-05-01 08:48:55  INFO      src.preprocessing: Median imputation applied to 11 numeric columns
2026-05-01 08:48:55  INFO      src.preprocessing: Not imputed (protected): ['HAZ', 'WAZ', 'WHZ', 'stunted', 'underweight', 'wasted']
2026-05-01 08:48:55  WARNING   src.preprocessing: M19 (birth weight) column not found — skipping outlier cap
2026-05-01 08:48:55  WARNING   src.preprocessing: No SDI components found — skipping index construction
2026-05-01 08:48:55  INFO      src.preprocessing: Pipeline complete. Output: 229,048 rows x 17 columns
2026-05-01 08:48:55  INFO      src.labels: Label validation: PASSED
2026-05-01 08:48:55  INFO      src.labels: ─── Label Audit ───
2026-05-01 08:48:55  INFO      src.labels:   stunted: 35.5% prevalence
2026-05-01 08:48:55  INFO      src.labels:   underweight: 30.9% prevalence
2026-05-01 08:48:55  INFO      src.labels:   wasted: 18.6% prevalence
2026-05-01 08:48:55  INFO      src.labels:   stunted: scale_pos_weight = 1.7864
2026-05-01 08:48:55  INFO      src.labels:   underweight: scale_pos_weight = 2.4099
2026-05-01 08:48:55  INFO      src.labels:   wasted: scale_pos_weight = 4.3937
2026-05-01 08:48:57  WARNING   src.preprocessing: Dropped 30,252 rows with missing target labels before train/test split.
2026-05-01 08:48:57  INFO      src.preprocessing: Train/test split: 159,036 train | 39,760 test (20% test, stratified on stunted)
2026-05-01 09:08:04  INFO      src.validation: Running validate_all: Synthetic valid test
2026-05-01 09:08:04  INFO      src.validation: Row count check PASSED: 191,000
2026-05-01 09:08:04  INFO      src.validation: Missing code check PASSED
2026-05-01 09:08:04  INFO      src.validation: Z-score scale check PASSED
2026-05-01 09:08:04  INFO      src.validation: Label binary check PASSED
2026-05-01 09:08:04  INFO      src.validation: Duplicate check PASSED: 0 duplicates
2026-05-01 09:08:04  INFO      src.validation: stunted: 34.9%  (threshold 30%–42%)
2026-05-01 09:08:04  INFO      src.validation: underweight: 32.0%  (threshold 30%–35%)
2026-05-01 09:08:04  INFO      src.validation: wasted: 19.0%  (threshold 17%–22%)
2026-05-01 09:08:04  INFO      src.validation: Prevalence check PASSED for all three phenotypes
2026-05-01 09:08:04  INFO      src.validation: validate_all PASSED
2026-05-01 09:08:04  INFO      src.validation: stunted: 10.0%  (threshold 30%–42%)
2026-05-01 09:08:04  INFO      src.validation: stunted: 34.9%  (threshold 30%–42%)
2026-05-01 09:08:04  INFO      src.validation: underweight: 45.0%  (threshold 30%–35%)
2026-05-01 09:08:04  INFO      src.validation: stunted: 34.9%  (threshold 30%–42%)
2026-05-01 09:08:04  INFO      src.validation: underweight: 32.0%  (threshold 30%–35%)
2026-05-01 09:08:04  INFO      src.validation: wasted: 5.0%  (threshold 17%–22%)
2026-05-01 09:08:05  INFO      src.validation: Row count check PASSED: 191,000
2026-05-01 09:08:05  INFO      src.validation: Missing code check PASSED
2026-05-01 09:08:05  INFO      src.validation: Z-score scale check PASSED
2026-05-01 09:08:05  INFO      src.validation: Label binary check PASSED
2026-05-01 09:08:05  INFO      src.validation: Duplicate check PASSED: 0 duplicates
2026-05-01 09:08:05  INFO      src.validation: stunted: 0.0%  (threshold 30%–42%)
2026-05-01 09:08:05  WARNING   src.validation: validate_all_soft: 1 failures
2026-05-01 09:11:56  INFO      src.validation: Running validate_all: Synthetic valid test
2026-05-01 09:11:56  INFO      src.validation: Row count check PASSED: 191,000
2026-05-01 09:11:56  INFO      src.validation: Missing code check PASSED
2026-05-01 09:11:56  INFO      src.validation: Z-score scale check PASSED
2026-05-01 09:11:56  INFO      src.validation: Label binary check PASSED
2026-05-01 09:11:56  INFO      src.validation: Duplicate check PASSED: 0 duplicates
2026-05-01 09:11:56  INFO      src.validation: stunted: 34.9%  (threshold 30%–42%)
2026-05-01 09:11:56  INFO      src.validation: underweight: 32.0%  (threshold 30%–35%)
2026-05-01 09:11:56  INFO      src.validation: wasted: 19.0%  (threshold 17%–22%)
2026-05-01 09:11:56  INFO      src.validation: Prevalence check PASSED for all three phenotypes
2026-05-01 09:11:56  INFO      src.validation: validate_all PASSED
2026-05-01 09:11:56  INFO      src.validation: stunted: 10.0%  (threshold 30%–42%)
2026-05-01 09:11:56  INFO      src.validation: stunted: 34.9%  (threshold 30%–42%)
2026-05-01 09:11:56  INFO      src.validation: underweight: 45.0%  (threshold 30%–35%)
2026-05-01 09:11:56  INFO      src.validation: stunted: 34.9%  (threshold 30%–42%)
2026-05-01 09:11:56  INFO      src.validation: underweight: 32.0%  (threshold 30%–35%)
2026-05-01 09:11:56  INFO      src.validation: wasted: 5.0%  (threshold 17%–22%)
2026-05-01 09:11:56  INFO      src.validation: Row count check PASSED: 191,000
2026-05-01 09:11:56  INFO      src.validation: Missing code check PASSED
2026-05-01 09:11:56  INFO      src.validation: Z-score scale check PASSED
2026-05-01 09:11:56  INFO      src.validation: Label binary check PASSED
2026-05-01 09:11:56  INFO      src.validation: Duplicate check PASSED: 0 duplicates
2026-05-01 09:11:56  INFO      src.validation: stunted: 0.0%  (threshold 30%–42%)
2026-05-01 09:11:56  INFO      src.validation: underweight: 32.0%  (threshold 30%–35%)
2026-05-01 09:11:56  INFO      src.validation: wasted: 0.0%  (threshold 17%–22%)
2026-05-01 09:11:56  WARNING   src.validation: Prevalence check FAILED for 2 phenotypes
2026-05-01 09:11:56  WARNING   src.validation: validate_all_soft: 2 failures
2026-05-01 09:11:56  INFO      src.validation: stunted: 10.0%  (threshold 30%–42%)
2026-05-01 09:12:07  INFO      src.validation: Running validate_all: Synthetic valid test
2026-05-01 09:12:07  INFO      src.validation: Row count check PASSED: 191,000
2026-05-01 09:12:07  INFO      src.validation: Missing code check PASSED
2026-05-01 09:12:07  INFO      src.validation: Z-score scale check PASSED
2026-05-01 09:12:07  INFO      src.validation: Label binary check PASSED
2026-05-01 09:12:07  INFO      src.validation: Duplicate check PASSED: 0 duplicates
2026-05-01 09:12:07  INFO      src.validation: stunted: 34.9%  (threshold 30%–42%)
2026-05-01 09:12:07  INFO      src.validation: underweight: 32.0%  (threshold 30%–35%)
2026-05-01 09:12:07  INFO      src.validation: wasted: 19.0%  (threshold 17%–22%)
2026-05-01 09:12:07  INFO      src.validation: Prevalence check PASSED for all three phenotypes
2026-05-01 09:12:07  INFO      src.validation: validate_all PASSED
2026-05-01 09:12:07  INFO      src.validation: stunted: 10.0%  (threshold 30%–42%)
2026-05-01 09:12:07  INFO      src.validation: stunted: 34.9%  (threshold 30%–42%)
2026-05-01 09:12:07  INFO      src.validation: underweight: 45.0%  (threshold 30%–35%)
2026-05-01 09:12:07  INFO      src.validation: stunted: 34.9%  (threshold 30%–42%)
2026-05-01 09:12:07  INFO      src.validation: underweight: 32.0%  (threshold 30%–35%)
2026-05-01 09:12:07  INFO      src.validation: wasted: 5.0%  (threshold 17%–22%)
2026-05-01 09:12:07  INFO      src.validation: Row count check PASSED: 191,000
2026-05-01 09:12:07  INFO      src.validation: Missing code check PASSED
2026-05-01 09:12:07  INFO      src.validation: Z-score scale check PASSED
2026-05-01 09:12:07  INFO      src.validation: Label binary check PASSED
2026-05-01 09:12:07  INFO      src.validation: Duplicate check PASSED: 0 duplicates
2026-05-01 09:12:07  INFO      src.validation: stunted: 0.0%  (threshold 30%–42%)
2026-05-01 09:12:07  INFO      src.validation: underweight: 32.0%  (threshold 30%–35%)
2026-05-01 09:12:07  INFO      src.validation: wasted: 0.0%  (threshold 17%–22%)
2026-05-01 09:12:07  WARNING   src.validation: Prevalence check FAILED for 2 phenotypes
2026-05-01 09:12:07  WARNING   src.validation: validate_all_soft: 2 failures
2026-05-01 09:12:07  INFO      src.validation: stunted: 10.0%  (threshold 30%–42%)
2026-05-01 09:16:47  INFO      __main__: Loading nfhs5_cleaned.csv...
2026-05-01 09:16:47  INFO      src.validation: Row count check PASSED: 229,048
2026-05-01 09:16:48  INFO      src.validation: Missing code check PASSED
2026-05-01 09:16:48  INFO      src.validation: Z-score scale check PASSED
2026-05-01 09:16:48  INFO      src.validation: Label binary check PASSED
2026-05-01 09:16:48  INFO      src.validation: stunted: 35.5%  (threshold 30%–42%)
2026-05-01 09:16:48  INFO      src.validation: underweight: 30.9%  (threshold 30%–35%)
2026-05-01 09:16:48  INFO      src.validation: wasted: 18.6%  (threshold 17%–22%)
2026-05-01 09:16:48  INFO      src.validation: Prevalence check PASSED for all three phenotypes
2026-05-01 09:16:48  WARNING   src.validation: validate_all_soft: 1 failures
2026-05-01 09:16:48  INFO      __main__: Saved: reports/tables/validation_summary.csv
2026-05-01 09:17:43  INFO      src.validation: Row count check PASSED: 190,100
2026-05-01 09:17:43  INFO      src.validation: Missing code check PASSED
2026-05-01 09:17:43  INFO      src.validation: Z-score scale check PASSED
2026-05-01 09:17:43  INFO      src.validation: Label binary check PASSED
2026-05-01 09:17:43  INFO      src.validation: Duplicate check PASSED: 0 duplicates
2026-05-01 09:17:43  INFO      src.validation: stunted: 5.0%  (threshold 30%–42%)
2026-05-01 09:17:43  INFO      src.validation: underweight: 31.9%  (threshold 30%–35%)
2026-05-01 09:17:43  INFO      src.validation: wasted: 19.1%  (threshold 17%–22%)
2026-05-01 09:17:43  WARNING   src.validation: Prevalence check FAILED for 1 phenotypes
2026-05-01 09:17:43  WARNING   src.validation: validate_all_soft: 1 failures
2026-05-01 09:20:19  INFO      __main__: Loading nfhs5_cleaned.csv...
2026-05-01 09:20:20  INFO      src.validation: Row count check PASSED: 229,048
2026-05-01 09:20:20  INFO      src.validation: Missing code check PASSED
2026-05-01 09:20:20  INFO      src.validation: Z-score scale check PASSED
2026-05-01 09:20:20  INFO      src.validation: Label binary check PASSED
2026-05-01 09:20:20  INFO      src.validation: stunted: 35.5%  (threshold 30%–42%)
2026-05-01 09:20:20  INFO      src.validation: underweight: 30.9%  (threshold 30%–35%)
2026-05-01 09:20:20  INFO      src.validation: wasted: 18.6%  (threshold 17%–22%)
2026-05-01 09:20:20  INFO      src.validation: Prevalence check PASSED for all three phenotypes
2026-05-01 09:20:20  WARNING   src.validation: validate_all_soft: 1 failures
2026-05-01 09:20:20  INFO      __main__: Saved: reports/tables/validation_summary.csv
2026-05-01 09:24:31  INFO      __main__: Loading nfhs5_cleaned.csv...
2026-05-01 09:24:31  INFO      src.validation: Row count check PASSED: 229,048
2026-05-01 09:24:32  INFO      src.validation: Missing code check PASSED
2026-05-01 09:24:32  INFO      src.validation: Z-score scale check PASSED
2026-05-01 09:24:32  INFO      src.validation: Label binary check PASSED
2026-05-01 09:24:32  INFO      src.validation: stunted: 35.5%  (threshold 30%–42%)
2026-05-01 09:24:32  INFO      src.validation: underweight: 30.9%  (threshold 30%–35%)
2026-05-01 09:24:32  INFO      src.validation: wasted: 18.6%  (threshold 17%–22%)
2026-05-01 09:24:32  INFO      src.validation: Prevalence check PASSED for all three phenotypes
2026-05-01 09:24:32  WARNING   src.validation: validate_all_soft: 1 failures
2026-05-01 09:24:32  INFO      __main__: Saved: reports/tables/validation_summary.csv
2026-05-01 09:26:11  INFO      __main__: Environment validated
2026-05-01 09:26:14  INFO      src.data_loader: Loaded: 232,920 rows x 14 columns
2026-05-01 09:26:15  INFO      src.data_loader: Missing code replacement: 19,068 Z-score values → NaN
2026-05-01 09:26:15  INFO      src.data_loader: Z-scores scaled. Final shape: (232920, 14)
2026-05-01 09:26:15  INFO      src.labels: WHO thresholds applied: stunted=-2.0, underweight=-2.0, wasted=-2.0
2026-05-01 09:26:15  INFO      src.preprocessing: Starting full preprocessing pipeline...
2026-05-01 09:26:15  INFO      src.preprocessing: Input: 232,920 rows x 17 columns
2026-05-01 09:26:15  INFO      src.preprocessing: Duplicates removed: 3,872. Rows remaining: 229,048
2026-05-01 09:26:15  WARNING   src.preprocessing: No SC/ST column found. Searched: ['V131', 'S116', 'SH46', 'V130']. Fairness audit for Scheduled Tribe subgroup will be unavailable. Consider requesting the Household Members Recode (PR) file from DHS.
2026-05-01 09:26:15  INFO      src.preprocessing: Categorical encoding applied to: []
2026-05-01 09:26:15  INFO      src.preprocessing: Median imputation applied to 11 numeric columns
2026-05-01 09:26:15  INFO      src.preprocessing: Not imputed (protected): ['HAZ', 'WAZ', 'WHZ', 'stunted', 'underweight', 'wasted']
2026-05-01 09:26:15  WARNING   src.preprocessing: M19 (birth weight) column not found — skipping outlier cap
2026-05-01 09:26:15  WARNING   src.preprocessing: No SDI components found — skipping index construction
2026-05-01 09:26:15  INFO      src.preprocessing: Pipeline complete. Output: 229,048 rows x 17 columns
2026-05-01 09:26:15  INFO      src.labels: Label validation: PASSED
2026-05-01 09:26:15  INFO      src.labels: ─── Label Audit ───
2026-05-01 09:26:15  INFO      src.labels:   stunted: 35.5% prevalence
2026-05-01 09:26:15  INFO      src.labels:   underweight: 30.9% prevalence
2026-05-01 09:26:15  INFO      src.labels:   wasted: 18.6% prevalence
2026-05-01 09:26:15  INFO      src.labels:   stunted: scale_pos_weight = 1.7864
2026-05-01 09:26:15  INFO      src.labels:   underweight: scale_pos_weight = 2.4099
2026-05-01 09:26:15  INFO      src.labels:   wasted: scale_pos_weight = 4.3937
2026-05-01 09:26:17  WARNING   src.preprocessing: Dropped 30,252 rows with missing target labels before train/test split.
2026-05-01 09:26:18  INFO      src.preprocessing: Train/test split: 159,036 train | 39,760 test (20% test, stratified on stunted)
2026-05-01 09:26:38  INFO      __main__: Loading nfhs5_cleaned.csv...
2026-05-01 09:26:38  INFO      src.validation: Row count check PASSED: 229,048
2026-05-01 09:26:38  INFO      src.validation: Missing code check PASSED
2026-05-01 09:26:38  INFO      src.validation: Z-score scale check PASSED
2026-05-01 09:26:39  INFO      src.validation: Label binary check PASSED
2026-05-01 09:26:39  INFO      src.validation: stunted: 35.5%  (threshold 30%–42%)
2026-05-01 09:26:39  INFO      src.validation: underweight: 30.9%  (threshold 30%–35%)
2026-05-01 09:26:39  INFO      src.validation: wasted: 18.6%  (threshold 17%–22%)
2026-05-01 09:26:39  INFO      src.validation: Prevalence check PASSED for all three phenotypes
2026-05-01 09:26:39  WARNING   src.validation: validate_all_soft: 1 failures
2026-05-01 09:26:39  INFO      __main__: Saved: reports/tables/validation_summary.csv
2026-05-01 09:32:19  INFO      __main__: Environment validated
2026-05-01 09:32:22  INFO      src.data_loader: Loaded: 232,920 rows x 14 columns
2026-05-01 09:32:22  INFO      src.data_loader: Missing code replacement: 19,068 Z-score values → NaN
2026-05-01 09:32:23  INFO      src.data_loader: Z-scores scaled. Final shape: (232920, 14)
2026-05-01 09:32:23  INFO      src.labels: WHO thresholds applied: stunted=-2.0, underweight=-2.0, wasted=-2.0
2026-05-01 09:32:23  INFO      src.preprocessing: Starting full preprocessing pipeline...
2026-05-01 09:32:23  INFO      src.preprocessing: Input: 232,920 rows x 17 columns
2026-05-01 09:32:23  INFO      src.preprocessing: Duplicates removed: 3,872. Rows remaining: 229,048
2026-05-01 09:32:23  WARNING   src.preprocessing: No SC/ST column found. Searched: ['V131', 'S116', 'SH46', 'V130']. Fairness audit for Scheduled Tribe subgroup will be unavailable. Consider requesting the Household Members Recode (PR) file from DHS.
2026-05-01 09:32:23  INFO      src.preprocessing: Categorical encoding applied to: []
2026-05-01 09:32:23  INFO      src.preprocessing: Median imputation applied to 11 numeric columns
2026-05-01 09:32:23  INFO      src.preprocessing: Not imputed (protected): ['HAZ', 'WAZ', 'WHZ', 'stunted', 'underweight', 'wasted']
2026-05-01 09:32:23  WARNING   src.preprocessing: M19 (birth weight) column not found — skipping outlier cap
2026-05-01 09:32:23  WARNING   src.preprocessing: No SDI components found — skipping index construction
2026-05-01 09:32:23  INFO      src.preprocessing: Duplicates removed: 692. Rows remaining: 228,356
2026-05-01 09:32:23  INFO      src.preprocessing: Pipeline complete. Output: 228,356 rows x 17 columns
2026-05-01 09:32:23  INFO      src.labels: Label validation: PASSED
2026-05-01 09:32:23  INFO      src.labels: ─── Label Audit ───
2026-05-01 09:32:23  INFO      src.labels:   stunted: 35.5% prevalence
2026-05-01 09:32:23  INFO      src.labels:   underweight: 30.9% prevalence
2026-05-01 09:32:23  INFO      src.labels:   wasted: 18.6% prevalence
2026-05-01 09:32:23  INFO      src.labels:   stunted: scale_pos_weight = 1.7864
2026-05-01 09:32:23  INFO      src.labels:   underweight: scale_pos_weight = 2.4099
2026-05-01 09:32:23  INFO      src.labels:   wasted: scale_pos_weight = 4.3937
2026-05-01 09:32:25  WARNING   src.preprocessing: Dropped 29,560 rows with missing target labels before train/test split.
2026-05-01 09:32:25  INFO      src.preprocessing: Train/test split: 159,036 train | 39,760 test (20% test, stratified on stunted)
2026-05-01 09:32:42  INFO      __main__: Loading nfhs5_cleaned.csv...
2026-05-01 09:32:42  INFO      src.validation: Row count check PASSED: 228,356
2026-05-01 09:32:42  INFO      src.validation: Missing code check PASSED
2026-05-01 09:32:42  INFO      src.validation: Z-score scale check PASSED
2026-05-01 09:32:42  INFO      src.validation: Label binary check PASSED
2026-05-01 09:32:42  INFO      src.validation: Duplicate check PASSED: 0 duplicates
2026-05-01 09:32:42  INFO      src.validation: stunted: 35.5%  (threshold 30%–42%)
2026-05-01 09:32:42  INFO      src.validation: underweight: 30.9%  (threshold 30%–35%)
2026-05-01 09:32:42  INFO      src.validation: wasted: 18.6%  (threshold 17%–22%)
2026-05-01 09:32:42  INFO      src.validation: Prevalence check PASSED for all three phenotypes
2026-05-01 09:32:42  INFO      src.validation: validate_all_soft PASSED
2026-05-01 09:32:42  INFO      __main__: Saved: reports/tables/validation_summary.csv
2026-05-01 09:33:33  INFO      __main__: Loading nfhs5_cleaned.csv...
2026-05-01 09:33:33  INFO      src.validation: Row count check PASSED: 228,356
2026-05-01 09:33:34  INFO      src.validation: Missing code check PASSED
2026-05-01 09:33:34  INFO      src.validation: Z-score scale check PASSED
2026-05-01 09:33:34  INFO      src.validation: Label binary check PASSED
2026-05-01 09:33:34  INFO      src.validation: Duplicate check PASSED: 0 duplicates
2026-05-01 09:33:34  INFO      src.validation: stunted: 35.5%  (threshold 30%–42%)
2026-05-01 09:33:34  INFO      src.validation: underweight: 30.9%  (threshold 30%–35%)
2026-05-01 09:33:34  INFO      src.validation: wasted: 18.6%  (threshold 17%–22%)
2026-05-01 09:33:34  INFO      src.validation: Prevalence check PASSED for all three phenotypes
2026-05-01 09:33:34  INFO      src.validation: validate_all_soft PASSED
2026-05-01 09:33:34  INFO      __main__: Saved: reports/tables/validation_summary.csv
2026-05-01 11:26:12  INFO      01_data_loading: Loaded: 228,356 rows x 17 columns
2026-05-01 11:32:11  INFO      src.validation: stunted: 35.5%  (threshold 30%–42%)
2026-05-01 11:32:11  INFO      src.validation: underweight: 30.9%  (threshold 30%–35%)
2026-05-01 11:32:11  INFO      src.validation: wasted: 18.6%  (threshold 17%–22%)
2026-05-01 11:32:11  INFO      src.validation: Prevalence check PASSED for all three phenotypes
2026-05-01 11:33:18  WARNING   src.preprocessing: No SC/ST column found. Searched: ['V131', 'S116', 'SH46', 'V130']. Fairness audit for Scheduled Tribe subgroup will be unavailable. Consider requesting the Household Members Recode (PR) file from DHS.
2026-05-01 11:37:13  WARNING   src.preprocessing: No SC/ST column found. Searched: ['V131', 'S116', 'SH46', 'V130']. Fairness audit for Scheduled Tribe subgroup will be unavailable. Consider requesting the Household Members Recode (PR) file from DHS.
2026-05-01 11:37:20  WARNING   src.preprocessing: No SC/ST column found. Searched: ['V131', 'S116', 'SH46', 'V130']. Fairness audit for Scheduled Tribe subgroup will be unavailable. Consider requesting the Household Members Recode (PR) file from DHS.
2026-05-01 11:37:48  WARNING   src.preprocessing: No SC/ST column found. Searched: ['V131', 'S116', 'SH46', 'V130']. Fairness audit for Scheduled Tribe subgroup will be unavailable. Consider requesting the Household Members Recode (PR) file from DHS.
2026-05-01 11:42:38  INFO      01_data_loading: Loaded: 228,356 rows x 17 columns
2026-05-01 11:42:44  INFO      src.validation: stunted: 35.5%  (threshold 30%–42%)
2026-05-01 11:42:44  INFO      src.validation: underweight: 30.9%  (threshold 30%–35%)
2026-05-01 11:42:44  INFO      src.validation: wasted: 18.6%  (threshold 17%–22%)
2026-05-01 11:42:44  INFO      src.validation: Prevalence check PASSED for all three phenotypes
2026-05-01 11:42:46  WARNING   src.preprocessing: No SC/ST column found. Searched: ['V131', 'S116', 'SH46', 'V130']. Fairness audit for Scheduled Tribe subgroup will be unavailable. Consider requesting the Household Members Recode (PR) file from DHS.
2026-05-01 11:44:48  WARNING   src.preprocessing: No SC/ST column found. Searched: ['V131', 'S116', 'SH46', 'V130']. Fairness audit for Scheduled Tribe subgroup will be unavailable. Consider requesting the Household Members Recode (PR) file from DHS.
2026-05-01 12:10:07  INFO      src.data_loader: Loaded: 232,920 rows x 14 columns
2026-05-01 12:10:08  INFO      src.data_loader: Missing code replacement: 19,068 Z-score values → NaN
2026-05-01 12:10:08  INFO      src.data_loader: Z-scores scaled. Final shape: (232920, 14)
2026-05-01 12:10:08  INFO      src.data_loader: Labels created. Rows: 211,639 (dropped 21,274). Stunted: 34.5% | Underweight: 30.7% | Wasted: 17.7%
2026-05-01 12:10:27  INFO      src.data_loader: Labels created. Rows: 5 (dropped 0). Stunted: 40.0% | Underweight: 40.0% | Wasted: 20.0%
2026-05-01 12:10:27  INFO      src.data_loader: Labels created. Rows: 5 (dropped 0). Stunted: 40.0% | Underweight: 40.0% | Wasted: 20.0%
2026-05-01 12:10:27  INFO      src.data_loader: Labels created. Rows: 5 (dropped 0). Stunted: 40.0% | Underweight: 40.0% | Wasted: 20.0%
2026-05-01 12:10:27  INFO      src.data_loader: Labels created. Rows: 5 (dropped 0). Stunted: 40.0% | Underweight: 40.0% | Wasted: 20.0%
2026-05-01 12:10:27  INFO      src.data_loader: Labels created. Rows: 2 (dropped 1). Stunted: 50.0% | Underweight: 50.0% | Wasted: 50.0%
2026-05-01 12:10:27  INFO      src.data_loader: Labels created. Rows: 1 (dropped 0). Stunted: 0.0% | Underweight: 100.0% | Wasted: 0.0%
2026-05-01 12:10:27  INFO      src.data_loader: Labels created. Rows: 1 (dropped 0). Stunted: 100.0% | Underweight: 100.0% | Wasted: 100.0%
2026-05-01 12:17:29  INFO      src.data_loader: Labels created. Rows: 5 (dropped 0). Stunted: 40.0% | Underweight: 40.0% | Wasted: 20.0%
2026-05-01 12:17:29  INFO      src.data_loader: Labels created. Rows: 5 (dropped 0). Stunted: 40.0% | Underweight: 40.0% | Wasted: 20.0%
2026-05-01 12:17:29  INFO      src.data_loader: Labels created. Rows: 5 (dropped 0). Stunted: 40.0% | Underweight: 40.0% | Wasted: 20.0%
2026-05-01 12:17:29  INFO      src.data_loader: Labels created. Rows: 5 (dropped 0). Stunted: 40.0% | Underweight: 40.0% | Wasted: 20.0%
2026-05-01 12:17:29  INFO      src.data_loader: Labels created. Rows: 2 (dropped 1). Stunted: 50.0% | Underweight: 50.0% | Wasted: 50.0%
2026-05-01 12:17:29  INFO      src.data_loader: Labels created. Rows: 1 (dropped 0). Stunted: 0.0% | Underweight: 100.0% | Wasted: 0.0%
2026-05-01 12:17:29  INFO      src.data_loader: Labels created. Rows: 1 (dropped 0). Stunted: 100.0% | Underweight: 100.0% | Wasted: 100.0%
2026-05-01 12:24:36  INFO      src.data_loader: Labels created. Rows: 5 (dropped 0). Stunted: 40.0% | Underweight: 40.0% | Wasted: 20.0%
2026-05-01 12:24:36  INFO      src.data_loader: Labels created. Rows: 5 (dropped 0). Stunted: 40.0% | Underweight: 40.0% | Wasted: 20.0%
2026-05-01 12:24:36  INFO      src.data_loader: Labels created. Rows: 5 (dropped 0). Stunted: 40.0% | Underweight: 40.0% | Wasted: 20.0%
2026-05-01 12:24:36  INFO      src.data_loader: Labels created. Rows: 5 (dropped 0). Stunted: 40.0% | Underweight: 40.0% | Wasted: 20.0%
2026-05-01 12:24:36  INFO      src.data_loader: Labels created. Rows: 2 (dropped 1). Stunted: 50.0% | Underweight: 50.0% | Wasted: 50.0%
2026-05-01 12:24:36  INFO      src.data_loader: Labels created. Rows: 1 (dropped 0). Stunted: 0.0% | Underweight: 100.0% | Wasted: 0.0%
2026-05-01 12:24:36  INFO      src.data_loader: Labels created. Rows: 1 (dropped 0). Stunted: 100.0% | Underweight: 100.0% | Wasted: 100.0%
2026-05-01 12:26:10  INFO      __main__: Environment validated
2026-05-01 12:26:16  INFO      src.data_loader: Loaded: 232,920 rows x 14 columns
2026-05-01 12:26:17  INFO      src.data_loader: Missing code replacement: 19,068 Z-score values → NaN
2026-05-01 12:26:17  INFO      src.data_loader: Z-scores scaled. Final shape: (232920, 14)
2026-05-01 12:26:17  INFO      src.labels: WHO thresholds applied: stunted=-2.0, underweight=-2.0, wasted=-2.0
2026-05-01 12:26:17  INFO      src.preprocessing: Starting full preprocessing pipeline...
2026-05-01 12:26:17  INFO      src.preprocessing: Input: 232,920 rows x 17 columns
2026-05-01 12:26:17  INFO      src.preprocessing: Duplicates removed: 3,872. Rows remaining: 229,048
2026-05-01 12:26:17  WARNING   src.preprocessing: No SC/ST column found. Searched: ['V131', 'S116', 'SH46', 'V130']. Fairness audit for Scheduled Tribe subgroup will be unavailable. Consider requesting the Household Members Recode (PR) file from DHS.
2026-05-01 12:26:17  INFO      src.preprocessing: Categorical encoding applied to: []
2026-05-01 12:26:18  INFO      src.preprocessing: Median imputation applied to 11 numeric columns
2026-05-01 12:26:18  INFO      src.preprocessing: Not imputed (protected): ['HAZ', 'WAZ', 'WHZ', 'stunted', 'underweight', 'wasted']
2026-05-01 12:26:18  WARNING   src.preprocessing: M19 (birth weight) column not found — skipping outlier cap
2026-05-01 12:26:18  WARNING   src.preprocessing: No SDI components found — skipping index construction
2026-05-01 12:26:18  INFO      src.preprocessing: Duplicates removed: 692. Rows remaining: 228,356
2026-05-01 12:26:18  INFO      src.preprocessing: Pipeline complete. Output: 228,356 rows x 17 columns
2026-05-01 12:26:18  INFO      src.labels: Label validation: PASSED
2026-05-01 12:26:18  INFO      src.labels: ─── Label Audit ───
2026-05-01 12:26:18  INFO      src.labels:   stunted: 35.5% prevalence
2026-05-01 12:26:18  INFO      src.labels:   underweight: 30.9% prevalence
2026-05-01 12:26:18  INFO      src.labels:   wasted: 18.6% prevalence
2026-05-01 12:26:18  INFO      src.labels:   stunted: scale_pos_weight = 1.7864
2026-05-01 12:26:18  INFO      src.labels:   underweight: scale_pos_weight = 2.4099
2026-05-01 12:26:18  INFO      src.labels:   wasted: scale_pos_weight = 4.3937
2026-05-01 12:26:20  WARNING   src.preprocessing: Dropped 29,560 rows with missing target labels before train/test split.
2026-05-01 12:26:20  INFO      src.preprocessing: Train/test split: 159,036 train | 39,760 test (20% test, stratified on stunted)
2026-05-01 12:27:55  INFO      __main__: Loading nfhs5_cleaned.csv...
2026-05-01 12:27:55  INFO      src.validation: Row count check PASSED: 228,356
2026-05-01 12:27:55  INFO      src.validation: Missing code check PASSED
2026-05-01 12:27:55  INFO      src.validation: Z-score scale check PASSED
2026-05-01 12:27:55  INFO      src.validation: Label binary check PASSED
2026-05-01 12:27:55  INFO      src.validation: Duplicate check PASSED: 0 duplicates
2026-05-01 12:27:55  INFO      src.validation: stunted: 35.5%  (threshold 30%–42%)
2026-05-01 12:27:55  INFO      src.validation: underweight: 30.9%  (threshold 30%–35%)
2026-05-01 12:27:55  INFO      src.validation: wasted: 18.6%  (threshold 17%–22%)
2026-05-01 12:27:55  INFO      src.validation: Prevalence check PASSED for all three phenotypes
2026-05-01 12:27:55  INFO      src.validation: validate_all_soft PASSED
2026-05-01 12:27:56  INFO      __main__: Saved: reports/tables/validation_summary.csv
2026-05-01 12:28:26  INFO      src.data_loader: Loaded: 232,920 rows x 14 columns
2026-05-01 12:28:27  INFO      src.data_loader: Missing code replacement: 19,068 Z-score values → NaN
2026-05-01 12:28:27  INFO      src.data_loader: Z-scores scaled. Final shape: (232920, 14)
2026-05-01 12:28:27  INFO      src.data_loader: Labels created. Rows: 211,639 (dropped 21,274). Stunted: 34.5% | Underweight: 30.7% | Wasted: 17.7%
2026-05-01 12:30:14  INFO      01_data_loading: Loaded: 228,356 rows x 17 columns
2026-05-01 12:30:21  INFO      src.validation: stunted: 35.5%  (threshold 30%–42%)
2026-05-01 12:30:21  INFO      src.validation: underweight: 30.9%  (threshold 30%–35%)
2026-05-01 12:30:21  INFO      src.validation: wasted: 18.6%  (threshold 17%–22%)
2026-05-01 12:30:21  INFO      src.validation: Prevalence check PASSED for all three phenotypes
2026-05-01 12:30:22  WARNING   src.preprocessing: No SC/ST column found. Searched: ['V131', 'S116', 'SH46', 'V130']. Fairness audit for Scheduled Tribe subgroup will be unavailable. Consider requesting the Household Members Recode (PR) file from DHS.
2026-05-02 04:46:08  INFO      01_data_loading: Loaded: 228,356 rows x 17 columns
2026-05-02 04:46:14  INFO      src.validation: stunted: 35.5%  (threshold 30%–42%)
2026-05-02 04:46:14  INFO      src.validation: underweight: 30.9%  (threshold 30%–35%)
2026-05-02 04:46:14  INFO      src.validation: wasted: 18.6%  (threshold 17%–22%)
2026-05-02 04:46:14  INFO      src.validation: Prevalence check PASSED for all three phenotypes
2026-05-02 04:46:17  WARNING   src.preprocessing: No SC/ST column found. Searched: ['V131', 'S116', 'SH46', 'V130']. Fairness audit for Scheduled Tribe subgroup will be unavailable. Consider requesting the Household Members Recode (PR) file from DHS.
2026-05-11 15:58:20  INFO      src.validation: Running validate_all: Synthetic valid test
2026-05-11 15:58:20  INFO      src.validation: Row count check PASSED: 191,000
2026-05-11 15:58:20  INFO      src.validation: Missing code check PASSED
2026-05-11 15:58:20  INFO      src.validation: Z-score scale check PASSED
2026-05-11 15:58:20  INFO      src.validation: Label binary check PASSED
2026-05-11 15:58:20  INFO      src.validation: Duplicate check PASSED: 0 duplicates
2026-05-11 15:58:20  INFO      src.validation: stunted: 34.9%  (threshold 30%–42%)
2026-05-11 15:58:20  INFO      src.validation: underweight: 32.0%  (threshold 30%–35%)
2026-05-11 15:58:20  INFO      src.validation: wasted: 19.0%  (threshold 17%–22%)
2026-05-11 15:58:20  INFO      src.validation: Prevalence check PASSED for all three phenotypes
2026-05-11 15:58:20  INFO      src.validation: validate_all PASSED
2026-05-11 15:58:20  INFO      src.validation: stunted: 10.0%  (threshold 30%–42%)
2026-05-11 15:58:20  INFO      src.validation: stunted: 34.9%  (threshold 30%–42%)
2026-05-11 15:58:20  INFO      src.validation: underweight: 45.0%  (threshold 30%–35%)
2026-05-11 15:58:20  INFO      src.validation: stunted: 34.9%  (threshold 30%–42%)
2026-05-11 15:58:20  INFO      src.validation: underweight: 32.0%  (threshold 30%–35%)
2026-05-11 15:58:20  INFO      src.validation: wasted: 5.0%  (threshold 17%–22%)
2026-05-11 15:58:20  INFO      src.validation: Row count check PASSED: 191,000
2026-05-11 15:58:20  INFO      src.validation: Missing code check PASSED
2026-05-11 15:58:20  INFO      src.validation: Z-score scale check PASSED
2026-05-11 15:58:20  INFO      src.validation: Label binary check PASSED
2026-05-11 15:58:20  INFO      src.validation: Duplicate check PASSED: 0 duplicates
2026-05-11 15:58:20  INFO      src.validation: stunted: 0.0%  (threshold 30%–42%)
2026-05-11 15:58:20  INFO      src.validation: underweight: 32.0%  (threshold 30%–35%)
2026-05-11 15:58:20  INFO      src.validation: wasted: 0.0%  (threshold 17%–22%)
2026-05-11 15:58:20  WARNING   src.validation: Prevalence check FAILED for 2 phenotypes
2026-05-11 15:58:20  WARNING   src.validation: validate_all_soft: 2 failures
2026-05-11 15:58:20  INFO      src.validation: stunted: 10.0%  (threshold 30%–42%)
2026-05-11 15:59:20  INFO      __main__: Loading nfhs5_cleaned.csv...
2026-05-11 15:59:21  INFO      src.validation: Row count check PASSED: 228,356
2026-05-11 15:59:22  INFO      src.validation: Missing code check PASSED
2026-05-11 15:59:22  INFO      src.validation: Z-score scale check PASSED
2026-05-11 15:59:22  INFO      src.validation: Label binary check PASSED
2026-05-11 15:59:22  INFO      src.validation: Duplicate check PASSED: 0 duplicates
2026-05-11 15:59:22  INFO      src.validation: stunted: 35.5%  (threshold 30%–42%)
2026-05-11 15:59:22  INFO      src.validation: underweight: 30.9%  (threshold 30%–35%)
2026-05-11 15:59:22  INFO      src.validation: wasted: 18.6%  (threshold 17%–22%)
2026-05-11 15:59:22  INFO      src.validation: Prevalence check PASSED for all three phenotypes
2026-05-11 15:59:22  INFO      src.validation: validate_all_soft PASSED
2026-05-11 15:59:23  INFO      __main__: Saved: reports/tables/validation_summary.csv
2026-05-11 15:59:52  INFO      src.validation: Row count check PASSED: 190,100
2026-05-11 15:59:52  INFO      src.validation: Missing code check PASSED
2026-05-11 15:59:52  INFO      src.validation: Z-score scale check PASSED
2026-05-11 15:59:52  INFO      src.validation: Label binary check PASSED
2026-05-11 15:59:52  INFO      src.validation: Duplicate check PASSED: 0 duplicates
2026-05-11 15:59:52  INFO      src.validation: stunted: 5.0%  (threshold 30%–42%)
2026-05-11 15:59:52  INFO      src.validation: underweight: 31.9%  (threshold 30%–35%)
2026-05-11 15:59:52  INFO      src.validation: wasted: 19.1%  (threshold 17%–22%)
2026-05-11 15:59:52  WARNING   src.validation: Prevalence check FAILED for 1 phenotypes
2026-05-11 15:59:52  WARNING   src.validation: validate_all_soft: 1 failures
2026-05-11 16:12:19  INFO      src.data_loader: Loaded: 232,920 rows x 14 columns
2026-05-11 16:12:20  INFO      src.data_loader: Missing code replacement: 19,068 Z-score values → NaN
2026-05-11 16:12:20  INFO      src.data_loader: Z-scores scaled. Final shape: (232920, 14)
2026-05-11 16:12:21  INFO      src.data_loader: Labels created. Rows: 211,639 (dropped 21,274). Stunted: 34.5% | Underweight: 30.7% | Wasted: 17.7%
2026-05-11 16:12:25  INFO      src.data_loader: Labels created. Rows: 5 (dropped 0). Stunted: 40.0% | Underweight: 40.0% | Wasted: 20.0%
2026-05-11 16:12:25  INFO      src.data_loader: Labels created. Rows: 5 (dropped 0). Stunted: 40.0% | Underweight: 40.0% | Wasted: 20.0%
2026-05-11 16:12:25  INFO      src.data_loader: Labels created. Rows: 5 (dropped 0). Stunted: 40.0% | Underweight: 40.0% | Wasted: 20.0%
2026-05-11 16:12:25  INFO      src.data_loader: Labels created. Rows: 5 (dropped 0). Stunted: 40.0% | Underweight: 40.0% | Wasted: 20.0%
2026-05-11 16:12:25  INFO      src.data_loader: Labels created. Rows: 2 (dropped 1). Stunted: 50.0% | Underweight: 50.0% | Wasted: 50.0%
2026-05-11 16:12:25  INFO      src.data_loader: Labels created. Rows: 1 (dropped 0). Stunted: 0.0% | Underweight: 100.0% | Wasted: 0.0%
2026-05-11 16:12:25  INFO      src.data_loader: Labels created. Rows: 1 (dropped 0). Stunted: 100.0% | Underweight: 100.0% | Wasted: 100.0%
2026-05-11 16:19:38  INFO      src.data_loader: Labels created. Rows: 5 (dropped 0). Stunted: 40.0% | Underweight: 40.0% | Wasted: 20.0%
2026-05-11 16:19:38  INFO      src.data_loader: Labels created. Rows: 5 (dropped 0). Stunted: 40.0% | Underweight: 40.0% | Wasted: 20.0%
2026-05-11 16:19:38  INFO      src.data_loader: Labels created. Rows: 5 (dropped 0). Stunted: 40.0% | Underweight: 40.0% | Wasted: 20.0%
2026-05-11 16:19:38  INFO      src.data_loader: Labels created. Rows: 5 (dropped 0). Stunted: 40.0% | Underweight: 40.0% | Wasted: 20.0%
2026-05-11 16:19:38  INFO      src.data_loader: Labels created. Rows: 2 (dropped 1). Stunted: 50.0% | Underweight: 50.0% | Wasted: 50.0%
2026-05-11 16:19:38  INFO      src.data_loader: Labels created. Rows: 1 (dropped 0). Stunted: 0.0% | Underweight: 100.0% | Wasted: 0.0%
2026-05-11 16:20:01  INFO      __main__: Environment validated
2026-05-11 16:20:06  INFO      src.data_loader: Loaded: 232,920 rows x 14 columns
2026-05-11 16:20:07  INFO      src.data_loader: Missing code replacement: 19,068 Z-score values → NaN
2026-05-11 16:20:07  INFO      src.data_loader: Z-scores scaled. Final shape: (232920, 14)
2026-05-11 16:20:07  INFO      src.labels: WHO thresholds applied: stunted=-2.0, underweight=-2.0, wasted=-2.0
2026-05-11 16:20:07  INFO      src.preprocessing: Starting full preprocessing pipeline...
2026-05-11 16:20:07  INFO      src.preprocessing: Input: 232,920 rows x 17 columns
2026-05-11 16:20:07  INFO      src.preprocessing: Duplicates removed: 3,872. Rows remaining: 229,048
2026-05-11 16:20:07  WARNING   src.preprocessing: No SC/ST column found. Searched: ['V131', 'S116', 'SH46', 'V130']. Fairness audit for Scheduled Tribe subgroup will be unavailable. Consider requesting the Household Members Recode (PR) file from DHS.
2026-05-11 16:20:07  INFO      src.preprocessing: Categorical encoding applied to: []
2026-05-11 16:20:07  INFO      src.preprocessing: Median imputation applied to 11 numeric columns
2026-05-11 16:20:07  INFO      src.preprocessing: Not imputed (protected): ['HAZ', 'WAZ', 'WHZ', 'stunted', 'underweight', 'wasted']
2026-05-11 16:20:07  WARNING   src.preprocessing: M19 (birth weight) column not found — skipping outlier cap
2026-05-11 16:20:07  WARNING   src.preprocessing: No SDI components found — skipping index construction
2026-05-11 16:20:07  INFO      src.preprocessing: Duplicates removed: 692. Rows remaining: 228,356
2026-05-11 16:20:07  INFO      src.preprocessing: Pipeline complete. Output: 228,356 rows x 17 columns
2026-05-11 16:20:07  INFO      src.labels: Label validation: PASSED
2026-05-11 16:20:07  INFO      src.labels: ─── Label Audit ───
2026-05-11 16:20:07  INFO      src.labels:   stunted: 35.5% prevalence
2026-05-11 16:20:07  INFO      src.labels:   underweight: 30.9% prevalence
2026-05-11 16:20:07  INFO      src.labels:   wasted: 18.6% prevalence
2026-05-11 16:20:07  INFO      src.labels:   stunted: scale_pos_weight = 1.7864
2026-05-11 16:20:07  INFO      src.labels:   underweight: scale_pos_weight = 2.4099
2026-05-11 16:20:07  INFO      src.labels:   wasted: scale_pos_weight = 4.3937
2026-05-11 16:20:09  WARNING   src.preprocessing: Dropped 29,560 rows with missing target labels before train/test split.
2026-05-11 16:20:09  INFO      src.preprocessing: Train/test split: 159,036 train | 39,760 test (20% test, stratified on stunted)
2026-05-11 16:20:26  INFO      __main__: Loading nfhs5_cleaned.csv...
2026-05-11 16:20:26  INFO      src.validation: Row count check PASSED: 228,356
2026-05-11 16:20:27  INFO      src.validation: Missing code check PASSED
2026-05-11 16:20:27  INFO      src.validation: Z-score scale check PASSED
2026-05-11 16:20:27  INFO      src.validation: Label binary check PASSED
2026-05-11 16:20:27  INFO      src.validation: Duplicate check PASSED: 0 duplicates
2026-05-11 16:20:27  INFO      src.validation: stunted: 35.5%  (threshold 30%–42%)
2026-05-11 16:20:27  INFO      src.validation: underweight: 30.9%  (threshold 30%–35%)
2026-05-11 16:20:27  INFO      src.validation: wasted: 18.6%  (threshold 17%–22%)
2026-05-11 16:20:27  INFO      src.validation: Prevalence check PASSED for all three phenotypes
2026-05-11 16:20:27  INFO      src.validation: validate_all_soft PASSED
2026-05-11 16:20:27  INFO      __main__: Saved: reports/tables/validation_summary.csv
2026-05-11 16:20:43  INFO      src.data_loader: Loaded: 232,920 rows x 14 columns
2026-05-11 16:20:44  INFO      src.data_loader: Missing code replacement: 19,068 Z-score values → NaN
2026-05-11 16:20:44  INFO      src.data_loader: Z-scores scaled. Final shape: (232920, 14)
2026-05-11 16:20:44  INFO      src.data_loader: Labels created. Rows: 211,639 (dropped 21,274). Stunted: 34.5% | Underweight: 30.7% | Wasted: 17.7%
2026-05-11 16:25:05  INFO      src.data_loader: Loaded: 232,920 rows x 14 columns
2026-05-11 16:25:06  INFO      src.data_loader: Missing code replacement: 19,068 Z-score values → NaN
2026-05-11 16:25:06  INFO      src.data_loader: Z-scores scaled. Final shape: (232920, 14)
2026-05-11 16:25:06  INFO      src.data_loader: Labels created. Rows: 211,639 (dropped 21,274). Stunted: 34.5% | Underweight: 30.7% | Wasted: 17.7%
2026-05-11 16:25:08  INFO      src.data_loader: Labels created. Rows: 5 (dropped 0). Stunted: 40.0% | Underweight: 40.0% | Wasted: 20.0%
2026-05-11 16:25:08  INFO      src.data_loader: Labels created. Rows: 5 (dropped 0). Stunted: 40.0% | Underweight: 40.0% | Wasted: 20.0%
2026-05-11 16:25:08  INFO      src.data_loader: Labels created. Rows: 5 (dropped 0). Stunted: 40.0% | Underweight: 40.0% | Wasted: 20.0%
2026-05-11 16:25:08  INFO      src.data_loader: Labels created. Rows: 5 (dropped 0). Stunted: 40.0% | Underweight: 40.0% | Wasted: 20.0%
2026-05-11 16:25:08  INFO      src.data_loader: Labels created. Rows: 2 (dropped 1). Stunted: 50.0% | Underweight: 50.0% | Wasted: 50.0%
2026-05-11 16:25:08  INFO      src.data_loader: Labels created. Rows: 1 (dropped 0). Stunted: 0.0% | Underweight: 100.0% | Wasted: 0.0%
2026-05-11 16:25:10  INFO      __main__: Environment validated
2026-05-11 16:25:14  INFO      src.data_loader: Loaded: 232,920 rows x 14 columns
2026-05-11 16:25:15  INFO      src.data_loader: Missing code replacement: 19,068 Z-score values → NaN
2026-05-11 16:25:15  INFO      src.data_loader: Z-scores scaled. Final shape: (232920, 14)
2026-05-11 16:25:15  INFO      src.labels: WHO thresholds applied: stunted=-2.0, underweight=-2.0, wasted=-2.0
2026-05-11 16:25:15  INFO      src.preprocessing: Starting full preprocessing pipeline...
2026-05-11 16:25:15  INFO      src.preprocessing: Input: 232,920 rows x 17 columns
2026-05-11 16:25:15  INFO      src.preprocessing: Duplicates removed: 3,872. Rows remaining: 229,048
2026-05-11 16:25:15  WARNING   src.preprocessing: No SC/ST column found. Searched: ['V131', 'S116', 'SH46', 'V130']. Fairness audit for Scheduled Tribe subgroup will be unavailable. Consider requesting the Household Members Recode (PR) file from DHS.
2026-05-11 16:25:15  INFO      src.preprocessing: Categorical encoding applied to: []
2026-05-11 16:25:16  INFO      src.preprocessing: Median imputation applied to 11 numeric columns
2026-05-11 16:25:16  INFO      src.preprocessing: Not imputed (protected): ['HAZ', 'WAZ', 'WHZ', 'stunted', 'underweight', 'wasted']
2026-05-11 16:25:16  WARNING   src.preprocessing: M19 (birth weight) column not found — skipping outlier cap
2026-05-11 16:25:16  WARNING   src.preprocessing: No SDI components found — skipping index construction
2026-05-11 16:25:16  INFO      src.preprocessing: Duplicates removed: 692. Rows remaining: 228,356
2026-05-11 16:25:16  INFO      src.preprocessing: Pipeline complete. Output: 228,356 rows x 17 columns
2026-05-11 16:25:16  INFO      src.labels: Label validation: PASSED
2026-05-11 16:25:16  INFO      src.labels: ─── Label Audit ───
2026-05-11 16:25:16  INFO      src.labels:   stunted: 35.5% prevalence
2026-05-11 16:25:16  INFO      src.labels:   underweight: 30.9% prevalence
2026-05-11 16:25:16  INFO      src.labels:   wasted: 18.6% prevalence
2026-05-11 16:25:16  INFO      src.labels:   stunted: scale_pos_weight = 1.7864
2026-05-11 16:25:16  INFO      src.labels:   underweight: scale_pos_weight = 2.4099
2026-05-11 16:25:16  INFO      src.labels:   wasted: scale_pos_weight = 4.3937
2026-05-11 16:25:18  WARNING   src.preprocessing: Dropped 29,560 rows with missing target labels before train/test split.
2026-05-11 16:25:18  INFO      src.preprocessing: Train/test split: 159,036 train | 39,760 test (20% test, stratified on stunted)
2026-05-11 16:25:20  INFO      __main__: Loading nfhs5_cleaned.csv...
2026-05-11 16:25:20  INFO      src.validation: Row count check PASSED: 228,356
2026-05-11 16:25:21  INFO      src.validation: Missing code check PASSED
2026-05-11 16:25:21  INFO      src.validation: Z-score scale check PASSED
2026-05-11 16:25:21  INFO      src.validation: Label binary check PASSED
2026-05-11 16:25:21  INFO      src.validation: Duplicate check PASSED: 0 duplicates
2026-05-11 16:25:21  INFO      src.validation: stunted: 35.5%  (threshold 30%–42%)
2026-05-11 16:25:21  INFO      src.validation: underweight: 30.9%  (threshold 30%–35%)
2026-05-11 16:25:21  INFO      src.validation: wasted: 18.6%  (threshold 17%–22%)
2026-05-11 16:25:21  INFO      src.validation: Prevalence check PASSED for all three phenotypes
2026-05-11 16:25:21  INFO      src.validation: validate_all_soft PASSED
2026-05-11 16:25:21  INFO      __main__: Saved: reports/tables/validation_summary.csv
2026-05-11 16:25:26  INFO      src.data_loader: Loaded: 232,920 rows x 14 columns
2026-05-11 16:25:27  INFO      src.data_loader: Missing code replacement: 19,068 Z-score values → NaN
2026-05-11 16:25:27  INFO      src.data_loader: Z-scores scaled. Final shape: (232920, 14)
2026-05-11 16:25:27  INFO      src.data_loader: Labels created. Rows: 211,639 (dropped 21,274). Stunted: 34.5% | Underweight: 30.7% | Wasted: 17.7%
2026-05-11 16:25:37  INFO      01_data_loading: Loaded: 228,356 rows x 17 columns
2026-05-11 16:25:43  INFO      src.validation: stunted: 35.5%  (threshold 30%–42%)
2026-05-11 16:25:43  INFO      src.validation: underweight: 30.9%  (threshold 30%–35%)
2026-05-11 16:25:43  INFO      src.validation: wasted: 18.6%  (threshold 17%–22%)
2026-05-11 16:25:43  INFO      src.validation: Prevalence check PASSED for all three phenotypes
2026-05-11 16:25:43  WARNING   src.preprocessing: No SC/ST column found. Searched: ['V131', 'S116', 'SH46', 'V130']. Fairness audit for Scheduled Tribe subgroup will be unavailable. Consider requesting the Household Members Recode (PR) file from DHS.
2026-05-11 16:26:18  INFO      src.data_loader: Loaded: 232,920 rows x 14 columns
2026-05-11 16:26:19  INFO      src.data_loader: Missing code replacement: 19,068 Z-score values → NaN
2026-05-11 16:26:19  INFO      src.data_loader: Z-scores scaled. Final shape: (232920, 14)
2026-05-11 16:26:19  INFO      src.data_loader: Labels created. Rows: 211,639 (dropped 21,274). Stunted: 34.5% | Underweight: 30.7% | Wasted: 17.7%
2026-05-11 16:26:21  INFO      src.data_loader: Labels created. Rows: 5 (dropped 0). Stunted: 40.0% | Underweight: 40.0% | Wasted: 20.0%
2026-05-11 16:26:21  INFO      src.data_loader: Labels created. Rows: 5 (dropped 0). Stunted: 40.0% | Underweight: 40.0% | Wasted: 20.0%
2026-05-11 16:26:21  INFO      src.data_loader: Labels created. Rows: 5 (dropped 0). Stunted: 40.0% | Underweight: 40.0% | Wasted: 20.0%
2026-05-11 16:26:21  INFO      src.data_loader: Labels created. Rows: 5 (dropped 0). Stunted: 40.0% | Underweight: 40.0% | Wasted: 20.0%
2026-05-11 16:26:21  INFO      src.data_loader: Labels created. Rows: 2 (dropped 1). Stunted: 50.0% | Underweight: 50.0% | Wasted: 50.0%
2026-05-11 16:26:21  INFO      src.data_loader: Labels created. Rows: 1 (dropped 0). Stunted: 0.0% | Underweight: 100.0% | Wasted: 0.0%
2026-05-11 16:26:23  INFO      __main__: Environment validated
2026-05-11 16:26:27  INFO      src.data_loader: Loaded: 232,920 rows x 14 columns
2026-05-11 16:26:28  INFO      src.data_loader: Missing code replacement: 19,068 Z-score values → NaN
2026-05-11 16:26:28  INFO      src.data_loader: Z-scores scaled. Final shape: (232920, 14)
2026-05-11 16:26:28  INFO      src.labels: WHO thresholds applied: stunted=-2.0, underweight=-2.0, wasted=-2.0
2026-05-11 16:26:28  INFO      src.preprocessing: Starting full preprocessing pipeline...
2026-05-11 16:26:28  INFO      src.preprocessing: Input: 232,920 rows x 17 columns
2026-05-11 16:26:28  INFO      src.preprocessing: Duplicates removed: 3,872. Rows remaining: 229,048
2026-05-11 16:26:28  WARNING   src.preprocessing: No SC/ST column found. Searched: ['V131', 'S116', 'SH46', 'V130']. Fairness audit for Scheduled Tribe subgroup will be unavailable. Consider requesting the Household Members Recode (PR) file from DHS.
2026-05-11 16:26:28  INFO      src.preprocessing: Categorical encoding applied to: []
2026-05-11 16:26:28  INFO      src.preprocessing: Median imputation applied to 11 numeric columns
2026-05-11 16:26:28  INFO      src.preprocessing: Not imputed (protected): ['HAZ', 'WAZ', 'WHZ', 'stunted', 'underweight', 'wasted']
2026-05-11 16:26:28  WARNING   src.preprocessing: M19 (birth weight) column not found — skipping outlier cap
2026-05-11 16:26:28  WARNING   src.preprocessing: No SDI components found — skipping index construction
2026-05-11 16:26:28  INFO      src.preprocessing: Duplicates removed: 692. Rows remaining: 228,356
2026-05-11 16:26:28  INFO      src.preprocessing: Pipeline complete. Output: 228,356 rows x 17 columns
2026-05-11 16:26:28  INFO      src.labels: Label validation: PASSED
2026-05-11 16:26:28  INFO      src.labels: ─── Label Audit ───
2026-05-11 16:26:28  INFO      src.labels:   stunted: 35.5% prevalence
2026-05-11 16:26:28  INFO      src.labels:   underweight: 30.9% prevalence
2026-05-11 16:26:28  INFO      src.labels:   wasted: 18.6% prevalence
2026-05-11 16:26:28  INFO      src.labels:   stunted: scale_pos_weight = 1.7864
2026-05-11 16:26:28  INFO      src.labels:   underweight: scale_pos_weight = 2.4099
2026-05-11 16:26:29  INFO      src.labels:   wasted: scale_pos_weight = 4.3937
2026-05-11 16:26:31  WARNING   src.preprocessing: Dropped 29,560 rows with missing target labels before train/test split.
2026-05-11 16:26:31  INFO      src.preprocessing: Train/test split: 159,036 train | 39,760 test (20% test, stratified on stunted)
2026-05-11 16:26:33  INFO      __main__: Loading nfhs5_cleaned.csv...
2026-05-11 16:26:33  INFO      src.validation: Row count check PASSED: 228,356
2026-05-11 16:26:34  INFO      src.validation: Missing code check PASSED
2026-05-11 16:26:34  INFO      src.validation: Z-score scale check PASSED
2026-05-11 16:26:34  INFO      src.validation: Label binary check PASSED
2026-05-11 16:26:34  INFO      src.validation: Duplicate check PASSED: 0 duplicates
2026-05-11 16:26:34  INFO      src.validation: stunted: 35.5%  (threshold 30%–42%)
2026-05-11 16:26:34  INFO      src.validation: underweight: 30.9%  (threshold 30%–35%)
2026-05-11 16:26:34  INFO      src.validation: wasted: 18.6%  (threshold 17%–22%)
2026-05-11 16:26:34  INFO      src.validation: Prevalence check PASSED for all three phenotypes
2026-05-11 16:26:34  INFO      src.validation: validate_all_soft PASSED
2026-05-11 16:26:34  INFO      __main__: Saved: reports/tables/validation_summary.csv
2026-05-11 16:26:38  INFO      src.data_loader: Loaded: 232,920 rows x 14 columns
2026-05-11 16:26:39  INFO      src.data_loader: Missing code replacement: 19,068 Z-score values → NaN
2026-05-11 16:26:39  INFO      src.data_loader: Z-scores scaled. Final shape: (232920, 14)
2026-05-11 16:26:39  INFO      src.data_loader: Labels created. Rows: 211,639 (dropped 21,274). Stunted: 34.5% | Underweight: 30.7% | Wasted: 17.7%
2026-05-11 16:26:47  INFO      01_data_loading: Loaded: 228,356 rows x 17 columns
2026-05-11 16:26:52  INFO      src.validation: stunted: 35.5%  (threshold 30%–42%)
2026-05-11 16:26:52  INFO      src.validation: underweight: 30.9%  (threshold 30%–35%)
2026-05-11 16:26:52  INFO      src.validation: wasted: 18.6%  (threshold 17%–22%)
2026-05-11 16:26:52  INFO      src.validation: Prevalence check PASSED for all three phenotypes
2026-05-11 16:26:53  WARNING   src.preprocessing: No SC/ST column found. Searched: ['V131', 'S116', 'SH46', 'V130']. Fairness audit for Scheduled Tribe subgroup will be unavailable. Consider requesting the Household Members Recode (PR) file from DHS.
2026-05-11 16:34:31  INFO      src.model: Class weights loaded: {'stunted': 1.8195, 'underweight': 2.2367, 'wasted': 4.3705}
2026-05-11 16:36:45  INFO      src.evaluation: stunted: recall=0.000 f1=0.000 roc_auc=0.510
2026-05-11 16:47:00  INFO      src.evaluation: stunted: recall=0.000 f1=0.000 roc_auc=0.510
2026-05-11 16:47:00  INFO      src.evaluation: Benchmark saved: /workspaces/malnutrisense/reports/tables/test_benchmark.csv
2026-05-11 16:48:24  INFO      src.evaluation: stunted: recall=0.400 f1=0.429 roc_auc=0.531
2026-05-11 16:48:24  INFO      src.evaluation: stunted: recall=0.400 f1=0.429 roc_auc=0.531
2026-05-11 16:48:24  INFO      src.evaluation: stunted: recall=0.333 f1=0.348 roc_auc=0.506
2026-05-11 16:48:24  INFO      src.evaluation: underweight: recall=0.357 f1=0.333 roc_auc=0.448
2026-05-11 16:48:24  INFO      src.evaluation: wasted: recall=0.375 f1=0.353 roc_auc=0.715
2026-05-11 16:48:24  INFO      src.evaluation: Macro avg: recall=0.355
2026-05-11 16:48:24  INFO      src.evaluation: stunted: recall=0.333 f1=0.348 roc_auc=0.506
2026-05-11 16:48:24  INFO      src.evaluation: underweight: recall=0.357 f1=0.333 roc_auc=0.448
2026-05-11 16:48:24  INFO      src.evaluation: wasted: recall=0.375 f1=0.353 roc_auc=0.715
2026-05-11 16:48:24  INFO      src.evaluation: Macro avg: recall=0.355
2026-05-11 16:48:25  INFO      src.evaluation: stunted: recall=0.400 f1=0.429 roc_auc=0.531
2026-05-11 16:48:25  INFO      src.evaluation: stunted: recall=0.333 f1=0.348 roc_auc=0.506
2026-05-11 16:48:25  INFO      src.evaluation: underweight: recall=0.357 f1=0.333 roc_auc=0.448
2026-05-11 16:48:25  INFO      src.evaluation: wasted: recall=0.375 f1=0.353 roc_auc=0.715
2026-05-11 16:48:25  INFO      src.evaluation: Macro avg: recall=0.355
2026-05-11 16:48:25  INFO      src.model: Model saved: /tmp/pytest-of-codespace/pytest-0/test_save_and_load_roundtrip0/test_model.pkl  (0.0 MB)
2026-05-11 16:48:25  INFO      src.model: Model loaded: /tmp/pytest-of-codespace/pytest-0/test_save_and_load_roundtrip0/test_model.pkl
2026-05-11 16:48:29  INFO      src.data_loader: Labels created. Rows: 5 (dropped 0). Stunted: 40.0% | Underweight: 40.0% | Wasted: 20.0%
2026-05-11 16:48:29  INFO      src.data_loader: Labels created. Rows: 5 (dropped 0). Stunted: 40.0% | Underweight: 40.0% | Wasted: 20.0%
2026-05-11 16:48:29  INFO      src.data_loader: Labels created. Rows: 5 (dropped 0). Stunted: 40.0% | Underweight: 40.0% | Wasted: 20.0%
2026-05-11 16:48:29  INFO      src.data_loader: Labels created. Rows: 5 (dropped 0). Stunted: 40.0% | Underweight: 40.0% | Wasted: 20.0%
2026-05-11 16:48:29  INFO      src.data_loader: Labels created. Rows: 2 (dropped 1). Stunted: 50.0% | Underweight: 50.0% | Wasted: 50.0%
2026-05-11 16:48:29  INFO      src.data_loader: Labels created. Rows: 1 (dropped 0). Stunted: 0.0% | Underweight: 100.0% | Wasted: 0.0%
2026-05-11 16:48:34  INFO      src.evaluation: stunted: recall=0.400 f1=0.429 roc_auc=0.531
2026-05-11 16:48:34  INFO      src.evaluation: stunted: recall=0.400 f1=0.429 roc_auc=0.531
2026-05-11 16:48:34  INFO      src.evaluation: stunted: recall=0.333 f1=0.348 roc_auc=0.506
2026-05-11 16:48:34  INFO      src.evaluation: underweight: recall=0.357 f1=0.333 roc_auc=0.448
2026-05-11 16:48:34  INFO      src.evaluation: wasted: recall=0.375 f1=0.353 roc_auc=0.715
2026-05-11 16:48:34  INFO      src.evaluation: Macro avg: recall=0.355
2026-05-11 16:48:34  INFO      src.evaluation: stunted: recall=0.333 f1=0.348 roc_auc=0.506
2026-05-11 16:48:34  INFO      src.evaluation: underweight: recall=0.357 f1=0.333 roc_auc=0.448
2026-05-11 16:48:34  INFO      src.evaluation: wasted: recall=0.375 f1=0.353 roc_auc=0.715
2026-05-11 16:48:34  INFO      src.evaluation: Macro avg: recall=0.355
2026-05-11 16:48:35  INFO      src.evaluation: stunted: recall=0.400 f1=0.429 roc_auc=0.531
2026-05-11 16:48:35  INFO      src.evaluation: stunted: recall=0.333 f1=0.348 roc_auc=0.506
2026-05-11 16:48:35  INFO      src.evaluation: underweight: recall=0.357 f1=0.333 roc_auc=0.448
2026-05-11 16:48:35  INFO      src.evaluation: wasted: recall=0.375 f1=0.353 roc_auc=0.715
2026-05-11 16:48:35  INFO      src.evaluation: Macro avg: recall=0.355
2026-05-11 16:48:35  INFO      src.model: Model saved: /tmp/pytest-of-codespace/pytest-1/test_save_and_load_roundtrip0/test_model.pkl  (0.0 MB)
2026-05-11 16:48:35  INFO      src.model: Model loaded: /tmp/pytest-of-codespace/pytest-1/test_save_and_load_roundtrip0/test_model.pkl
2026-05-11 16:52:32  INFO      __main__: Loading train/test splits...
2026-05-11 16:52:32  INFO      __main__: Train: 159,036 rows  |  Test: 39,760 rows
2026-05-11 16:52:32  INFO      src.model: Class weights loaded: {'stunted': 1.8195, 'underweight': 2.2367, 'wasted': 4.3705}
2026-05-11 16:52:33  INFO      src.evaluation: stunted: recall=0.845 f1=0.791 roc_auc=0.922
2026-05-11 16:52:33  INFO      src.evaluation: MLflow: logged run for logistic_stunted
2026-05-11 16:52:34  INFO      src.evaluation: underweight: recall=0.924 f1=0.849 roc_auc=0.962
2026-05-11 16:52:34  INFO      src.evaluation: MLflow: logged run for logistic_underweight
2026-05-11 16:52:36  INFO      src.evaluation: wasted: recall=0.975 f1=0.899 roc_auc=0.995
2026-05-11 16:52:36  INFO      src.evaluation: MLflow: logged run for logistic_wasted
2026-05-11 16:52:59  INFO      src.evaluation: stunted: recall=0.961 f1=0.908 roc_auc=0.987
2026-05-11 16:52:59  INFO      src.evaluation: MLflow: logged run for random_forest_stunted
2026-05-11 16:53:22  INFO      src.evaluation: underweight: recall=0.959 f1=0.867 roc_auc=0.986
2026-05-11 16:53:22  INFO      src.evaluation: MLflow: logged run for random_forest_underweight
2026-05-11 16:53:44  INFO      src.evaluation: wasted: recall=0.987 f1=0.837 roc_auc=0.994
2026-05-11 16:53:44  INFO      src.evaluation: MLflow: logged run for random_forest_wasted
2026-05-11 16:53:47  INFO      src.evaluation: stunted: recall=0.982 f1=0.970 roc_auc=0.999
2026-05-11 16:53:47  INFO      src.evaluation: MLflow: logged run for xgb_single_stunted
2026-05-11 16:53:50  INFO      src.evaluation: underweight: recall=0.988 f1=0.969 roc_auc=0.999
2026-05-11 16:53:50  INFO      src.evaluation: MLflow: logged run for xgb_single_underweight
2026-05-11 16:53:53  INFO      src.evaluation: wasted: recall=0.997 f1=0.958 roc_auc=0.999
2026-05-11 16:53:53  INFO      src.evaluation: MLflow: logged run for xgb_single_wasted
2026-05-11 16:53:53  INFO      src.evaluation: Benchmark saved: /workspaces/malnutrisense/reports/tables/baseline_benchmark.csv
2026-05-11 16:55:56  INFO      __main__: Train: 159,036 rows  |  Test: 39,760 rows
2026-05-11 16:55:56  INFO      src.model: Class weights loaded: {'stunted': 1.8195, 'underweight': 2.2367, 'wasted': 4.3705}
2026-05-11 16:55:56  INFO      __main__: Class weights: {'stunted': 1.8195, 'underweight': 2.2367, 'wasted': 4.3705}
2026-05-11 16:56:11  INFO      src.evaluation: stunted: recall=0.992 f1=0.965 roc_auc=0.998
2026-05-11 16:56:11  INFO      src.evaluation: underweight: recall=0.992 f1=0.964 roc_auc=0.999
2026-05-11 16:56:11  INFO      src.evaluation: wasted: recall=0.991 f1=0.963 roc_auc=0.999
2026-05-11 16:56:11  INFO      src.evaluation: Macro avg: recall=0.992
2026-05-11 16:56:11  INFO      src.model: Model saved: /workspaces/malnutrisense/models/mltp_xgb_v1.pkl  (5.1 MB)
2026-05-11 16:56:12  INFO      src.evaluation: MLflow: logged run for mltp_xgb
2026-05-11 16:56:44  INFO      src.evaluation: stunted: recall=0.987 f1=0.968 roc_auc=0.999
2026-05-11 16:56:44  INFO      src.evaluation: underweight: recall=0.986 f1=0.969 roc_auc=0.999
2026-05-11 16:56:44  INFO      src.evaluation: wasted: recall=0.989 f1=0.973 roc_auc=1.000
2026-05-11 16:56:44  INFO      src.evaluation: Macro avg: recall=0.987
2026-05-11 16:56:44  INFO      src.model: Model saved: /workspaces/malnutrisense/models/mltp_lgbm_v1.pkl  (8.3 MB)
2026-05-11 16:56:44  INFO      src.evaluation: Benchmark saved: /workspaces/malnutrisense/reports/tables/full_benchmark.csv
2026-05-12 16:20:04  INFO      src.model: Class weights loaded: {'stunted': 1.8195, 'underweight': 2.2367, 'wasted': 4.3705}
2026-05-12 16:20:38  INFO      src.evaluation: stunted: recall=0.845 f1=0.791 roc_auc=0.922
2026-05-12 16:20:39  INFO      src.evaluation: underweight: recall=0.924 f1=0.849 roc_auc=0.962
2026-05-12 16:20:39  INFO      src.evaluation: wasted: recall=0.975 f1=0.899 roc_auc=0.995
2026-05-12 16:21:05  INFO      src.evaluation: stunted: recall=0.961 f1=0.908 roc_auc=0.987
2026-05-12 16:21:27  INFO      src.evaluation: underweight: recall=0.959 f1=0.867 roc_auc=0.986
2026-05-12 16:21:49  INFO      src.evaluation: wasted: recall=0.987 f1=0.837 roc_auc=0.994
2026-05-12 16:21:52  INFO      src.evaluation: stunted: recall=0.982 f1=0.970 roc_auc=0.999
2026-05-12 16:21:57  INFO      src.evaluation: underweight: recall=0.988 f1=0.969 roc_auc=0.999
2026-05-12 16:22:03  INFO      src.evaluation: wasted: recall=0.997 f1=0.958 roc_auc=0.999
2026-05-12 16:22:27  INFO      src.evaluation: stunted: recall=0.992 f1=0.965 roc_auc=0.998
2026-05-12 16:22:27  INFO      src.evaluation: underweight: recall=0.992 f1=0.964 roc_auc=0.999
2026-05-12 16:22:27  INFO      src.evaluation: wasted: recall=0.991 f1=0.963 roc_auc=0.999
2026-05-12 16:22:27  INFO      src.evaluation: Macro avg: recall=0.992
2026-05-12 16:23:07  INFO      src.evaluation: stunted: recall=0.987 f1=0.968 roc_auc=0.999
2026-05-12 16:23:07  INFO      src.evaluation: underweight: recall=0.986 f1=0.969 roc_auc=0.999
2026-05-12 16:23:07  INFO      src.evaluation: wasted: recall=0.989 f1=0.973 roc_auc=1.000
2026-05-12 16:23:07  INFO      src.evaluation: Macro avg: recall=0.987
2026-05-12 16:23:07  INFO      src.model: Model saved: /workspaces/malnutrisense/models/mltp_xgb_v1.pkl  (5.1 MB)
2026-05-12 16:23:44  INFO      src.evaluation: Benchmark saved: /workspaces/malnutrisense/reports/tables/full_benchmark.csv
2026-05-12 16:41:34  INFO      src.model: Model loaded: /workspaces/malnutrisense/models/mltp_xgb_v1.pkl
2026-05-12 16:44:30  WARNING   src.preprocessing: No SC/ST column found. Searched: ['V131', 'S116', 'SH46', 'V130']. Fairness audit for Scheduled Tribe subgroup will be unavailable. Consider requesting the Household Members Recode (PR) file from DHS.
2026-05-12 16:45:16  INFO      src.explainability: SHAPExplainer initialised for 3 labels
2026-05-12 17:10:06  INFO      src.explainability: SHAP values computed: 39760 rows, 11 features
2026-05-17 12:57:18  INFO      src.model: Model loaded: /workspaces/malnutrisense/models/mltp_xgb_v1.pkl
2026-05-17 12:57:23  WARNING   src.preprocessing: No SC/ST column found. Searched: ['V131', 'S116', 'SH46', 'V130']. Fairness audit for Scheduled Tribe subgroup will be unavailable. Consider requesting the Household Members Recode (PR) file from DHS.
2026-05-17 12:57:26  INFO      src.explainability: SHAPExplainer initialised for 3 labels
2026-05-17 13:21:59  INFO      src.explainability: SHAP values computed: 39760 rows, 11 features
2026-05-17 13:37:04  INFO      src.explainability: SHAP values computed: 2000 rows, 11 features
2026-05-17 13:41:40  INFO      src.model: Model loaded: /workspaces/malnutrisense/models/mltp_xgb_v1.pkl
2026-05-17 13:41:41  WARNING   src.preprocessing: No SC/ST column found. Searched: ['V131', 'S116', 'SH46', 'V130']. Fairness audit for Scheduled Tribe subgroup will be unavailable. Consider requesting the Household Members Recode (PR) file from DHS.
2026-05-17 13:41:41  INFO      src.explainability: SHAPExplainer initialised for 3 labels
2026-05-17 13:41:42  INFO      src.explainability: Summary plot saved: /workspaces/malnutrisense/reports/figures/shap/summary_stunted.png
2026-05-17 13:41:42  INFO      src.explainability: Summary plot saved: /workspaces/malnutrisense/reports/figures/shap/summary_underweight.png
2026-05-17 13:41:43  INFO      src.explainability: Summary plot saved: /workspaces/malnutrisense/reports/figures/shap/summary_wasted.png
2026-05-17 13:57:48  INFO      src.model: Model loaded: /workspaces/malnutrisense/models/mltp_xgb_v1.pkl
2026-05-17 13:57:49  INFO      src.explainability: SHAPExplainer initialised for 3 labels
2026-05-17 14:23:28  INFO      src.explainability: SHAP values computed: 39760 rows, 11 features
2026-05-17 14:57:54  INFO      src.model: Model loaded: /workspaces/malnutrisense/models/mltp_xgb_v1.pkl
2026-05-17 14:57:55  INFO      src.explainability: SHAPExplainer initialised for 3 labels
2026-05-17 14:57:57  INFO      src.explainability: Summary plot saved: /workspaces/malnutrisense/reports/figures/shap/summary_stunted.png
2026-05-17 14:57:58  INFO      src.explainability: Summary plot saved: /workspaces/malnutrisense/reports/figures/shap/summary_underweight.png
2026-05-17 14:57:58  INFO      src.explainability: Summary plot saved: /workspaces/malnutrisense/reports/figures/shap/summary_wasted.png
2026-05-17 14:58:04  INFO      src.explainability: Waterfall plot saved: /workspaces/malnutrisense/reports/figures/shap/waterfall_stunted_row12704.png
2026-05-17 14:58:05  INFO      src.explainability: Waterfall plot saved: /workspaces/malnutrisense/reports/figures/shap/waterfall_stunted_row360.png
2026-05-17 14:58:06  INFO      src.explainability: Waterfall plot saved: /workspaces/malnutrisense/reports/figures/shap/waterfall_stunted_row12848.png
2026-05-17 14:58:31  INFO      src.explainability: Top 3 features for stunted: ['num__hw3', 'num__hw1', 'num__b4']
2026-05-17 14:58:32  INFO      src.explainability: Dependence plot saved: /workspaces/malnutrisense/reports/figures/shap/dependence_stunted_num__hw3.png
2026-05-17 14:58:34  INFO      src.explainability: Dependence plot saved: /workspaces/malnutrisense/reports/figures/shap/dependence_stunted_num__hw1.png
2026-05-17 14:58:35  INFO      src.explainability: Dependence plot saved: /workspaces/malnutrisense/reports/figures/shap/dependence_stunted_num__b4.png
2026-05-17 15:13:44  INFO      src.fairness: FairnessAuditor initialised: 39,760 test rows
2026-05-17 15:13:47  WARNING   src.fairness: HV270 not in df_meta — skipping
2026-05-17 15:13:47  WARNING   src.fairness: B4 not in df_meta — skipping
2026-05-17 15:13:47  INFO      src.fairness: stunted/aspirational_dist: FNR overall=0.008
2026-05-17 15:13:47  WARNING   src.fairness: HV270 not in df_meta — skipping
2026-05-17 15:13:47  WARNING   src.fairness: B4 not in df_meta — skipping
2026-05-17 15:13:47  INFO      src.fairness: underweight/aspirational_dist: FNR overall=0.008
2026-05-17 15:13:47  WARNING   src.fairness: HV270 not in df_meta — skipping
2026-05-17 15:13:47  WARNING   src.fairness: B4 not in df_meta — skipping
2026-05-17 15:13:47  INFO      src.fairness: wasted/aspirational_dist: FNR overall=0.009
2026-05-17 15:13:47  INFO      src.fairness: Equity report: 3 rows
2026-05-17 15:13:47  INFO      src.fairness: Equity report saved: /workspaces/malnutrisense/reports/tables/equity_audit.csv
2026-05-17 15:14:07  WARNING   src.fairness: HV270 not found — cannot apply correction
2026-05-17 15:14:07  WARNING   src.fairness: HV270 not found — cannot apply correction
2026-05-17 15:14:07  WARNING   src.fairness: HV270 not found — cannot apply correction
2026-05-17 15:15:19  WARNING   src.fairness: HV270 not found — cannot apply correction
2026-05-17 15:15:19  WARNING   src.fairness: HV270 not found — cannot apply correction
2026-05-17 15:15:19  WARNING   src.fairness: HV270 not found — cannot apply correction
2026-05-17 15:33:05  WARNING   src.preprocessing: No SC/ST column found. Searched: ['V131', 'S116', 'SH46', 'V130']. Fairness audit for Scheduled Tribe subgroup will be unavailable. Consider requesting the Household Members Recode (PR) file from DHS.
2026-05-17 15:33:23  WARNING   src.fairness: HV270 not found — cannot apply correction
2026-05-17 15:33:23  WARNING   src.fairness: HV270 not found — cannot apply correction
2026-05-17 15:33:23  WARNING   src.fairness: HV270 not found — cannot apply correction
2026-05-17 15:33:38  INFO      src.fairness: FairnessAuditor initialised: 39,760 test rows
2026-05-17 15:33:42  INFO      src.fairness: stunted/wealth_quintile: FNR overall=0.008
2026-05-17 15:33:42  WARNING   src.fairness: B4 not in df_meta — skipping
2026-05-17 15:33:42  INFO      src.fairness: stunted/aspirational_dist: FNR overall=0.008
2026-05-17 15:33:43  INFO      src.fairness: underweight/wealth_quintile: FNR overall=0.008
2026-05-17 15:33:43  WARNING   src.fairness: B4 not in df_meta — skipping
2026-05-17 15:33:43  INFO      src.fairness: underweight/aspirational_dist: FNR overall=0.008
2026-05-17 15:33:43  INFO      src.fairness: wasted/wealth_quintile: FNR overall=0.009
2026-05-17 15:33:43  WARNING   src.fairness: B4 not in df_meta — skipping
2026-05-17 15:33:43  INFO      src.fairness: wasted/aspirational_dist: FNR overall=0.009
2026-05-17 15:33:43  INFO      src.fairness: Equity report: 18 rows
2026-05-17 15:33:43  INFO      src.fairness: Equity report saved: /workspaces/malnutrisense/reports/tables/equity_audit.csv
2026-05-17 15:48:43  INFO      src.model: Model loaded: /workspaces/malnutrisense/models/mltp_xgb_v1.pkl
2026-05-17 15:48:43  INFO      src.explainability: SHAPExplainer initialised for 3 labels
2026-05-17 15:49:07  INFO      src.fairness: FairnessAuditor initialised: 39,760 test rows
2026-05-17 15:49:11  WARNING   src.fairness: HV270 not found — cannot apply correction
2026-05-17 15:49:11  WARNING   src.fairness: HV270 not found — cannot apply correction
2026-05-17 15:49:11  WARNING   src.fairness: HV270 not found — cannot apply correction
2026-05-17 15:53:26  INFO      src.model: Model loaded: /workspaces/malnutrisense/models/mltp_xgb_v1.pkl
2026-05-17 15:53:26  INFO      src.explainability: SHAPExplainer initialised for 3 labels
2026-05-17 15:53:46  INFO      src.explainability: SHAP values computed: 500 rows, 11 features
2026-05-17 15:53:46  INFO      src.explainability: Top 8 features for stunted: ['num__hw3', 'num__hw1', 'num__b4', 'num__hw2', 'num__m19', 'num__v106', 'num__v024', 'num__m4']
2026-08-01 15:50:34  INFO      src.data_loader: Labels created. Rows: 5 (dropped 0). Stunted: 40.0% | Underweight: 40.0% | Wasted: 20.0%
2026-08-01 15:50:34  INFO      src.data_loader: Labels created. Rows: 5 (dropped 0). Stunted: 40.0% | Underweight: 40.0% | Wasted: 20.0%
2026-08-01 15:50:34  INFO      src.data_loader: Labels created. Rows: 5 (dropped 0). Stunted: 40.0% | Underweight: 40.0% | Wasted: 20.0%
2026-08-01 15:50:34  INFO      src.data_loader: Labels created. Rows: 5 (dropped 0). Stunted: 40.0% | Underweight: 40.0% | Wasted: 20.0%
2026-08-01 15:50:34  INFO      src.data_loader: Labels created. Rows: 2 (dropped 1). Stunted: 50.0% | Underweight: 50.0% | Wasted: 50.0%
2026-08-01 15:50:34  INFO      src.data_loader: Labels created. Rows: 1 (dropped 0). Stunted: 0.0% | Underweight: 100.0% | Wasted: 0.0%
2026-08-01 15:50:38  INFO      src.evaluation: stunted: recall=0.400 f1=0.429 roc_auc=0.531
2026-08-01 15:50:38  INFO      src.evaluation: stunted: recall=0.400 f1=0.429 roc_auc=0.531
2026-08-01 15:50:39  INFO      src.evaluation: stunted: recall=0.333 f1=0.348 roc_auc=0.506
2026-08-01 15:50:39  INFO      src.evaluation: underweight: recall=0.357 f1=0.333 roc_auc=0.448
2026-08-01 15:50:39  INFO      src.evaluation: wasted: recall=0.375 f1=0.353 roc_auc=0.715
2026-08-01 15:50:39  INFO      src.evaluation: Macro avg: recall=0.355
2026-08-01 15:50:39  INFO      src.evaluation: stunted: recall=0.333 f1=0.348 roc_auc=0.506
2026-08-01 15:50:39  INFO      src.evaluation: underweight: recall=0.357 f1=0.333 roc_auc=0.448
2026-08-01 15:50:39  INFO      src.evaluation: wasted: recall=0.375 f1=0.353 roc_auc=0.715
2026-08-01 15:50:39  INFO      src.evaluation: Macro avg: recall=0.355
2026-08-01 15:50:39  INFO      src.evaluation: stunted: recall=0.400 f1=0.429 roc_auc=0.531
2026-08-01 15:50:39  INFO      src.evaluation: stunted: recall=0.333 f1=0.348 roc_auc=0.506
2026-08-01 15:50:39  INFO      src.evaluation: underweight: recall=0.357 f1=0.333 roc_auc=0.448
2026-08-01 15:50:39  INFO      src.evaluation: wasted: recall=0.375 f1=0.353 roc_auc=0.715
2026-08-01 15:50:39  INFO      src.evaluation: Macro avg: recall=0.355
2026-08-01 15:50:39  INFO      src.model: Model saved: /tmp/pytest-of-codespace/pytest-0/test_save_and_load_roundtrip0/test_model.pkl  (0.0 MB)
2026-08-01 15:50:39  INFO      src.model: Model loaded: /tmp/pytest-of-codespace/pytest-0/test_save_and_load_roundtrip0/test_model.pkl
2026-08-01 15:51:19  INFO      __main__: Loading train/test splits...
2026-08-01 15:51:22  INFO      __main__: Train: 159,036 rows  |  Test: 39,760 rows
2026-08-01 15:51:22  INFO      src.model: Class weights loaded: {'stunted': 1.8195, 'underweight': 2.2367, 'wasted': 4.3705}
2026-08-01 15:51:22  INFO      src.evaluation: stunted: recall=0.845 f1=0.791 roc_auc=0.922
2026-08-01 15:51:23  INFO      src.evaluation: MLflow: logged run for logistic_stunted
2026-08-01 15:51:24  INFO      src.evaluation: underweight: recall=0.924 f1=0.849 roc_auc=0.962
2026-08-01 15:51:24  INFO      src.evaluation: MLflow: logged run for logistic_underweight
2026-08-01 15:51:25  INFO      src.evaluation: wasted: recall=0.975 f1=0.899 roc_auc=0.995
2026-08-01 15:51:25  INFO      src.evaluation: MLflow: logged run for logistic_wasted
2026-08-01 15:51:46  INFO      src.evaluation: stunted: recall=0.961 f1=0.908 roc_auc=0.987
2026-08-01 15:51:46  INFO      src.evaluation: MLflow: logged run for random_forest_stunted
2026-08-01 15:52:07  INFO      src.evaluation: underweight: recall=0.959 f1=0.867 roc_auc=0.986
2026-08-01 15:52:07  INFO      src.evaluation: MLflow: logged run for random_forest_underweight
2026-08-01 15:52:28  INFO      src.evaluation: wasted: recall=0.987 f1=0.837 roc_auc=0.994
2026-08-01 15:52:28  INFO      src.evaluation: MLflow: logged run for random_forest_wasted
2026-08-01 15:52:32  INFO      src.evaluation: stunted: recall=0.982 f1=0.970 roc_auc=0.999
2026-08-01 15:52:32  INFO      src.evaluation: MLflow: logged run for xgb_single_stunted
2026-08-01 15:52:34  INFO      src.evaluation: underweight: recall=0.988 f1=0.969 roc_auc=0.999
2026-08-01 15:52:34  INFO      src.evaluation: MLflow: logged run for xgb_single_underweight
2026-08-01 15:52:38  INFO      src.evaluation: wasted: recall=0.997 f1=0.958 roc_auc=0.999
2026-08-01 15:52:38  INFO      src.evaluation: MLflow: logged run for xgb_single_wasted
2026-08-01 15:52:38  INFO      src.evaluation: Benchmark saved: /workspaces/malnutrisense/reports/tables/baseline_benchmark.csv
2026-08-01 15:52:48  INFO      __main__: Train: 159,036 rows  |  Test: 39,760 rows
2026-08-01 15:52:48  INFO      src.model: Class weights loaded: {'stunted': 1.8195, 'underweight': 2.2367, 'wasted': 4.3705}
2026-08-01 15:52:48  INFO      __main__: Class weights: {'stunted': 1.8195, 'underweight': 2.2367, 'wasted': 4.3705}
2026-08-01 15:53:03  INFO      src.evaluation: stunted: recall=0.992 f1=0.965 roc_auc=0.998
2026-08-01 15:53:03  INFO      src.evaluation: underweight: recall=0.992 f1=0.964 roc_auc=0.999
2026-08-01 15:53:03  INFO      src.evaluation: wasted: recall=0.991 f1=0.963 roc_auc=0.999
2026-08-01 15:53:03  INFO      src.evaluation: Macro avg: recall=0.992
2026-08-01 15:53:03  INFO      src.model: Model saved: /workspaces/malnutrisense/models/mltp_xgb_v1.pkl  (5.1 MB)
2026-08-01 15:53:04  INFO      src.evaluation: MLflow: logged run for mltp_xgb
2026-08-01 15:53:41  INFO      src.evaluation: stunted: recall=0.987 f1=0.968 roc_auc=0.999
2026-08-01 15:53:41  INFO      src.evaluation: underweight: recall=0.986 f1=0.969 roc_auc=0.999
2026-08-01 15:53:41  INFO      src.evaluation: wasted: recall=0.989 f1=0.973 roc_auc=1.000
2026-08-01 15:53:41  INFO      src.evaluation: Macro avg: recall=0.987
2026-08-01 15:53:41  INFO      src.model: Model saved: /workspaces/malnutrisense/models/mltp_lgbm_v1.pkl  (8.3 MB)
2026-08-01 15:53:41  INFO      src.evaluation: Benchmark saved: /workspaces/malnutrisense/reports/tables/full_benchmark.csv
2026-08-01 15:55:20  INFO      src.model: Model loaded: /workspaces/malnutrisense/models/mltp_xgb_v1.pkl
2026-08-01 15:57:05  WARNING   src.preprocessing: No SC/ST column found. Searched: ['V131', 'S116', 'SH46', 'V130']. Fairness audit for Scheduled Tribe subgroup will be unavailable. Consider requesting the Household Members Recode (PR) file from DHS.
2026-08-01 15:57:06  INFO      src.explainability: SHAPExplainer initialised for 3 labels
2026-08-01 15:57:13  INFO      src.explainability: Summary plot saved: /workspaces/malnutrisense/reports/figures/shap/summary_stunted.png
2026-08-01 15:57:13  INFO      src.explainability: Summary plot saved: /workspaces/malnutrisense/reports/figures/shap/summary_underweight.png
2026-08-01 15:57:13  INFO      src.explainability: Summary plot saved: /workspaces/malnutrisense/reports/figures/shap/summary_wasted.png
2026-08-01 15:57:18  INFO      src.explainability: Waterfall plot saved: /workspaces/malnutrisense/reports/figures/shap/waterfall_stunted_row12704.png
2026-08-01 15:57:20  INFO      src.explainability: Waterfall plot saved: /workspaces/malnutrisense/reports/figures/shap/waterfall_stunted_row360.png
2026-08-01 15:57:21  INFO      src.explainability: Waterfall plot saved: /workspaces/malnutrisense/reports/figures/shap/waterfall_stunted_row12848.png
2026-08-01 15:57:21  INFO      src.explainability: Top 3 features for stunted: ['num__hw3', 'num__hw1', 'num__b4']
2026-08-01 15:57:23  INFO      src.explainability: Dependence plot saved: /workspaces/malnutrisense/reports/figures/shap/dependence_stunted_num__hw3.png
2026-08-01 15:57:24  INFO      src.explainability: Dependence plot saved: /workspaces/malnutrisense/reports/figures/shap/dependence_stunted_num__hw1.png
2026-08-01 15:57:26  INFO      src.explainability: Dependence plot saved: /workspaces/malnutrisense/reports/figures/shap/dependence_stunted_num__b4.png
2026-08-01 15:57:27  INFO      src.fairness: FairnessAuditor initialised: 39,760 test rows
2026-08-01 15:57:27  INFO      src.fairness: stunted/wealth_quintile: FNR overall=0.008
2026-08-01 15:57:27  WARNING   src.fairness: B4 not in df_meta — skipping
2026-08-01 15:57:28  INFO      src.fairness: stunted/aspirational_dist: FNR overall=0.008
2026-08-01 15:57:28  INFO      src.fairness: underweight/wealth_quintile: FNR overall=0.008
2026-08-01 15:57:28  WARNING   src.fairness: B4 not in df_meta — skipping
2026-08-01 15:57:29  INFO      src.fairness: underweight/aspirational_dist: FNR overall=0.008
2026-08-01 15:57:29  INFO      src.fairness: wasted/wealth_quintile: FNR overall=0.009
2026-08-01 15:57:29  WARNING   src.fairness: B4 not in df_meta — skipping
2026-08-01 15:57:30  INFO      src.fairness: wasted/aspirational_dist: FNR overall=0.009
2026-08-01 15:57:30  INFO      src.fairness: Equity report: 18 rows
2026-08-01 15:57:30  INFO      src.fairness: Equity report saved: /workspaces/malnutrisense/reports/tables/equity_audit.csv
2026-08-01 15:58:02  INFO      01_data_loading: Loaded: 228,356 rows x 17 columns
2026-08-01 15:58:07  INFO      src.validation: stunted: 35.5%  (threshold 30%–42%)
2026-08-01 15:58:07  INFO      src.validation: underweight: 30.9%  (threshold 30%–35%)
2026-08-01 15:58:07  INFO      src.validation: wasted: 18.6%  (threshold 17%–22%)
2026-08-01 15:58:07  INFO      src.validation: Prevalence check PASSED for all three phenotypes
2026-08-01 15:58:08  WARNING   src.preprocessing: No SC/ST column found. Searched: ['V131', 'S116', 'SH46', 'V130']. Fairness audit for Scheduled Tribe subgroup will be unavailable. Consider requesting the Household Members Recode (PR) file from DHS.
2026-08-01 15:58:24  INFO      01_data_loading: Loaded: 228,356 rows x 17 columns
2026-08-01 15:58:30  INFO      src.validation: stunted: 35.5%  (threshold 30%–42%)
2026-08-01 15:58:30  INFO      src.validation: underweight: 30.9%  (threshold 30%–35%)
2026-08-01 15:58:30  INFO      src.validation: wasted: 18.6%  (threshold 17%–22%)
2026-08-01 15:58:30  INFO      src.validation: Prevalence check PASSED for all three phenotypes
2026-08-01 15:58:31  WARNING   src.preprocessing: No SC/ST column found. Searched: ['V131', 'S116', 'SH46', 'V130']. Fairness audit for Scheduled Tribe subgroup will be unavailable. Consider requesting the Household Members Recode (PR) file from DHS.
2026-08-01 15:59:01  INFO      src.model: Model loaded: /workspaces/malnutrisense/models/mltp_xgb_v1.pkl
2026-08-01 15:59:02  INFO      src.explainability: SHAPExplainer initialised for 3 labels
2026-08-01 15:59:20  INFO      src.explainability: SHAP values computed: 500 rows, 11 features
2026-08-01 15:59:20  INFO      src.explainability: Top 8 features for stunted: ['num__hw3', 'num__hw1', 'num__b4', 'num__hw2', 'num__m19', 'num__v106', 'num__v024', 'num__m4']
2026-08-01 15:59:49  INFO      src.data_loader: Labels created. Rows: 5 (dropped 0). Stunted: 40.0% | Underweight: 40.0% | Wasted: 20.0%
2026-08-01 15:59:49  INFO      src.data_loader: Labels created. Rows: 5 (dropped 0). Stunted: 40.0% | Underweight: 40.0% | Wasted: 20.0%
2026-08-01 15:59:49  INFO      src.data_loader: Labels created. Rows: 5 (dropped 0). Stunted: 40.0% | Underweight: 40.0% | Wasted: 20.0%
2026-08-01 15:59:49  INFO      src.data_loader: Labels created. Rows: 5 (dropped 0). Stunted: 40.0% | Underweight: 40.0% | Wasted: 20.0%
2026-08-01 15:59:49  INFO      src.data_loader: Labels created. Rows: 2 (dropped 1). Stunted: 50.0% | Underweight: 50.0% | Wasted: 50.0%
2026-08-01 15:59:49  INFO      src.data_loader: Labels created. Rows: 1 (dropped 0). Stunted: 0.0% | Underweight: 100.0% | Wasted: 0.0%
2026-08-01 15:59:54  INFO      src.evaluation: stunted: recall=0.400 f1=0.429 roc_auc=0.531
2026-08-01 15:59:54  INFO      src.evaluation: stunted: recall=0.400 f1=0.429 roc_auc=0.531
2026-08-01 15:59:54  INFO      src.evaluation: stunted: recall=0.333 f1=0.348 roc_auc=0.506
2026-08-01 15:59:54  INFO      src.evaluation: underweight: recall=0.357 f1=0.333 roc_auc=0.448
2026-08-01 15:59:54  INFO      src.evaluation: wasted: recall=0.375 f1=0.353 roc_auc=0.715
2026-08-01 15:59:54  INFO      src.evaluation: Macro avg: recall=0.355
2026-08-01 15:59:54  INFO      src.evaluation: stunted: recall=0.333 f1=0.348 roc_auc=0.506
2026-08-01 15:59:54  INFO      src.evaluation: underweight: recall=0.357 f1=0.333 roc_auc=0.448
2026-08-01 15:59:54  INFO      src.evaluation: wasted: recall=0.375 f1=0.353 roc_auc=0.715
2026-08-01 15:59:54  INFO      src.evaluation: Macro avg: recall=0.355
2026-08-01 15:59:55  INFO      src.evaluation: stunted: recall=0.400 f1=0.429 roc_auc=0.531
2026-08-01 15:59:55  INFO      src.evaluation: stunted: recall=0.333 f1=0.348 roc_auc=0.506
2026-08-01 15:59:55  INFO      src.evaluation: underweight: recall=0.357 f1=0.333 roc_auc=0.448
2026-08-01 15:59:55  INFO      src.evaluation: wasted: recall=0.375 f1=0.353 roc_auc=0.715
2026-08-01 15:59:55  INFO      src.evaluation: Macro avg: recall=0.355
2026-08-01 15:59:55  INFO      src.model: Model saved: /tmp/pytest-of-codespace/pytest-1/test_save_and_load_roundtrip0/test_model.pkl  (0.0 MB)
2026-08-01 15:59:55  INFO      src.model: Model loaded: /tmp/pytest-of-codespace/pytest-1/test_save_and_load_roundtrip0/test_model.pkl
2026-08-01 16:10:11  INFO      __main__: Loading train/test splits...
2026-08-01 16:10:11  INFO      __main__: Train: 159,036 rows  |  Test: 39,760 rows
2026-08-01 16:10:11  INFO      src.model: Class weights loaded: {'stunted': 1.8195, 'underweight': 2.2367, 'wasted': 4.3705}
2026-08-01 16:10:12  INFO      src.evaluation: stunted: recall=0.845 f1=0.791 roc_auc=0.922
2026-08-01 16:10:12  INFO      src.evaluation: MLflow: logged run for logistic_stunted
2026-08-01 16:10:13  INFO      src.evaluation: underweight: recall=0.924 f1=0.849 roc_auc=0.962
2026-08-01 16:10:13  INFO      src.evaluation: MLflow: logged run for logistic_underweight
2026-08-01 16:10:14  INFO      src.evaluation: wasted: recall=0.975 f1=0.899 roc_auc=0.995
2026-08-01 16:10:14  INFO      src.evaluation: MLflow: logged run for logistic_wasted
2026-08-01 16:10:36  INFO      src.evaluation: stunted: recall=0.961 f1=0.908 roc_auc=0.987
2026-08-01 16:10:36  INFO      src.evaluation: MLflow: logged run for random_forest_stunted
2026-08-01 16:10:57  INFO      src.evaluation: underweight: recall=0.959 f1=0.867 roc_auc=0.986
2026-08-01 16:10:57  INFO      src.evaluation: MLflow: logged run for random_forest_underweight
2026-08-01 16:11:18  INFO      src.evaluation: wasted: recall=0.987 f1=0.837 roc_auc=0.994
2026-08-01 16:11:18  INFO      src.evaluation: MLflow: logged run for random_forest_wasted
2026-08-01 16:11:21  INFO      src.evaluation: stunted: recall=0.982 f1=0.970 roc_auc=0.999
2026-08-01 16:11:21  INFO      src.evaluation: MLflow: logged run for xgb_single_stunted
2026-08-01 16:11:24  INFO      src.evaluation: underweight: recall=0.988 f1=0.969 roc_auc=0.999
2026-08-01 16:11:24  INFO      src.evaluation: MLflow: logged run for xgb_single_underweight
2026-08-01 16:11:28  INFO      src.evaluation: wasted: recall=0.997 f1=0.958 roc_auc=0.999
2026-08-01 16:11:28  INFO      src.evaluation: MLflow: logged run for xgb_single_wasted
2026-08-01 16:11:28  INFO      src.evaluation: Benchmark saved: /workspaces/malnutrisense/reports/tables/baseline_benchmark.csv
2026-08-01 16:12:07  INFO      src.data_loader: Loaded: 232,920 rows x 14 columns
2026-08-01 16:12:08  INFO      src.data_loader: Missing code replacement: 19,068 Z-score values → NaN
2026-08-01 16:12:08  INFO      src.data_loader: Z-scores scaled. Final shape: (232920, 14)
2026-08-01 16:12:08  INFO      src.data_loader: Labels created. Rows: 211,639 (dropped 21,274). Stunted: 34.5% | Underweight: 30.7% | Wasted: 17.7%
2026-08-01 16:12:54  INFO      src.data_loader: Labels created. Rows: 5 (dropped 0). Stunted: 40.0% | Underweight: 40.0% | Wasted: 20.0%
2026-08-01 16:12:54  INFO      src.data_loader: Labels created. Rows: 5 (dropped 0). Stunted: 40.0% | Underweight: 40.0% | Wasted: 20.0%
2026-08-01 16:12:54  INFO      src.data_loader: Labels created. Rows: 5 (dropped 0). Stunted: 40.0% | Underweight: 40.0% | Wasted: 20.0%
2026-08-01 16:12:54  INFO      src.data_loader: Labels created. Rows: 5 (dropped 0). Stunted: 40.0% | Underweight: 40.0% | Wasted: 20.0%
2026-08-01 16:12:54  INFO      src.data_loader: Labels created. Rows: 2 (dropped 1). Stunted: 50.0% | Underweight: 50.0% | Wasted: 50.0%
2026-08-01 16:12:54  INFO      src.data_loader: Labels created. Rows: 1 (dropped 0). Stunted: 0.0% | Underweight: 100.0% | Wasted: 0.0%
2026-08-01 16:12:59  INFO      src.data_loader: Loaded: 232,920 rows x 14 columns
2026-08-01 16:13:00  INFO      src.data_loader: Missing code replacement: 19,068 Z-score values → NaN
2026-08-01 16:13:00  INFO      src.data_loader: Z-scores scaled. Final shape: (232920, 14)
2026-08-01 16:13:00  INFO      src.data_loader: Labels created. Rows: 211,639 (dropped 21,274). Stunted: 34.5% | Underweight: 30.7% | Wasted: 17.7%
2026-08-01 16:13:04  INFO      src.evaluation: stunted: recall=0.400 f1=0.429 roc_auc=0.531
2026-08-01 16:13:04  INFO      src.evaluation: stunted: recall=0.400 f1=0.429 roc_auc=0.531
2026-08-01 16:13:05  INFO      src.evaluation: stunted: recall=0.333 f1=0.348 roc_auc=0.506
2026-08-01 16:13:05  INFO      src.evaluation: underweight: recall=0.357 f1=0.333 roc_auc=0.448
2026-08-01 16:13:05  INFO      src.evaluation: wasted: recall=0.375 f1=0.353 roc_auc=0.715
2026-08-01 16:13:05  INFO      src.evaluation: Macro avg: recall=0.355
2026-08-01 16:13:05  INFO      src.evaluation: stunted: recall=0.333 f1=0.348 roc_auc=0.506
2026-08-01 16:13:05  INFO      src.evaluation: underweight: recall=0.357 f1=0.333 roc_auc=0.448
2026-08-01 16:13:05  INFO      src.evaluation: wasted: recall=0.375 f1=0.353 roc_auc=0.715
2026-08-01 16:13:05  INFO      src.evaluation: Macro avg: recall=0.355
2026-08-01 16:13:06  INFO      src.evaluation: stunted: recall=0.400 f1=0.429 roc_auc=0.531
2026-08-01 16:13:06  INFO      src.evaluation: stunted: recall=0.333 f1=0.348 roc_auc=0.506
2026-08-01 16:13:06  INFO      src.evaluation: underweight: recall=0.357 f1=0.333 roc_auc=0.448
2026-08-01 16:13:06  INFO      src.evaluation: wasted: recall=0.375 f1=0.353 roc_auc=0.715
2026-08-01 16:13:06  INFO      src.evaluation: Macro avg: recall=0.355
2026-08-01 16:13:06  INFO      src.model: Model saved: /tmp/pytest-of-codespace/pytest-2/test_save_and_load_roundtrip0/test_model.pkl  (0.0 MB)
2026-08-01 16:13:06  INFO      src.model: Model loaded: /tmp/pytest-of-codespace/pytest-2/test_save_and_load_roundtrip0/test_model.pkl
2026-08-01 16:13:33  INFO      __main__: Train: 159,036 rows  |  Test: 39,760 rows
2026-08-01 16:13:33  INFO      src.model: Class weights loaded: {'stunted': 1.8195, 'underweight': 2.2367, 'wasted': 4.3705}
2026-08-01 16:13:33  INFO      __main__: Class weights: {'stunted': 1.8195, 'underweight': 2.2367, 'wasted': 4.3705}
2026-08-01 16:13:50  INFO      src.evaluation: stunted: recall=0.992 f1=0.965 roc_auc=0.998
2026-08-01 16:13:50  INFO      src.evaluation: underweight: recall=0.992 f1=0.964 roc_auc=0.999
2026-08-01 16:13:50  INFO      src.evaluation: wasted: recall=0.991 f1=0.963 roc_auc=0.999
2026-08-01 16:13:50  INFO      src.evaluation: Macro avg: recall=0.992
2026-08-01 16:13:50  INFO      src.model: Model saved: /workspaces/malnutrisense/models/mltp_xgb_v1.pkl  (5.1 MB)
2026-08-01 16:13:50  INFO      src.evaluation: MLflow: logged run for mltp_xgb
2026-08-01 16:14:28  INFO      src.evaluation: stunted: recall=0.987 f1=0.968 roc_auc=0.999
2026-08-01 16:14:28  INFO      src.evaluation: underweight: recall=0.986 f1=0.969 roc_auc=0.999
2026-08-01 16:14:28  INFO      src.evaluation: wasted: recall=0.989 f1=0.973 roc_auc=1.000
2026-08-01 16:14:28  INFO      src.evaluation: Macro avg: recall=0.987
2026-08-01 16:14:29  INFO      src.model: Model saved: /workspaces/malnutrisense/models/mltp_lgbm_v1.pkl  (8.3 MB)
2026-08-01 16:14:29  INFO      src.evaluation: Benchmark saved: /workspaces/malnutrisense/reports/tables/full_benchmark.csv
2026-08-01 16:14:42  INFO      src.model: Model loaded: /workspaces/malnutrisense/models/mltp_xgb_v1.pkl
2026-08-01 16:14:43  INFO      src.explainability: SHAPExplainer initialised for 3 labels
2026-08-01 16:15:01  INFO      src.explainability: SHAP values computed: 500 rows, 11 features
2026-08-01 16:15:01  INFO      src.explainability: Top 8 features for stunted: ['num__hw3', 'num__hw1', 'num__b4', 'num__hw2', 'num__m19', 'num__v106', 'num__v024', 'num__m4']
2026-08-01 16:16:07  INFO      src.model: Model loaded: models/mltp_xgb_v1.pkl
2026-08-01 16:16:08  INFO      src.explainability: SHAPExplainer initialised for 3 labels
2026-08-01 16:16:26  INFO      src.explainability: SHAP values computed: 500 rows, 11 features
2026-08-01 16:18:32  INFO      src.model: Model loaded: models/mltp_xgb_v1.pkl
2026-08-01 16:18:33  INFO      src.explainability: SHAPExplainer initialised for 3 labels
2026-08-01 16:18:51  INFO      src.explainability: SHAP values computed: 500 rows, 11 features
2026-08-01 16:18:51  INFO      src.explainability: Top 8 features for stunted: ['num__hw3', 'num__hw1', 'num__b4', 'num__hw2', 'num__m19', 'num__v106', 'num__v024', 'num__m4']
2026-08-01 16:18:51  INFO      src.explainability: Top 8 features for underweight: ['num__hw2', 'num__hw1', 'num__b4', 'num__hw3', 'num__m19', 'num__v106', 'num__v024', 'num__m4']
2026-08-01 16:18:51  INFO      src.explainability: Top 8 features for wasted: ['num__hw2', 'num__hw3', 'num__b4', 'num__hw1', 'num__v024', 'num__m19', 'num__m4', 'num__v130']
2026-08-01 16:19:44  INFO      src.model: Model loaded: /workspaces/malnutrisense/models/mltp_xgb_v1.pkl
2026-08-01 16:19:45  INFO      src.explainability: SHAPExplainer initialised for 3 labels
2026-08-01 16:20:06  INFO      src.explainability: SHAP values computed: 500 rows, 11 features
2026-08-01 16:20:06  INFO      src.explainability: Top 8 features for stunted: ['num__hw3', 'num__hw1', 'num__b4', 'num__hw2', 'num__m19', 'num__v106', 'num__v024', 'num__m4']
2026-08-01 16:20:07  INFO      __main__: Loading nfhs5_cleaned.csv...
2026-08-01 16:20:07  INFO      src.validation: Row count check PASSED: 228,356
2026-08-01 16:20:08  INFO      src.validation: Missing code check PASSED
2026-08-01 16:20:08  INFO      src.validation: Z-score scale check PASSED
2026-08-01 16:20:08  INFO      src.validation: Label binary check PASSED
2026-08-01 16:20:08  INFO      src.validation: Duplicate check PASSED: 0 duplicates
2026-08-01 16:20:08  INFO      src.validation: stunted: 35.5%  (threshold 30%–42%)
2026-08-01 16:20:08  INFO      src.validation: underweight: 30.9%  (threshold 30%–35%)
2026-08-01 16:20:08  INFO      src.validation: wasted: 18.6%  (threshold 17%–22%)
2026-08-01 16:20:08  INFO      src.validation: Prevalence check PASSED for all three phenotypes
2026-08-01 16:20:08  INFO      src.validation: validate_all_soft PASSED
2026-08-01 16:20:08  INFO      __main__: Saved: reports/tables/validation_summary.csv
2026-08-01 16:21:16  INFO      src.data_loader: Labels created. Rows: 5 (dropped 0). Stunted: 40.0% | Underweight: 40.0% | Wasted: 20.0%
2026-08-01 16:21:16  INFO      src.data_loader: Labels created. Rows: 5 (dropped 0). Stunted: 40.0% | Underweight: 40.0% | Wasted: 20.0%
2026-08-01 16:21:16  INFO      src.data_loader: Labels created. Rows: 5 (dropped 0). Stunted: 40.0% | Underweight: 40.0% | Wasted: 20.0%
2026-08-01 16:21:16  INFO      src.data_loader: Labels created. Rows: 5 (dropped 0). Stunted: 40.0% | Underweight: 40.0% | Wasted: 20.0%
2026-08-01 16:21:16  INFO      src.data_loader: Labels created. Rows: 2 (dropped 1). Stunted: 50.0% | Underweight: 50.0% | Wasted: 50.0%
2026-08-01 16:21:16  INFO      src.data_loader: Labels created. Rows: 1 (dropped 0). Stunted: 0.0% | Underweight: 100.0% | Wasted: 0.0%
2026-08-01 16:21:20  INFO      src.evaluation: stunted: recall=0.400 f1=0.429 roc_auc=0.531
2026-08-01 16:21:20  INFO      src.evaluation: stunted: recall=0.400 f1=0.429 roc_auc=0.531
2026-08-01 16:21:20  INFO      src.evaluation: stunted: recall=0.333 f1=0.348 roc_auc=0.506
2026-08-01 16:21:20  INFO      src.evaluation: underweight: recall=0.357 f1=0.333 roc_auc=0.448
2026-08-01 16:21:20  INFO      src.evaluation: wasted: recall=0.375 f1=0.353 roc_auc=0.715
2026-08-01 16:21:20  INFO      src.evaluation: Macro avg: recall=0.355
2026-08-01 16:21:21  INFO      src.evaluation: stunted: recall=0.333 f1=0.348 roc_auc=0.506
2026-08-01 16:21:21  INFO      src.evaluation: underweight: recall=0.357 f1=0.333 roc_auc=0.448
2026-08-01 16:21:21  INFO      src.evaluation: wasted: recall=0.375 f1=0.353 roc_auc=0.715
2026-08-01 16:21:21  INFO      src.evaluation: Macro avg: recall=0.355
2026-08-01 16:21:21  INFO      src.evaluation: stunted: recall=0.400 f1=0.429 roc_auc=0.531
2026-08-01 16:21:21  INFO      src.evaluation: stunted: recall=0.333 f1=0.348 roc_auc=0.506
2026-08-01 16:21:21  INFO      src.evaluation: underweight: recall=0.357 f1=0.333 roc_auc=0.448
2026-08-01 16:21:21  INFO      src.evaluation: wasted: recall=0.375 f1=0.353 roc_auc=0.715
2026-08-01 16:21:21  INFO      src.evaluation: Macro avg: recall=0.355
2026-08-01 16:21:21  INFO      src.model: Model saved: /tmp/pytest-of-codespace/pytest-3/test_save_and_load_roundtrip0/test_model.pkl  (0.0 MB)
2026-08-01 16:21:21  INFO      src.model: Model loaded: /tmp/pytest-of-codespace/pytest-3/test_save_and_load_roundtrip0/test_model.pkl
2026-08-01 16:22:48  INFO      src.model: Model loaded: /workspaces/malnutrisense/models/mltp_xgb_v1.pkl
2026-08-01 16:22:48  INFO      src.explainability: SHAPExplainer initialised for 3 labels
2026-08-01 16:23:07  INFO      src.explainability: SHAP values computed: 500 rows, 11 features
2026-08-01 16:23:07  INFO      src.explainability: Top 8 features for stunted: ['num__hw3', 'num__hw1', 'num__b4', 'num__hw2', 'num__m19', 'num__v106', 'num__v024', 'num__m4']
2026-08-01 16:24:11  INFO      __main__: Environment validated
2026-08-01 16:24:16  INFO      src.data_loader: Loaded: 232,920 rows x 14 columns
2026-08-01 16:24:17  INFO      src.data_loader: Missing code replacement: 19,068 Z-score values → NaN
2026-08-01 16:24:17  INFO      src.data_loader: Z-scores scaled. Final shape: (232920, 14)
2026-08-01 16:24:17  INFO      src.labels: WHO thresholds applied: stunted=-2.0, underweight=-2.0, wasted=-2.0
2026-08-01 16:24:17  INFO      src.preprocessing: Starting full preprocessing pipeline...
2026-08-01 16:24:17  INFO      src.preprocessing: Input: 232,920 rows x 17 columns
2026-08-01 16:24:17  INFO      src.preprocessing: Duplicates removed: 3,872. Rows remaining: 229,048
2026-08-01 16:24:17  WARNING   src.preprocessing: No SC/ST column found. Searched: ['V131', 'S116', 'SH46', 'V130']. Fairness audit for Scheduled Tribe subgroup will be unavailable. Consider requesting the Household Members Recode (PR) file from DHS.
2026-08-01 16:24:17  INFO      src.preprocessing: Categorical encoding applied to: []
2026-08-01 16:24:17  INFO      src.preprocessing: Median imputation applied to 11 numeric columns
2026-08-01 16:24:17  INFO      src.preprocessing: Not imputed (protected): ['HAZ', 'WAZ', 'WHZ', 'stunted', 'underweight', 'wasted']
2026-08-01 16:24:17  WARNING   src.preprocessing: M19 (birth weight) column not found — skipping outlier cap
2026-08-01 16:24:17  WARNING   src.preprocessing: No SDI components found — skipping index construction
2026-08-01 16:24:18  INFO      src.preprocessing: Duplicates removed: 692. Rows remaining: 228,356
2026-08-01 16:24:18  INFO      src.preprocessing: Pipeline complete. Output: 228,356 rows x 17 columns
2026-08-01 16:24:18  INFO      src.labels: Label validation: PASSED
2026-08-01 16:24:18  INFO      src.labels: ─── Label Audit ───
2026-08-01 16:24:18  INFO      src.labels:   stunted: 35.5% prevalence
2026-08-01 16:24:18  INFO      src.labels:   underweight: 30.9% prevalence
2026-08-01 16:24:18  INFO      src.labels:   wasted: 18.6% prevalence
2026-08-01 16:24:18  INFO      src.labels:   stunted: scale_pos_weight = 1.7864
2026-08-01 16:24:18  INFO      src.labels:   underweight: scale_pos_weight = 2.4099
2026-08-01 16:24:18  INFO      src.labels:   wasted: scale_pos_weight = 4.3937
2026-08-01 16:24:19  WARNING   src.preprocessing: Dropped 29,560 rows with missing target labels before train/test split.
2026-08-01 16:24:20  INFO      src.preprocessing: Train/test split: 159,036 train | 39,760 test (20% test, stratified on stunted)
2026-08-01 16:24:49  INFO      src.data_loader: Labels created. Rows: 5 (dropped 0). Stunted: 40.0% | Underweight: 40.0% | Wasted: 20.0%
2026-08-01 16:24:49  INFO      src.data_loader: Labels created. Rows: 5 (dropped 0). Stunted: 40.0% | Underweight: 40.0% | Wasted: 20.0%
2026-08-01 16:24:49  INFO      src.data_loader: Labels created. Rows: 5 (dropped 0). Stunted: 40.0% | Underweight: 40.0% | Wasted: 20.0%
2026-08-01 16:24:49  INFO      src.data_loader: Labels created. Rows: 5 (dropped 0). Stunted: 40.0% | Underweight: 40.0% | Wasted: 20.0%
2026-08-01 16:24:49  INFO      src.data_loader: Labels created. Rows: 2 (dropped 1). Stunted: 50.0% | Underweight: 50.0% | Wasted: 50.0%
2026-08-01 16:24:49  INFO      src.data_loader: Labels created. Rows: 1 (dropped 0). Stunted: 0.0% | Underweight: 100.0% | Wasted: 0.0%
2026-08-01 16:24:54  INFO      src.data_loader: Loaded: 232,920 rows x 14 columns
2026-08-01 16:24:55  INFO      src.data_loader: Missing code replacement: 19,068 Z-score values → NaN
2026-08-01 16:24:55  INFO      src.data_loader: Z-scores scaled. Final shape: (232920, 14)
2026-08-01 16:24:55  INFO      src.data_loader: Labels created. Rows: 211,639 (dropped 21,274). Stunted: 34.5% | Underweight: 30.7% | Wasted: 17.7%
2026-08-01 16:25:00  INFO      src.evaluation: stunted: recall=0.400 f1=0.429 roc_auc=0.531
2026-08-01 16:25:00  INFO      src.evaluation: stunted: recall=0.400 f1=0.429 roc_auc=0.531
2026-08-01 16:25:00  INFO      src.evaluation: stunted: recall=0.333 f1=0.348 roc_auc=0.506
2026-08-01 16:25:00  INFO      src.evaluation: underweight: recall=0.357 f1=0.333 roc_auc=0.448
2026-08-01 16:25:01  INFO      src.evaluation: wasted: recall=0.375 f1=0.353 roc_auc=0.715
2026-08-01 16:25:01  INFO      src.evaluation: Macro avg: recall=0.355
2026-08-01 16:25:01  INFO      src.evaluation: stunted: recall=0.333 f1=0.348 roc_auc=0.506
2026-08-01 16:25:01  INFO      src.evaluation: underweight: recall=0.357 f1=0.333 roc_auc=0.448
2026-08-01 16:25:01  INFO      src.evaluation: wasted: recall=0.375 f1=0.353 roc_auc=0.715
2026-08-01 16:25:01  INFO      src.evaluation: Macro avg: recall=0.355
2026-08-01 16:25:01  INFO      src.evaluation: stunted: recall=0.400 f1=0.429 roc_auc=0.531
2026-08-01 16:25:01  INFO      src.evaluation: stunted: recall=0.333 f1=0.348 roc_auc=0.506
2026-08-01 16:25:01  INFO      src.evaluation: underweight: recall=0.357 f1=0.333 roc_auc=0.448
2026-08-01 16:25:01  INFO      src.evaluation: wasted: recall=0.375 f1=0.353 roc_auc=0.715
2026-08-01 16:25:01  INFO      src.evaluation: Macro avg: recall=0.355
2026-08-01 16:25:01  INFO      src.model: Model saved: /tmp/pytest-of-codespace/pytest-4/test_save_and_load_roundtrip0/test_model.pkl  (0.0 MB)
2026-08-01 16:25:01  INFO      src.model: Model loaded: /tmp/pytest-of-codespace/pytest-4/test_save_and_load_roundtrip0/test_model.pkl
2026-08-01 16:26:07  INFO      src.model: Model loaded: /workspaces/malnutrisense/models/mltp_xgb_v1.pkl
2026-08-01 16:26:07  INFO      src.explainability: SHAPExplainer initialised for 3 labels
2026-08-01 16:26:26  INFO      src.explainability: SHAP values computed: 500 rows, 11 features
2026-08-01 16:26:26  INFO      src.explainability: Top 8 features for stunted: ['num__hw3', 'num__hw1', 'num__b4', 'num__hw2', 'num__m19', 'num__v106', 'num__v024', 'num__m4']
2026-08-01 16:26:26  INFO      src.explainability: Top 8 features for underweight: ['num__hw2', 'num__hw1', 'num__b4', 'num__hw3', 'num__m19', 'num__v106', 'num__v024', 'num__m4']
2026-08-01 16:26:26  INFO      src.explainability: Top 8 features for wasted: ['num__hw2', 'num__hw3', 'num__b4', 'num__hw1', 'num__v024', 'num__m19', 'num__m4', 'num__v130']
2026-08-01 16:27:06  INFO      src.model: Model loaded: /workspaces/malnutrisense/models/mltp_xgb_v1.pkl
2026-08-01 16:27:07  INFO      src.explainability: SHAPExplainer initialised for 3 labels
2026-08-01 16:27:25  INFO      src.explainability: SHAP values computed: 500 rows, 11 features
2026-08-01 16:27:25  INFO      src.explainability: Top 8 features for stunted: ['num__hw3', 'num__hw1', 'num__b4', 'num__hw2', 'num__m19', 'num__v106', 'num__v024', 'num__m4']
2026-08-01 16:28:01  INFO      src.model: Model loaded: /workspaces/malnutrisense/models/mltp_xgb_v1.pkl
2026-08-01 16:28:01  INFO      src.explainability: SHAPExplainer initialised for 3 labels
2026-08-01 16:28:22  INFO      src.explainability: SHAP values computed: 500 rows, 11 features
2026-08-01 16:28:22  INFO      src.explainability: Top 8 features for stunted: ['num__hw3', 'num__hw1', 'num__b4', 'num__hw2', 'num__m19', 'num__v106', 'num__v024', 'num__m4']
2026-08-01 16:28:22  INFO      src.explainability: Top 8 features for underweight: ['num__hw2', 'num__hw1', 'num__b4', 'num__hw3', 'num__m19', 'num__v106', 'num__v024', 'num__m4']
2026-08-01 16:28:22  INFO      src.explainability: Top 8 features for wasted: ['num__hw2', 'num__hw3', 'num__b4', 'num__hw1', 'num__v024', 'num__m19', 'num__m4', 'num__v130']
2026-08-01 16:28:41  INFO      src.model: Model loaded: /workspaces/malnutrisense/models/mltp_xgb_v1.pkl
2026-08-01 16:28:42  INFO      src.explainability: SHAPExplainer initialised for 3 labels
2026-08-01 16:29:01  INFO      src.explainability: SHAP values computed: 500 rows, 11 features
2026-08-01 16:29:01  INFO      src.explainability: Top 8 features for stunted: ['num__hw3', 'num__hw1', 'num__b4', 'num__hw2', 'num__m19', 'num__v106', 'num__v024', 'num__m4']
2026-08-01 16:29:01  INFO      src.explainability: Top 8 features for underweight: ['num__hw2', 'num__hw1', 'num__b4', 'num__hw3', 'num__m19', 'num__v106', 'num__v024', 'num__m4']
2026-08-01 16:29:01  INFO      src.explainability: Top 8 features for wasted: ['num__hw2', 'num__hw3', 'num__b4', 'num__hw1', 'num__v024', 'num__m19', 'num__m4', 'num__v130']
2026-08-01 16:29:14  INFO      src.data_loader: Labels created. Rows: 5 (dropped 0). Stunted: 40.0% | Underweight: 40.0% | Wasted: 20.0%
2026-08-01 16:29:14  INFO      src.data_loader: Labels created. Rows: 5 (dropped 0). Stunted: 40.0% | Underweight: 40.0% | Wasted: 20.0%
2026-08-01 16:29:14  INFO      src.data_loader: Labels created. Rows: 5 (dropped 0). Stunted: 40.0% | Underweight: 40.0% | Wasted: 20.0%
2026-08-01 16:29:14  INFO      src.data_loader: Labels created. Rows: 5 (dropped 0). Stunted: 40.0% | Underweight: 40.0% | Wasted: 20.0%
2026-08-01 16:29:14  INFO      src.data_loader: Labels created. Rows: 2 (dropped 1). Stunted: 50.0% | Underweight: 50.0% | Wasted: 50.0%
2026-08-01 16:29:14  INFO      src.data_loader: Labels created. Rows: 1 (dropped 0). Stunted: 0.0% | Underweight: 100.0% | Wasted: 0.0%
2026-08-01 16:29:20  INFO      src.data_loader: Loaded: 232,920 rows x 14 columns
2026-08-01 16:29:20  INFO      src.data_loader: Missing code replacement: 19,068 Z-score values → NaN
2026-08-01 16:29:21  INFO      src.data_loader: Z-scores scaled. Final shape: (232920, 14)
2026-08-01 16:29:21  INFO      src.data_loader: Labels created. Rows: 211,639 (dropped 21,274). Stunted: 34.5% | Underweight: 30.7% | Wasted: 17.7%
2026-08-01 16:29:26  INFO      src.evaluation: stunted: recall=0.400 f1=0.429 roc_auc=0.531
2026-08-01 16:29:26  INFO      src.evaluation: stunted: recall=0.400 f1=0.429 roc_auc=0.531
2026-08-01 16:29:26  INFO      src.evaluation: stunted: recall=0.333 f1=0.348 roc_auc=0.506
2026-08-01 16:29:26  INFO      src.evaluation: underweight: recall=0.357 f1=0.333 roc_auc=0.448
2026-08-01 16:29:26  INFO      src.evaluation: wasted: recall=0.375 f1=0.353 roc_auc=0.715
2026-08-01 16:29:26  INFO      src.evaluation: Macro avg: recall=0.355
2026-08-01 16:29:27  INFO      src.evaluation: stunted: recall=0.333 f1=0.348 roc_auc=0.506
2026-08-01 16:29:27  INFO      src.evaluation: underweight: recall=0.357 f1=0.333 roc_auc=0.448
2026-08-01 16:29:27  INFO      src.evaluation: wasted: recall=0.375 f1=0.353 roc_auc=0.715
2026-08-01 16:29:27  INFO      src.evaluation: Macro avg: recall=0.355
2026-08-01 16:29:27  INFO      src.evaluation: stunted: recall=0.400 f1=0.429 roc_auc=0.531
2026-08-01 16:29:27  INFO      src.evaluation: stunted: recall=0.333 f1=0.348 roc_auc=0.506
2026-08-01 16:29:27  INFO      src.evaluation: underweight: recall=0.357 f1=0.333 roc_auc=0.448
2026-08-01 16:29:27  INFO      src.evaluation: wasted: recall=0.375 f1=0.353 roc_auc=0.715
2026-08-01 16:29:27  INFO      src.evaluation: Macro avg: recall=0.355
2026-08-01 16:29:27  INFO      src.model: Model saved: /tmp/pytest-of-codespace/pytest-8/test_save_and_load_roundtrip0/test_model.pkl  (0.0 MB)
2026-08-01 16:29:27  INFO      src.model: Model loaded: /tmp/pytest-of-codespace/pytest-8/test_save_and_load_roundtrip0/test_model.pkl
2026-08-01 16:29:28  INFO      src.model: Model loaded: /workspaces/malnutrisense/models/mltp_xgb_v1.pkl
2026-08-01 16:29:30  INFO      src.explainability: SHAPExplainer initialised for 3 labels
2026-08-01 16:29:48  INFO      src.explainability: SHAP values computed: 500 rows, 11 features
2026-08-01 16:29:48  INFO      src.explainability: Top 8 features for stunted: ['num__hw3', 'num__hw1', 'num__b4', 'num__hw2', 'num__m19', 'num__v106', 'num__v024', 'num__m4']
2026-08-01 16:29:48  INFO      src.explainability: Top 8 features for underweight: ['num__hw2', 'num__hw1', 'num__b4', 'num__hw3', 'num__m19', 'num__v106', 'num__v024', 'num__m4']
2026-08-01 16:29:48  INFO      src.explainability: Top 8 features for wasted: ['num__hw2', 'num__hw3', 'num__b4', 'num__hw1', 'num__v024', 'num__m19', 'num__m4', 'num__v130']
2026-08-01 16:29:53  INFO      src.model: Model loaded: /workspaces/malnutrisense/models/mltp_xgb_v1.pkl
2026-08-01 16:29:53  INFO      src.explainability: SHAPExplainer initialised for 3 labels
2026-08-01 16:30:12  INFO      src.explainability: SHAP values computed: 500 rows, 11 features
2026-08-01 16:30:12  INFO      src.explainability: Top 8 features for stunted: ['num__hw3', 'num__hw1', 'num__b4', 'num__hw2', 'num__m19', 'num__v106', 'num__v024', 'num__m4']
2026-08-01 16:30:12  INFO      src.explainability: Top 8 features for underweight: ['num__hw2', 'num__hw1', 'num__b4', 'num__hw3', 'num__m19', 'num__v106', 'num__v024', 'num__m4']
2026-08-01 16:30:12  INFO      src.explainability: Top 8 features for wasted: ['num__hw2', 'num__hw3', 'num__b4', 'num__hw1', 'num__v024', 'num__m19', 'num__m4', 'num__v130']
2026-08-01 16:30:50  INFO      src.data_loader: Labels created. Rows: 5 (dropped 0). Stunted: 40.0% | Underweight: 40.0% | Wasted: 20.0%
2026-08-01 16:30:50  INFO      src.data_loader: Labels created. Rows: 5 (dropped 0). Stunted: 40.0% | Underweight: 40.0% | Wasted: 20.0%
2026-08-01 16:30:50  INFO      src.data_loader: Labels created. Rows: 5 (dropped 0). Stunted: 40.0% | Underweight: 40.0% | Wasted: 20.0%
2026-08-01 16:30:50  INFO      src.data_loader: Labels created. Rows: 5 (dropped 0). Stunted: 40.0% | Underweight: 40.0% | Wasted: 20.0%
2026-08-01 16:30:50  INFO      src.data_loader: Labels created. Rows: 2 (dropped 1). Stunted: 50.0% | Underweight: 50.0% | Wasted: 50.0%
2026-08-01 16:30:50  INFO      src.data_loader: Labels created. Rows: 1 (dropped 0). Stunted: 0.0% | Underweight: 100.0% | Wasted: 0.0%
2026-08-01 16:30:55  INFO      src.evaluation: stunted: recall=0.400 f1=0.429 roc_auc=0.531
2026-08-01 16:30:55  INFO      src.evaluation: stunted: recall=0.400 f1=0.429 roc_auc=0.531
2026-08-01 16:30:55  INFO      src.evaluation: stunted: recall=0.333 f1=0.348 roc_auc=0.506
2026-08-01 16:30:55  INFO      src.evaluation: underweight: recall=0.357 f1=0.333 roc_auc=0.448
2026-08-01 16:30:55  INFO      src.evaluation: wasted: recall=0.375 f1=0.353 roc_auc=0.715
2026-08-01 16:30:55  INFO      src.evaluation: Macro avg: recall=0.355
2026-08-01 16:30:56  INFO      src.evaluation: stunted: recall=0.333 f1=0.348 roc_auc=0.506
2026-08-01 16:30:56  INFO      src.evaluation: underweight: recall=0.357 f1=0.333 roc_auc=0.448
2026-08-01 16:30:56  INFO      src.evaluation: wasted: recall=0.375 f1=0.353 roc_auc=0.715
2026-08-01 16:30:56  INFO      src.evaluation: Macro avg: recall=0.355
2026-08-01 16:30:56  INFO      src.evaluation: stunted: recall=0.400 f1=0.429 roc_auc=0.531
2026-08-01 16:30:56  INFO      src.evaluation: stunted: recall=0.333 f1=0.348 roc_auc=0.506
2026-08-01 16:30:56  INFO      src.evaluation: underweight: recall=0.357 f1=0.333 roc_auc=0.448
2026-08-01 16:30:56  INFO      src.evaluation: wasted: recall=0.375 f1=0.353 roc_auc=0.715
2026-08-01 16:30:56  INFO      src.evaluation: Macro avg: recall=0.355
2026-08-01 16:30:56  INFO      src.model: Model saved: /tmp/pytest-of-codespace/pytest-9/test_save_and_load_roundtrip0/test_model.pkl  (0.0 MB)
2026-08-01 16:30:56  INFO      src.model: Model loaded: /tmp/pytest-of-codespace/pytest-9/test_save_and_load_roundtrip0/test_model.pkl
2026-08-01 16:31:18  INFO      src.data_loader: Labels created. Rows: 5 (dropped 0). Stunted: 40.0% | Underweight: 40.0% | Wasted: 20.0%
2026-08-01 16:31:18  INFO      src.data_loader: Labels created. Rows: 5 (dropped 0). Stunted: 40.0% | Underweight: 40.0% | Wasted: 20.0%
2026-08-01 16:31:18  INFO      src.data_loader: Labels created. Rows: 5 (dropped 0). Stunted: 40.0% | Underweight: 40.0% | Wasted: 20.0%
2026-08-01 16:31:18  INFO      src.data_loader: Labels created. Rows: 5 (dropped 0). Stunted: 40.0% | Underweight: 40.0% | Wasted: 20.0%
2026-08-01 16:31:18  INFO      src.data_loader: Labels created. Rows: 2 (dropped 1). Stunted: 50.0% | Underweight: 50.0% | Wasted: 50.0%
2026-08-01 16:31:18  INFO      src.data_loader: Labels created. Rows: 1 (dropped 0). Stunted: 0.0% | Underweight: 100.0% | Wasted: 0.0%
2026-08-01 16:31:23  INFO      src.evaluation: stunted: recall=0.400 f1=0.429 roc_auc=0.531
2026-08-01 16:31:23  INFO      src.evaluation: stunted: recall=0.400 f1=0.429 roc_auc=0.531
2026-08-01 16:31:23  INFO      src.evaluation: stunted: recall=0.333 f1=0.348 roc_auc=0.506
2026-08-01 16:31:23  INFO      src.evaluation: underweight: recall=0.357 f1=0.333 roc_auc=0.448
2026-08-01 16:31:23  INFO      src.evaluation: wasted: recall=0.375 f1=0.353 roc_auc=0.715
2026-08-01 16:31:23  INFO      src.evaluation: Macro avg: recall=0.355
2026-08-01 16:31:24  INFO      src.evaluation: stunted: recall=0.333 f1=0.348 roc_auc=0.506
2026-08-01 16:31:24  INFO      src.evaluation: underweight: recall=0.357 f1=0.333 roc_auc=0.448
2026-08-01 16:31:24  INFO      src.evaluation: wasted: recall=0.375 f1=0.353 roc_auc=0.715
2026-08-01 16:31:24  INFO      src.evaluation: Macro avg: recall=0.355
2026-08-01 16:31:24  INFO      src.evaluation: stunted: recall=0.400 f1=0.429 roc_auc=0.531
2026-08-01 16:31:24  INFO      src.evaluation: stunted: recall=0.333 f1=0.348 roc_auc=0.506
2026-08-01 16:31:24  INFO      src.evaluation: underweight: recall=0.357 f1=0.333 roc_auc=0.448
2026-08-01 16:31:24  INFO      src.evaluation: wasted: recall=0.375 f1=0.353 roc_auc=0.715
2026-08-01 16:31:24  INFO      src.evaluation: Macro avg: recall=0.355
2026-08-01 16:31:24  INFO      src.model: Model saved: /tmp/pytest-of-codespace/pytest-10/test_save_and_load_roundtrip0/test_model.pkl  (0.0 MB)
2026-08-01 16:31:24  INFO      src.model: Model loaded: /tmp/pytest-of-codespace/pytest-10/test_save_and_load_roundtrip0/test_model.pkl
2026-08-01 16:32:39  INFO      scripts.generate_report: Loading nfhs5_cleaned.csv...
2026-08-01 16:32:39  INFO      src.validation: Row count check PASSED: 228,356
2026-08-01 16:32:39  INFO      src.validation: Missing code check PASSED
2026-08-01 16:32:39  INFO      src.validation: Z-score scale check PASSED
2026-08-01 16:32:40  INFO      src.validation: Label binary check PASSED
2026-08-01 16:32:40  INFO      src.validation: Duplicate check PASSED: 0 duplicates
2026-08-01 16:32:40  INFO      src.validation: stunted: 35.5%  (threshold 30%–42%)
2026-08-01 16:32:40  INFO      src.validation: underweight: 30.9%  (threshold 30%–35%)
2026-08-01 16:32:40  INFO      src.validation: wasted: 18.6%  (threshold 17%–22%)
2026-08-01 16:32:40  INFO      src.validation: Prevalence check PASSED for all three phenotypes
2026-08-01 16:32:40  INFO      src.validation: validate_all_soft PASSED
2026-08-01 16:32:40  INFO      scripts.generate_report: Saved: reports/tables/validation_summary.csv
2026-08-01 16:32:41  INFO      src.model: Model loaded: /workspaces/malnutrisense/models/mltp_xgb_v1.pkl
2026-08-01 16:32:41  INFO      src.explainability: SHAPExplainer initialised for 3 labels
2026-08-01 16:33:00  INFO      src.explainability: SHAP values computed: 500 rows, 11 features
2026-08-01 16:33:00  INFO      src.explainability: Top 8 features for stunted: ['num__hw3', 'num__hw1', 'num__b4', 'num__hw2', 'num__m19', 'num__v106', 'num__v024', 'num__m4']
2026-08-01 16:33:00  INFO      src.explainability: Top 8 features for underweight: ['num__hw2', 'num__hw1', 'num__b4', 'num__hw3', 'num__m19', 'num__v106', 'num__v024', 'num__m4']
2026-08-01 16:33:00  INFO      src.explainability: Top 8 features for wasted: ['num__hw2', 'num__hw3', 'num__b4', 'num__hw1', 'num__v024', 'num__m19', 'num__m4', 'num__v130']
2026-08-01 16:33:31  INFO      src.data_loader: Loaded: 232,920 rows x 14 columns
2026-08-01 16:33:32  INFO      src.data_loader: Missing code replacement: 19,068 Z-score values → NaN
2026-08-01 16:33:32  INFO      src.data_loader: Z-scores scaled. Final shape: (232920, 14)
2026-08-01 16:33:32  INFO      src.data_loader: Labels created. Rows: 211,639 (dropped 21,274). Stunted: 34.5% | Underweight: 30.7% | Wasted: 17.7%
2026-08-01 16:34:03  INFO      src.data_loader: Loaded: 232,920 rows x 14 columns
2026-08-01 16:34:04  INFO      src.data_loader: Missing code replacement: 19,068 Z-score values → NaN
2026-08-01 16:34:04  INFO      src.data_loader: Z-scores scaled. Final shape: (232920, 14)
2026-08-01 16:34:04  INFO      src.data_loader: Labels created. Rows: 211,639 (dropped 21,274). Stunted: 34.5% | Underweight: 30.7% | Wasted: 17.7%
2026-08-01 16:34:07  INFO      __main__: Environment validated
2026-08-01 16:34:10  INFO      src.data_loader: Loaded: 232,920 rows x 14 columns
2026-08-01 16:34:11  INFO      src.data_loader: Missing code replacement: 19,068 Z-score values → NaN
2026-08-01 16:34:11  INFO      src.data_loader: Z-scores scaled. Final shape: (232920, 14)
2026-08-01 16:34:11  INFO      src.labels: WHO thresholds applied: stunted=-2.0, underweight=-2.0, wasted=-2.0
2026-08-01 16:34:11  INFO      src.preprocessing: Starting full preprocessing pipeline...
2026-08-01 16:34:11  INFO      src.preprocessing: Input: 232,920 rows x 17 columns
2026-08-01 16:34:11  INFO      src.preprocessing: Duplicates removed: 3,872. Rows remaining: 229,048
2026-08-01 16:34:11  WARNING   src.preprocessing: No SC/ST column found. Searched: ['V131', 'S116', 'SH46', 'V130']. Fairness audit for Scheduled Tribe subgroup will be unavailable. Consider requesting the Household Members Recode (PR) file from DHS.
2026-08-01 16:34:11  INFO      src.preprocessing: Categorical encoding applied to: []
2026-08-01 16:34:12  INFO      src.preprocessing: Median imputation applied to 11 numeric columns
2026-08-01 16:34:12  INFO      src.preprocessing: Not imputed (protected): ['HAZ', 'WAZ', 'WHZ', 'stunted', 'underweight', 'wasted']
2026-08-01 16:34:12  WARNING   src.preprocessing: M19 (birth weight) column not found — skipping outlier cap
2026-08-01 16:34:12  WARNING   src.preprocessing: No SDI components found — skipping index construction
2026-08-01 16:34:12  INFO      src.preprocessing: Duplicates removed: 692. Rows remaining: 228,356
2026-08-01 16:34:12  INFO      src.preprocessing: Pipeline complete. Output: 228,356 rows x 17 columns
2026-08-01 16:34:12  INFO      src.labels: Label validation: PASSED
2026-08-01 16:34:12  INFO      src.labels: ─── Label Audit ───
2026-08-01 16:34:12  INFO      src.labels:   stunted: 35.5% prevalence
2026-08-01 16:34:12  INFO      src.labels:   underweight: 30.9% prevalence
2026-08-01 16:34:12  INFO      src.labels:   wasted: 18.6% prevalence
2026-08-01 16:34:12  INFO      src.labels:   stunted: scale_pos_weight = 1.7864
2026-08-01 16:34:12  INFO      src.labels:   underweight: scale_pos_weight = 2.4099
2026-08-01 16:34:12  INFO      src.labels:   wasted: scale_pos_weight = 4.3937
2026-08-01 16:34:14  WARNING   src.preprocessing: Dropped 29,560 rows with missing target labels before train/test split.
2026-08-01 16:34:14  INFO      src.preprocessing: Train/test split: 159,036 train | 39,760 test (20% test, stratified on stunted)
2026-08-01 16:34:19  INFO      __main__: Loading train/test splits...
2026-08-01 16:34:19  INFO      __main__: Train: 159,036 rows  |  Test: 39,760 rows
2026-08-01 16:34:19  INFO      src.model: Class weights loaded: {'stunted': 1.8195, 'underweight': 2.2367, 'wasted': 4.3705}
2026-08-01 16:34:19  INFO      src.evaluation: stunted: recall=0.845 f1=0.791 roc_auc=0.922
2026-08-01 16:34:20  INFO      src.evaluation: MLflow: logged run for logistic_stunted
2026-08-01 16:34:21  INFO      src.evaluation: underweight: recall=0.924 f1=0.849 roc_auc=0.962
2026-08-01 16:34:21  INFO      src.evaluation: MLflow: logged run for logistic_underweight
2026-08-01 16:34:21  INFO      src.evaluation: wasted: recall=0.975 f1=0.899 roc_auc=0.995
2026-08-01 16:34:21  INFO      src.evaluation: MLflow: logged run for logistic_wasted
2026-08-01 16:34:44  INFO      src.evaluation: stunted: recall=0.961 f1=0.908 roc_auc=0.987
2026-08-01 16:34:44  INFO      src.evaluation: MLflow: logged run for random_forest_stunted
2026-08-01 16:35:05  INFO      src.evaluation: underweight: recall=0.959 f1=0.867 roc_auc=0.986
2026-08-01 16:35:05  INFO      src.evaluation: MLflow: logged run for random_forest_underweight
2026-08-01 16:35:27  INFO      src.evaluation: wasted: recall=0.987 f1=0.837 roc_auc=0.994
2026-08-01 16:35:27  INFO      src.evaluation: MLflow: logged run for random_forest_wasted
2026-08-01 16:35:30  INFO      src.evaluation: stunted: recall=0.982 f1=0.970 roc_auc=0.999
2026-08-01 16:35:30  INFO      src.evaluation: MLflow: logged run for xgb_single_stunted
2026-08-01 16:35:34  INFO      src.evaluation: underweight: recall=0.988 f1=0.969 roc_auc=0.999
2026-08-01 16:35:34  INFO      src.evaluation: MLflow: logged run for xgb_single_underweight
2026-08-01 16:35:37  INFO      src.evaluation: wasted: recall=0.997 f1=0.958 roc_auc=0.999
2026-08-01 16:35:37  INFO      src.evaluation: MLflow: logged run for xgb_single_wasted
2026-08-01 16:35:37  INFO      src.evaluation: Benchmark saved: /workspaces/malnutrisense/reports/tables/baseline_benchmark.csv
2026-08-01 16:35:40  INFO      __main__: Train: 159,036 rows  |  Test: 39,760 rows
2026-08-01 16:35:40  INFO      src.model: Class weights loaded: {'stunted': 1.8195, 'underweight': 2.2367, 'wasted': 4.3705}
2026-08-01 16:35:40  INFO      __main__: Class weights: {'stunted': 1.8195, 'underweight': 2.2367, 'wasted': 4.3705}
2026-08-01 16:35:56  INFO      src.evaluation: stunted: recall=0.992 f1=0.965 roc_auc=0.998
2026-08-01 16:35:56  INFO      src.evaluation: underweight: recall=0.992 f1=0.964 roc_auc=0.999
2026-08-01 16:35:56  INFO      src.evaluation: wasted: recall=0.991 f1=0.963 roc_auc=0.999
2026-08-01 16:35:56  INFO      src.evaluation: Macro avg: recall=0.992
2026-08-01 16:35:56  INFO      src.model: Model saved: /workspaces/malnutrisense/models/mltp_xgb_v1.pkl  (5.1 MB)
2026-08-01 16:35:56  INFO      src.evaluation: MLflow: logged run for mltp_xgb
2026-08-01 16:36:31  INFO      src.evaluation: stunted: recall=0.987 f1=0.968 roc_auc=0.999
2026-08-01 16:36:31  INFO      src.evaluation: underweight: recall=0.986 f1=0.969 roc_auc=0.999
2026-08-01 16:36:31  INFO      src.evaluation: wasted: recall=0.989 f1=0.973 roc_auc=1.000
2026-08-01 16:36:31  INFO      src.evaluation: Macro avg: recall=0.987
2026-08-01 16:36:31  INFO      src.model: Model saved: /workspaces/malnutrisense/models/mltp_lgbm_v1.pkl  (8.3 MB)
2026-08-01 16:36:31  INFO      src.evaluation: Benchmark saved: /workspaces/malnutrisense/reports/tables/full_benchmark.csv
2026-08-01 16:36:33  INFO      __main__: Loading nfhs5_cleaned.csv...
2026-08-01 16:36:34  INFO      src.validation: Row count check PASSED: 228,356
2026-08-01 16:36:35  INFO      src.validation: Missing code check PASSED
2026-08-01 16:36:35  INFO      src.validation: Z-score scale check PASSED
2026-08-01 16:36:35  INFO      src.validation: Label binary check PASSED
2026-08-01 16:36:35  INFO      src.validation: Duplicate check PASSED: 0 duplicates
2026-08-01 16:36:35  INFO      src.validation: stunted: 35.5%  (threshold 30%–42%)
2026-08-01 16:36:35  INFO      src.validation: underweight: 30.9%  (threshold 30%–35%)
2026-08-01 16:36:35  INFO      src.validation: wasted: 18.6%  (threshold 17%–22%)
2026-08-01 16:36:35  INFO      src.validation: Prevalence check PASSED for all three phenotypes
2026-08-01 16:36:35  INFO      src.validation: validate_all_soft PASSED
2026-08-01 16:36:35  INFO      __main__: Saved: reports/tables/validation_summary.csv
2026-08-01 16:36:38  INFO      src.model: Model loaded: /workspaces/malnutrisense/models/mltp_xgb_v1.pkl
2026-08-01 16:36:39  INFO      src.explainability: SHAPExplainer initialised for 3 labels
2026-08-01 16:36:58  INFO      src.explainability: SHAP values computed: 500 rows, 11 features
2026-08-01 16:36:58  INFO      src.explainability: Top 8 features for stunted: ['num__hw3', 'num__hw1', 'num__b4', 'num__hw2', 'num__m19', 'num__v106', 'num__v024', 'num__m4']
2026-08-01 16:36:58  INFO      src.explainability: Top 8 features for underweight: ['num__hw2', 'num__hw1', 'num__b4', 'num__hw3', 'num__m19', 'num__v106', 'num__v024', 'num__m4']
2026-08-01 16:36:58  INFO      src.explainability: Top 8 features for wasted: ['num__hw2', 'num__hw3', 'num__b4', 'num__hw1', 'num__v024', 'num__m19', 'num__m4', 'num__v130']
2026-08-01 16:37:36  INFO      src.data_loader: Labels created. Rows: 5 (dropped 0). Stunted: 40.0% | Underweight: 40.0% | Wasted: 20.0%
2026-08-01 16:37:36  INFO      src.data_loader: Labels created. Rows: 5 (dropped 0). Stunted: 40.0% | Underweight: 40.0% | Wasted: 20.0%
2026-08-01 16:37:36  INFO      src.data_loader: Labels created. Rows: 5 (dropped 0). Stunted: 40.0% | Underweight: 40.0% | Wasted: 20.0%
2026-08-01 16:37:36  INFO      src.data_loader: Labels created. Rows: 5 (dropped 0). Stunted: 40.0% | Underweight: 40.0% | Wasted: 20.0%
2026-08-01 16:37:36  INFO      src.data_loader: Labels created. Rows: 2 (dropped 1). Stunted: 50.0% | Underweight: 50.0% | Wasted: 50.0%
2026-08-01 16:37:36  INFO      src.data_loader: Labels created. Rows: 1 (dropped 0). Stunted: 0.0% | Underweight: 100.0% | Wasted: 0.0%
2026-08-01 16:37:40  INFO      src.evaluation: stunted: recall=0.400 f1=0.429 roc_auc=0.531
2026-08-01 16:37:40  INFO      src.evaluation: stunted: recall=0.400 f1=0.429 roc_auc=0.531
2026-08-01 16:37:41  INFO      src.evaluation: stunted: recall=0.333 f1=0.348 roc_auc=0.506
2026-08-01 16:37:41  INFO      src.evaluation: underweight: recall=0.357 f1=0.333 roc_auc=0.448
2026-08-01 16:37:41  INFO      src.evaluation: wasted: recall=0.375 f1=0.353 roc_auc=0.715
2026-08-01 16:37:41  INFO      src.evaluation: Macro avg: recall=0.355
2026-08-01 16:37:41  INFO      src.evaluation: stunted: recall=0.333 f1=0.348 roc_auc=0.506
2026-08-01 16:37:41  INFO      src.evaluation: underweight: recall=0.357 f1=0.333 roc_auc=0.448
2026-08-01 16:37:41  INFO      src.evaluation: wasted: recall=0.375 f1=0.353 roc_auc=0.715
2026-08-01 16:37:41  INFO      src.evaluation: Macro avg: recall=0.355
2026-08-01 16:37:41  INFO      src.evaluation: stunted: recall=0.400 f1=0.429 roc_auc=0.531
2026-08-01 16:37:41  INFO      src.evaluation: stunted: recall=0.333 f1=0.348 roc_auc=0.506
2026-08-01 16:37:41  INFO      src.evaluation: underweight: recall=0.357 f1=0.333 roc_auc=0.448
2026-08-01 16:37:41  INFO      src.evaluation: wasted: recall=0.375 f1=0.353 roc_auc=0.715
2026-08-01 16:37:41  INFO      src.evaluation: Macro avg: recall=0.355
2026-08-01 16:37:41  INFO      src.model: Model saved: /tmp/pytest-of-codespace/pytest-11/test_save_and_load_roundtrip0/test_model.pkl  (0.0 MB)
2026-08-01 16:37:41  INFO      src.model: Model loaded: /tmp/pytest-of-codespace/pytest-11/test_save_and_load_roundtrip0/test_model.pkl
2026-08-01 16:44:45  INFO      src.data_loader: Loaded: 232,920 rows x 14 columns
2026-08-01 16:44:46  INFO      src.data_loader: Missing code replacement: 19,068 Z-score values → NaN
2026-08-01 16:44:46  INFO      src.data_loader: Z-scores scaled. Final shape: (232920, 14)
2026-08-01 16:44:46  INFO      src.data_loader: Labels created. Rows: 211,639 (dropped 21,274). Stunted: 34.5% | Underweight: 30.7% | Wasted: 17.7%
2026-08-01 16:45:15  INFO      __main__: Environment validated
2026-08-01 16:45:21  INFO      src.data_loader: Loaded: 232,920 rows x 14 columns
2026-08-01 16:45:22  INFO      src.data_loader: Missing code replacement: 19,068 Z-score values → NaN
2026-08-01 16:45:22  INFO      src.data_loader: Z-scores scaled. Final shape: (232920, 14)
2026-08-01 16:45:22  INFO      src.labels: WHO thresholds applied: stunted=-2.0, underweight=-2.0, wasted=-2.0
2026-08-01 16:45:22  INFO      src.preprocessing: Starting full preprocessing pipeline...
2026-08-01 16:45:22  INFO      src.preprocessing: Input: 232,920 rows x 17 columns
2026-08-01 16:45:22  INFO      src.preprocessing: Duplicates removed: 3,872. Rows remaining: 229,048
2026-08-01 16:45:22  WARNING   src.preprocessing: No SC/ST column found. Searched: ['V131', 'S116', 'SH46', 'V130']. Fairness audit for Scheduled Tribe subgroup will be unavailable. Consider requesting the Household Members Recode (PR) file from DHS.
2026-08-01 16:45:22  INFO      src.preprocessing: Categorical encoding applied to: []
2026-08-01 16:45:23  INFO      src.preprocessing: Median imputation applied to 11 numeric columns
2026-08-01 16:45:23  INFO      src.preprocessing: Not imputed (protected): ['HAZ', 'WAZ', 'WHZ', 'stunted', 'underweight', 'wasted']
2026-08-01 16:45:23  WARNING   src.preprocessing: M19 (birth weight) column not found — skipping outlier cap
2026-08-01 16:45:23  WARNING   src.preprocessing: No SDI components found — skipping index construction
2026-08-01 16:45:23  INFO      src.preprocessing: Duplicates removed: 692. Rows remaining: 228,356
2026-08-01 16:45:23  INFO      src.preprocessing: Pipeline complete. Output: 228,356 rows x 17 columns
2026-08-01 16:45:23  INFO      src.labels: Label validation: PASSED
2026-08-01 16:45:23  INFO      src.labels: ─── Label Audit ───
2026-08-01 16:45:23  INFO      src.labels:   stunted: 35.5% prevalence
2026-08-01 16:45:23  INFO      src.labels:   underweight: 30.9% prevalence
2026-08-01 16:45:23  INFO      src.labels:   wasted: 18.6% prevalence
2026-08-01 16:45:23  INFO      src.labels:   stunted: scale_pos_weight = 1.7864
2026-08-01 16:45:23  INFO      src.labels:   underweight: scale_pos_weight = 2.4099
2026-08-01 16:45:23  INFO      src.labels:   wasted: scale_pos_weight = 4.3937
2026-08-01 16:45:25  WARNING   src.preprocessing: Dropped 29,560 rows with missing target labels before train/test split.
2026-08-01 16:45:25  INFO      src.preprocessing: Train/test split: 159,036 train | 39,760 test (20% test, stratified on stunted)
2026-08-01 16:45:36  INFO      __main__: Loading train/test splits...
2026-08-01 16:45:37  INFO      __main__: Train: 159,036 rows  |  Test: 39,760 rows
2026-08-01 16:45:37  INFO      src.model: Class weights loaded: {'stunted': 1.8195, 'underweight': 2.2367, 'wasted': 4.3705}
2026-08-01 16:45:37  INFO      src.evaluation: stunted: recall=0.845 f1=0.791 roc_auc=0.922
2026-08-01 16:45:38  INFO      src.evaluation: MLflow: logged run for logistic_stunted
2026-08-01 16:45:40  INFO      src.evaluation: underweight: recall=0.924 f1=0.849 roc_auc=0.962
2026-08-01 16:45:40  INFO      src.evaluation: MLflow: logged run for logistic_underweight
2026-08-01 16:45:41  INFO      src.evaluation: wasted: recall=0.975 f1=0.899 roc_auc=0.995
2026-08-01 16:45:41  INFO      src.evaluation: MLflow: logged run for logistic_wasted
2026-08-01 16:46:04  INFO      src.evaluation: stunted: recall=0.961 f1=0.908 roc_auc=0.987
2026-08-01 16:46:04  INFO      src.evaluation: MLflow: logged run for random_forest_stunted
2026-08-01 16:46:26  INFO      src.evaluation: underweight: recall=0.959 f1=0.867 roc_auc=0.986
2026-08-01 16:46:26  INFO      src.evaluation: MLflow: logged run for random_forest_underweight
2026-08-01 16:46:48  INFO      src.evaluation: wasted: recall=0.987 f1=0.837 roc_auc=0.994
2026-08-01 16:46:48  INFO      src.evaluation: MLflow: logged run for random_forest_wasted
2026-08-01 16:46:51  INFO      src.evaluation: stunted: recall=0.982 f1=0.970 roc_auc=0.999
2026-08-01 16:46:51  INFO      src.evaluation: MLflow: logged run for xgb_single_stunted
2026-08-01 16:46:54  INFO      src.evaluation: underweight: recall=0.988 f1=0.969 roc_auc=0.999
2026-08-01 16:46:54  INFO      src.evaluation: MLflow: logged run for xgb_single_underweight
2026-08-01 16:46:57  INFO      src.evaluation: wasted: recall=0.997 f1=0.958 roc_auc=0.999
2026-08-01 16:46:57  INFO      src.evaluation: MLflow: logged run for xgb_single_wasted
2026-08-01 16:46:57  INFO      src.evaluation: Benchmark saved: /workspaces/malnutrisense/reports/tables/baseline_benchmark.csv
2026-08-01 16:47:04  INFO      __main__: Train: 159,036 rows  |  Test: 39,760 rows
2026-08-01 16:47:04  INFO      src.model: Class weights loaded: {'stunted': 1.8195, 'underweight': 2.2367, 'wasted': 4.3705}
2026-08-01 16:47:04  INFO      __main__: Class weights: {'stunted': 1.8195, 'underweight': 2.2367, 'wasted': 4.3705}
2026-08-01 16:47:20  INFO      src.evaluation: stunted: recall=0.992 f1=0.965 roc_auc=0.998
2026-08-01 16:47:20  INFO      src.evaluation: underweight: recall=0.992 f1=0.964 roc_auc=0.999
2026-08-01 16:47:20  INFO      src.evaluation: wasted: recall=0.991 f1=0.963 roc_auc=0.999
2026-08-01 16:47:20  INFO      src.evaluation: Macro avg: recall=0.992
2026-08-01 16:47:20  INFO      src.model: Model saved: /workspaces/malnutrisense/models/mltp_xgb_v1.pkl  (5.1 MB)
2026-08-01 16:47:21  INFO      src.evaluation: MLflow: logged run for mltp_xgb
2026-08-01 16:48:00  INFO      src.evaluation: stunted: recall=0.987 f1=0.968 roc_auc=0.999
2026-08-01 16:48:00  INFO      src.evaluation: underweight: recall=0.986 f1=0.969 roc_auc=0.999
2026-08-01 16:48:00  INFO      src.evaluation: wasted: recall=0.989 f1=0.973 roc_auc=1.000
2026-08-01 16:48:00  INFO      src.evaluation: Macro avg: recall=0.987
2026-08-01 16:48:00  INFO      src.model: Model saved: /workspaces/malnutrisense/models/mltp_lgbm_v1.pkl  (8.3 MB)
2026-08-01 16:48:00  INFO      src.evaluation: Benchmark saved: /workspaces/malnutrisense/reports/tables/full_benchmark.csv
2026-08-01 16:48:02  INFO      __main__: Loading nfhs5_cleaned.csv...
2026-08-01 16:48:02  INFO      src.validation: Row count check PASSED: 228,356
2026-08-01 16:48:03  INFO      src.validation: Missing code check PASSED
2026-08-01 16:48:03  INFO      src.validation: Z-score scale check PASSED
2026-08-01 16:48:03  INFO      src.validation: Label binary check PASSED
2026-08-01 16:48:03  INFO      src.validation: Duplicate check PASSED: 0 duplicates
2026-08-01 16:48:03  INFO      src.validation: stunted: 35.5%  (threshold 30%–42%)
2026-08-01 16:48:03  INFO      src.validation: underweight: 30.9%  (threshold 30%–35%)
2026-08-01 16:48:03  INFO      src.validation: wasted: 18.6%  (threshold 17%–22%)
2026-08-01 16:48:03  INFO      src.validation: Prevalence check PASSED for all three phenotypes
2026-08-01 16:48:03  INFO      src.validation: validate_all_soft PASSED
2026-08-01 16:48:03  INFO      __main__: Saved: reports/tables/validation_summary.csv
2026-08-01 16:48:08  INFO      src.model: Model loaded: /workspaces/malnutrisense/models/mltp_xgb_v1.pkl
2026-08-01 16:48:09  INFO      src.explainability: SHAPExplainer initialised for 3 labels
2026-08-01 16:48:29  INFO      src.explainability: SHAP values computed: 500 rows, 11 features
2026-08-01 16:48:29  INFO      src.explainability: Top 8 features for stunted: ['num__hw3', 'num__hw1', 'num__b4', 'num__hw2', 'num__m19', 'num__v106', 'num__v024', 'num__m4']
2026-08-01 16:48:29  INFO      src.explainability: Top 8 features for underweight: ['num__hw2', 'num__hw1', 'num__b4', 'num__hw3', 'num__m19', 'num__v106', 'num__v024', 'num__m4']
2026-08-01 16:48:29  INFO      src.explainability: Top 8 features for wasted: ['num__hw2', 'num__hw3', 'num__b4', 'num__hw1', 'num__v024', 'num__m19', 'num__m4', 'num__v130']
2026-08-01 16:49:37  INFO      src.model: Model loaded: /workspaces/malnutrisense/models/mltp_xgb_v1.pkl
2026-08-01 16:49:38  INFO      src.explainability: SHAPExplainer initialised for 3 labels
2026-08-01 16:49:59  INFO      src.explainability: SHAP values computed: 500 rows, 11 features
2026-08-01 16:49:59  INFO      src.explainability: Top 8 features for stunted: ['num__hw3', 'num__hw1', 'num__b4', 'num__hw2', 'num__m19', 'num__v106', 'num__v024', 'num__m4']
2026-08-01 16:49:59  INFO      src.explainability: Top 8 features for underweight: ['num__hw2', 'num__hw1', 'num__b4', 'num__hw3', 'num__m19', 'num__v106', 'num__v024', 'num__m4']
2026-08-01 16:49:59  INFO      src.explainability: Top 8 features for wasted: ['num__hw2', 'num__hw3', 'num__b4', 'num__hw1', 'num__v024', 'num__m19', 'num__m4', 'num__v130']
2026-08-01 16:50:03  INFO      src.model: Model loaded: /workspaces/malnutrisense/models/mltp_xgb_v1.pkl
2026-08-01 16:50:04  INFO      src.explainability: SHAPExplainer initialised for 3 labels
2026-08-01 16:50:24  INFO      src.explainability: SHAP values computed: 500 rows, 11 features
2026-08-01 16:50:24  INFO      src.explainability: Top 8 features for stunted: ['num__hw3', 'num__hw1', 'num__b4', 'num__hw2', 'num__m19', 'num__v106', 'num__v024', 'num__m4']
2026-08-01 16:50:24  INFO      src.explainability: Top 8 features for underweight: ['num__hw2', 'num__hw1', 'num__b4', 'num__hw3', 'num__m19', 'num__v106', 'num__v024', 'num__m4']
2026-08-01 16:50:24  INFO      src.explainability: Top 8 features for wasted: ['num__hw2', 'num__hw3', 'num__b4', 'num__hw1', 'num__v024', 'num__m19', 'num__m4', 'num__v130']
2026-08-01 16:51:42  INFO      src.data_loader: Labels created. Rows: 5 (dropped 0). Stunted: 40.0% | Underweight: 40.0% | Wasted: 20.0%
2026-08-01 16:51:42  INFO      src.data_loader: Labels created. Rows: 5 (dropped 0). Stunted: 40.0% | Underweight: 40.0% | Wasted: 20.0%
2026-08-01 16:51:42  INFO      src.data_loader: Labels created. Rows: 5 (dropped 0). Stunted: 40.0% | Underweight: 40.0% | Wasted: 20.0%
2026-08-01 16:51:42  INFO      src.data_loader: Labels created. Rows: 5 (dropped 0). Stunted: 40.0% | Underweight: 40.0% | Wasted: 20.0%
2026-08-01 16:51:42  INFO      src.data_loader: Labels created. Rows: 2 (dropped 1). Stunted: 50.0% | Underweight: 50.0% | Wasted: 50.0%
2026-08-01 16:51:42  INFO      src.data_loader: Labels created. Rows: 1 (dropped 0). Stunted: 0.0% | Underweight: 100.0% | Wasted: 0.0%
2026-08-01 16:51:47  INFO      src.evaluation: stunted: recall=0.400 f1=0.429 roc_auc=0.531
2026-08-01 16:51:47  INFO      src.evaluation: stunted: recall=0.400 f1=0.429 roc_auc=0.531
2026-08-01 16:51:47  INFO      src.evaluation: stunted: recall=0.333 f1=0.348 roc_auc=0.506
2026-08-01 16:51:47  INFO      src.evaluation: underweight: recall=0.357 f1=0.333 roc_auc=0.448
2026-08-01 16:51:47  INFO      src.evaluation: wasted: recall=0.375 f1=0.353 roc_auc=0.715
2026-08-01 16:51:47  INFO      src.evaluation: Macro avg: recall=0.355
2026-08-01 16:51:48  INFO      src.evaluation: stunted: recall=0.333 f1=0.348 roc_auc=0.506
2026-08-01 16:51:48  INFO      src.evaluation: underweight: recall=0.357 f1=0.333 roc_auc=0.448
2026-08-01 16:51:48  INFO      src.evaluation: wasted: recall=0.375 f1=0.353 roc_auc=0.715
2026-08-01 16:51:48  INFO      src.evaluation: Macro avg: recall=0.355
2026-08-01 16:51:48  INFO      src.evaluation: stunted: recall=0.400 f1=0.429 roc_auc=0.531
2026-08-01 16:51:48  INFO      src.evaluation: stunted: recall=0.333 f1=0.348 roc_auc=0.506
2026-08-01 16:51:48  INFO      src.evaluation: underweight: recall=0.357 f1=0.333 roc_auc=0.448
2026-08-01 16:51:48  INFO      src.evaluation: wasted: recall=0.375 f1=0.353 roc_auc=0.715
2026-08-01 16:51:48  INFO      src.evaluation: Macro avg: recall=0.355
2026-08-01 16:51:48  INFO      src.model: Model saved: /tmp/pytest-of-codespace/pytest-13/test_save_and_load_roundtrip0/test_model.pkl  (0.0 MB)
2026-08-01 16:51:48  INFO      src.model: Model loaded: /tmp/pytest-of-codespace/pytest-13/test_save_and_load_roundtrip0/test_model.pkl
2026-08-01 16:52:09  INFO      src.data_loader: Labels created. Rows: 5 (dropped 0). Stunted: 40.0% | Underweight: 40.0% | Wasted: 20.0%
2026-08-01 16:52:09  INFO      src.data_loader: Labels created. Rows: 5 (dropped 0). Stunted: 40.0% | Underweight: 40.0% | Wasted: 20.0%
2026-08-01 16:52:09  INFO      src.data_loader: Labels created. Rows: 5 (dropped 0). Stunted: 40.0% | Underweight: 40.0% | Wasted: 20.0%
2026-08-01 16:52:09  INFO      src.data_loader: Labels created. Rows: 5 (dropped 0). Stunted: 40.0% | Underweight: 40.0% | Wasted: 20.0%
2026-08-01 16:52:09  INFO      src.data_loader: Labels created. Rows: 2 (dropped 1). Stunted: 50.0% | Underweight: 50.0% | Wasted: 50.0%
2026-08-01 16:52:09  INFO      src.data_loader: Labels created. Rows: 1 (dropped 0). Stunted: 0.0% | Underweight: 100.0% | Wasted: 0.0%
2026-08-01 16:52:13  INFO      src.evaluation: stunted: recall=0.400 f1=0.429 roc_auc=0.531
2026-08-01 16:52:14  INFO      src.evaluation: stunted: recall=0.400 f1=0.429 roc_auc=0.531
2026-08-01 16:52:14  INFO      src.evaluation: stunted: recall=0.333 f1=0.348 roc_auc=0.506
2026-08-01 16:52:14  INFO      src.evaluation: underweight: recall=0.357 f1=0.333 roc_auc=0.448
2026-08-01 16:52:14  INFO      src.evaluation: wasted: recall=0.375 f1=0.353 roc_auc=0.715
2026-08-01 16:52:14  INFO      src.evaluation: Macro avg: recall=0.355
2026-08-01 16:52:14  INFO      src.evaluation: stunted: recall=0.333 f1=0.348 roc_auc=0.506
2026-08-01 16:52:14  INFO      src.evaluation: underweight: recall=0.357 f1=0.333 roc_auc=0.448
2026-08-01 16:52:14  INFO      src.evaluation: wasted: recall=0.375 f1=0.353 roc_auc=0.715
2026-08-01 16:52:14  INFO      src.evaluation: Macro avg: recall=0.355
2026-08-01 16:52:15  INFO      src.evaluation: stunted: recall=0.400 f1=0.429 roc_auc=0.531
2026-08-01 16:52:15  INFO      src.evaluation: stunted: recall=0.333 f1=0.348 roc_auc=0.506
2026-08-01 16:52:15  INFO      src.evaluation: underweight: recall=0.357 f1=0.333 roc_auc=0.448
2026-08-01 16:52:15  INFO      src.evaluation: wasted: recall=0.375 f1=0.353 roc_auc=0.715
2026-08-01 16:52:15  INFO      src.evaluation: Macro avg: recall=0.355
2026-08-01 16:52:15  INFO      src.model: Model saved: /tmp/pytest-of-codespace/pytest-14/test_save_and_load_roundtrip0/test_model.pkl  (0.0 MB)
2026-08-01 16:52:15  INFO      src.model: Model loaded: /tmp/pytest-of-codespace/pytest-14/test_save_and_load_roundtrip0/test_model.pkl
2026-08-01 16:54:53  INFO      src.data_loader: Labels created. Rows: 5 (dropped 0). Stunted: 40.0% | Underweight: 40.0% | Wasted: 20.0%
2026-08-01 16:54:53  INFO      src.data_loader: Labels created. Rows: 5 (dropped 0). Stunted: 40.0% | Underweight: 40.0% | Wasted: 20.0%
2026-08-01 16:54:53  INFO      src.data_loader: Labels created. Rows: 5 (dropped 0). Stunted: 40.0% | Underweight: 40.0% | Wasted: 20.0%
2026-08-01 16:54:53  INFO      src.data_loader: Labels created. Rows: 5 (dropped 0). Stunted: 40.0% | Underweight: 40.0% | Wasted: 20.0%
2026-08-01 16:54:53  INFO      src.data_loader: Labels created. Rows: 2 (dropped 1). Stunted: 50.0% | Underweight: 50.0% | Wasted: 50.0%
2026-08-01 16:54:53  INFO      src.data_loader: Labels created. Rows: 1 (dropped 0). Stunted: 0.0% | Underweight: 100.0% | Wasted: 0.0%
2026-08-01 16:54:58  INFO      src.evaluation: stunted: recall=0.400 f1=0.429 roc_auc=0.531
2026-08-01 16:54:58  INFO      src.evaluation: stunted: recall=0.400 f1=0.429 roc_auc=0.531
2026-08-01 16:54:59  INFO      src.evaluation: stunted: recall=0.333 f1=0.348 roc_auc=0.506
2026-08-01 16:54:59  INFO      src.evaluation: underweight: recall=0.357 f1=0.333 roc_auc=0.448
2026-08-01 16:54:59  INFO      src.evaluation: wasted: recall=0.375 f1=0.353 roc_auc=0.715
2026-08-01 16:54:59  INFO      src.evaluation: Macro avg: recall=0.355
2026-08-01 16:54:59  INFO      src.evaluation: stunted: recall=0.333 f1=0.348 roc_auc=0.506
2026-08-01 16:54:59  INFO      src.evaluation: underweight: recall=0.357 f1=0.333 roc_auc=0.448
2026-08-01 16:54:59  INFO      src.evaluation: wasted: recall=0.375 f1=0.353 roc_auc=0.715
2026-08-01 16:54:59  INFO      src.evaluation: Macro avg: recall=0.355
2026-08-01 16:54:59  INFO      src.evaluation: stunted: recall=0.400 f1=0.429 roc_auc=0.531
2026-08-01 16:54:59  INFO      src.evaluation: stunted: recall=0.333 f1=0.348 roc_auc=0.506
2026-08-01 16:54:59  INFO      src.evaluation: underweight: recall=0.357 f1=0.333 roc_auc=0.448
2026-08-01 16:54:59  INFO      src.evaluation: wasted: recall=0.375 f1=0.353 roc_auc=0.715
2026-08-01 16:54:59  INFO      src.evaluation: Macro avg: recall=0.355
2026-08-01 16:54:59  INFO      src.model: Model saved: /tmp/pytest-of-codespace/pytest-15/test_save_and_load_roundtrip0/test_model.pkl  (0.0 MB)
2026-08-01 16:54:59  INFO      src.model: Model loaded: /tmp/pytest-of-codespace/pytest-15/test_save_and_load_roundtrip0/test_model.pkl
2026-08-01 17:01:23  INFO      src.data_loader: Labels created. Rows: 5 (dropped 0). Stunted: 40.0% | Underweight: 40.0% | Wasted: 20.0%
2026-08-01 17:01:23  INFO      src.data_loader: Labels created. Rows: 5 (dropped 0). Stunted: 40.0% | Underweight: 40.0% | Wasted: 20.0%
2026-08-01 17:01:23  INFO      src.data_loader: Labels created. Rows: 5 (dropped 0). Stunted: 40.0% | Underweight: 40.0% | Wasted: 20.0%
2026-08-01 17:01:23  INFO      src.data_loader: Labels created. Rows: 5 (dropped 0). Stunted: 40.0% | Underweight: 40.0% | Wasted: 20.0%
2026-08-01 17:01:23  INFO      src.data_loader: Labels created. Rows: 2 (dropped 1). Stunted: 50.0% | Underweight: 50.0% | Wasted: 50.0%
2026-08-01 17:01:23  INFO      src.data_loader: Labels created. Rows: 1 (dropped 0). Stunted: 0.0% | Underweight: 100.0% | Wasted: 0.0%
2026-08-01 17:01:28  INFO      src.evaluation: stunted: recall=0.400 f1=0.429 roc_auc=0.531
2026-08-01 17:01:28  INFO      src.evaluation: stunted: recall=0.400 f1=0.429 roc_auc=0.531
2026-08-01 17:01:28  INFO      src.evaluation: stunted: recall=0.333 f1=0.348 roc_auc=0.506
2026-08-01 17:01:28  INFO      src.evaluation: underweight: recall=0.357 f1=0.333 roc_auc=0.448
2026-08-01 17:01:28  INFO      src.evaluation: wasted: recall=0.375 f1=0.353 roc_auc=0.715
2026-08-01 17:01:28  INFO      src.evaluation: Macro avg: recall=0.355
2026-08-01 17:01:28  INFO      src.evaluation: stunted: recall=0.333 f1=0.348 roc_auc=0.506
2026-08-01 17:01:28  INFO      src.evaluation: underweight: recall=0.357 f1=0.333 roc_auc=0.448
2026-08-01 17:01:28  INFO      src.evaluation: wasted: recall=0.375 f1=0.353 roc_auc=0.715
2026-08-01 17:01:28  INFO      src.evaluation: Macro avg: recall=0.355
2026-08-01 17:01:29  INFO      src.evaluation: stunted: recall=0.400 f1=0.429 roc_auc=0.531
2026-08-01 17:01:29  INFO      src.evaluation: stunted: recall=0.333 f1=0.348 roc_auc=0.506
2026-08-01 17:01:29  INFO      src.evaluation: underweight: recall=0.357 f1=0.333 roc_auc=0.448
2026-08-01 17:01:29  INFO      src.evaluation: wasted: recall=0.375 f1=0.353 roc_auc=0.715
2026-08-01 17:01:29  INFO      src.evaluation: Macro avg: recall=0.355
2026-08-01 17:01:29  INFO      src.model: Model saved: /tmp/pytest-of-codespace/pytest-16/test_save_and_load_roundtrip0/test_model.pkl  (0.0 MB)
2026-08-01 17:01:29  INFO      src.model: Model loaded: /tmp/pytest-of-codespace/pytest-16/test_save_and_load_roundtrip0/test_model.pkl
2026-08-01 17:03:03  INFO      src.data_loader: Labels created. Rows: 5 (dropped 0). Stunted: 40.0% | Underweight: 40.0% | Wasted: 20.0%
2026-08-01 17:03:03  INFO      src.data_loader: Labels created. Rows: 5 (dropped 0). Stunted: 40.0% | Underweight: 40.0% | Wasted: 20.0%
2026-08-01 17:03:03  INFO      src.data_loader: Labels created. Rows: 5 (dropped 0). Stunted: 40.0% | Underweight: 40.0% | Wasted: 20.0%
2026-08-01 17:03:03  INFO      src.data_loader: Labels created. Rows: 5 (dropped 0). Stunted: 40.0% | Underweight: 40.0% | Wasted: 20.0%
2026-08-01 17:03:03  INFO      src.data_loader: Labels created. Rows: 2 (dropped 1). Stunted: 50.0% | Underweight: 50.0% | Wasted: 50.0%
2026-08-01 17:03:03  INFO      src.data_loader: Labels created. Rows: 1 (dropped 0). Stunted: 0.0% | Underweight: 100.0% | Wasted: 0.0%
2026-08-01 17:03:08  INFO      src.evaluation: stunted: recall=0.400 f1=0.429 roc_auc=0.531
2026-08-01 17:03:08  INFO      src.evaluation: stunted: recall=0.400 f1=0.429 roc_auc=0.531
2026-08-01 17:03:09  INFO      src.evaluation: stunted: recall=0.333 f1=0.348 roc_auc=0.506
2026-08-01 17:03:09  INFO      src.evaluation: underweight: recall=0.357 f1=0.333 roc_auc=0.448
2026-08-01 17:03:09  INFO      src.evaluation: wasted: recall=0.375 f1=0.353 roc_auc=0.715
2026-08-01 17:03:09  INFO      src.evaluation: Macro avg: recall=0.355
2026-08-01 17:03:09  INFO      src.evaluation: stunted: recall=0.333 f1=0.348 roc_auc=0.506
2026-08-01 17:03:09  INFO      src.evaluation: underweight: recall=0.357 f1=0.333 roc_auc=0.448
2026-08-01 17:03:09  INFO      src.evaluation: wasted: recall=0.375 f1=0.353 roc_auc=0.715
2026-08-01 17:03:09  INFO      src.evaluation: Macro avg: recall=0.355
2026-08-01 17:03:09  INFO      src.evaluation: stunted: recall=0.400 f1=0.429 roc_auc=0.531
2026-08-01 17:03:09  INFO      src.evaluation: stunted: recall=0.333 f1=0.348 roc_auc=0.506
2026-08-01 17:03:09  INFO      src.evaluation: underweight: recall=0.357 f1=0.333 roc_auc=0.448
2026-08-01 17:03:09  INFO      src.evaluation: wasted: recall=0.375 f1=0.353 roc_auc=0.715
2026-08-01 17:03:09  INFO      src.evaluation: Macro avg: recall=0.355
2026-08-01 17:03:09  INFO      src.model: Model saved: /tmp/pytest-of-codespace/pytest-17/test_save_and_load_roundtrip0/test_model.pkl  (0.0 MB)
2026-08-01 17:03:09  INFO      src.model: Model loaded: /tmp/pytest-of-codespace/pytest-17/test_save_and_load_roundtrip0/test_model.pkl
2026-08-01 17:05:07  INFO      src.data_loader: Labels created. Rows: 5 (dropped 0). Stunted: 40.0% | Underweight: 40.0% | Wasted: 20.0%
2026-08-01 17:05:07  INFO      src.data_loader: Labels created. Rows: 5 (dropped 0). Stunted: 40.0% | Underweight: 40.0% | Wasted: 20.0%
2026-08-01 17:05:07  INFO      src.data_loader: Labels created. Rows: 5 (dropped 0). Stunted: 40.0% | Underweight: 40.0% | Wasted: 20.0%
2026-08-01 17:05:07  INFO      src.data_loader: Labels created. Rows: 5 (dropped 0). Stunted: 40.0% | Underweight: 40.0% | Wasted: 20.0%
2026-08-01 17:05:07  INFO      src.data_loader: Labels created. Rows: 2 (dropped 1). Stunted: 50.0% | Underweight: 50.0% | Wasted: 50.0%
2026-08-01 17:05:07  INFO      src.data_loader: Labels created. Rows: 1 (dropped 0). Stunted: 0.0% | Underweight: 100.0% | Wasted: 0.0%
2026-08-01 17:05:11  INFO      src.evaluation: stunted: recall=0.400 f1=0.429 roc_auc=0.531
2026-08-01 17:05:11  INFO      src.evaluation: stunted: recall=0.400 f1=0.429 roc_auc=0.531
2026-08-01 17:05:12  INFO      src.evaluation: stunted: recall=0.333 f1=0.348 roc_auc=0.506
2026-08-01 17:05:12  INFO      src.evaluation: underweight: recall=0.357 f1=0.333 roc_auc=0.448
2026-08-01 17:05:12  INFO      src.evaluation: wasted: recall=0.375 f1=0.353 roc_auc=0.715
2026-08-01 17:05:12  INFO      src.evaluation: Macro avg: recall=0.355
2026-08-01 17:05:12  INFO      src.evaluation: stunted: recall=0.333 f1=0.348 roc_auc=0.506
2026-08-01 17:05:12  INFO      src.evaluation: underweight: recall=0.357 f1=0.333 roc_auc=0.448
2026-08-01 17:05:12  INFO      src.evaluation: wasted: recall=0.375 f1=0.353 roc_auc=0.715
2026-08-01 17:05:12  INFO      src.evaluation: Macro avg: recall=0.355
2026-08-01 17:05:13  INFO      src.evaluation: stunted: recall=0.400 f1=0.429 roc_auc=0.531
2026-08-01 17:05:13  INFO      src.evaluation: stunted: recall=0.333 f1=0.348 roc_auc=0.506
2026-08-01 17:05:13  INFO      src.evaluation: underweight: recall=0.357 f1=0.333 roc_auc=0.448
2026-08-01 17:05:13  INFO      src.evaluation: wasted: recall=0.375 f1=0.353 roc_auc=0.715
2026-08-01 17:05:13  INFO      src.evaluation: Macro avg: recall=0.355
2026-08-01 17:05:13  INFO      src.model: Model saved: /tmp/pytest-of-codespace/pytest-18/test_save_and_load_roundtrip0/test_model.pkl  (0.0 MB)
2026-08-01 17:05:13  INFO      src.model: Model loaded: /tmp/pytest-of-codespace/pytest-18/test_save_and_load_roundtrip0/test_model.pkl
2026-08-03 17:02:06  INFO      __main__: Loading cleaned NFHS-5 dataset...
2026-08-03 17:02:11  INFO      __main__: Loaded: 228,356 rows
2026-08-03 17:07:23  INFO      __main__: Loading cleaned NFHS-5 dataset...
2026-08-03 17:07:23  INFO      __main__: Loaded: 228,356 rows
2026-08-03 17:08:05  INFO      __main__: Loading cleaned NFHS-5 dataset...
2026-08-03 17:08:05  INFO      __main__: Loaded: 228,356 rows
2026-08-03 17:08:05  INFO      __main__: Saved: /workspaces/malnutrisense/reports/tables/district_prevalence.csv  (36 districts)
2026-08-03 17:08:18  INFO      __main__: Loading cleaned NFHS-5 dataset...
2026-08-03 17:08:18  INFO      __main__: Loaded: 228,356 rows
2026-08-03 17:08:18  INFO      __main__: Saved: /workspaces/malnutrisense/reports/tables/district_prevalence.csv  (36 districts)
2026-08-03 17:24:28  INFO      __main__: Loading raw NFHS-5 DTA with district identifiers...
2026-08-03 17:24:33  INFO      __main__: Loaded: 232,920 rows
2026-08-03 17:24:33  INFO      __main__: Saved: /workspaces/malnutrisense/reports/tables/district_prevalence.csv  (707 districts)
2026-08-03 17:25:25  INFO      __main__: Loading raw NFHS-5 DTA with district identifiers...
2026-08-03 17:25:29  INFO      __main__: Loaded: 232,920 rows
2026-08-03 17:25:29  INFO      __main__: Saved: /workspaces/malnutrisense/reports/tables/district_prevalence.csv  (707 districts)
2026-08-03 18:05:13  INFO      __main__: GEE initialized
2026-08-03 18:05:13  INFO      __main__: India districts loaded from GAUL
2026-08-03 18:05:13  INFO      __main__: NDVI export task started. Check GEE Tasks tab for progress.
2026-08-03 18:05:13  INFO      __main__: Download CSV from Google Drive when complete.
2026-08-03 18:05:13  INFO      __main__: Save to: data/raw/external/ndvi_districts.csv
2026-08-03 18:06:55  INFO      __main__: GEE initialized
2026-08-03 18:06:55  INFO      __main__: India districts loaded from GAUL
2026-08-03 18:06:56  INFO      __main__: NDVI export task started. Check GEE Tasks tab for progress.
2026-08-03 18:06:56  INFO      __main__: Download CSV from Google Drive when complete.
2026-08-03 18:06:56  INFO      __main__: Save to: data/raw/external/ndvi_districts.csv
2026-08-04 15:34:24  INFO      __main__: Computing SPI-3...
2026-08-04 15:34:25  INFO      __main__: SPI computed for 573 districts
2026-08-04 15:34:29  INFO      __main__: NFHS-5 loaded: 228,356 rows
2026-08-04 15:39:16  INFO      __main__: Computing SPI-3...
2026-08-04 15:39:17  INFO      __main__: SPI computed for 573 districts
2026-08-04 15:39:17  INFO      __main__: NFHS-5 loaded: 228,356 rows
2026-08-04 15:45:43  INFO      __main__: Computing SPI-3...
2026-08-04 15:45:44  INFO      __main__: SPI computed for 573 districts
2026-08-04 15:45:44  INFO      __main__: NFHS-5 loaded: 228,356 rows
2026-08-04 15:45:45  INFO      __main__: Satellite coverage: 90.2% of records
2026-08-04 15:45:48  INFO      __main__: Saved: /workspaces/malnutrisense/data/processed/nfhs5_with_satellite.csv (228,356 rows, 21 cols)
2026-08-04 15:45:48  INFO      __main__: Saved coverage report: /workspaces/malnutrisense/reports/tables/satellite_coverage.csv
2026-08-04 15:46:04  INFO      __main__: Computing SPI-3...
2026-08-04 15:46:05  INFO      __main__: SPI computed for 573 districts
2026-08-04 15:46:05  INFO      __main__: NFHS-5 loaded: 228,356 rows
2026-08-04 15:46:06  INFO      __main__: Satellite coverage: 90.2% of records
2026-08-04 15:46:09  INFO      __main__: Saved: /workspaces/malnutrisense/data/processed/nfhs5_with_satellite.csv (228,356 rows, 21 cols)
2026-08-04 15:46:09  INFO      __main__: Saved coverage report: /workspaces/malnutrisense/reports/tables/satellite_coverage.csv
2026-08-04 15:57:57  INFO      __main__: Satellite dataset: 228,356 rows x 21 cols
2026-08-04 15:57:57  INFO      __main__: After satellite NaN drop: 205,903 rows
2026-08-04 15:57:57  WARNING   src.preprocessing: Dropped 26,453 rows with missing target labels before train/test split.
2026-08-04 15:57:57  INFO      src.preprocessing: Train/test split: 143,560 train | 35,890 test (20% test, stratified on stunted)
2026-08-04 15:57:57  INFO      src.model: Class weights loaded: {'stunted': 1.8195, 'underweight': 2.2367, 'wasted': 4.3705}
2026-08-04 15:58:13  INFO      src.evaluation: stunted: recall=0.991 f1=0.966 roc_auc=0.999
2026-08-04 15:58:14  INFO      src.evaluation: underweight: recall=0.991 f1=0.966 roc_auc=0.999
2026-08-04 15:58:14  INFO      src.evaluation: wasted: recall=0.992 f1=0.964 roc_auc=0.999
2026-08-04 15:58:14  INFO      src.evaluation: Macro avg: recall=0.991
2026-08-04 15:58:14  INFO      src.model: Model saved: /workspaces/malnutrisense/models/mltp_xgb_satellite_v1.pkl  (4.9 MB)
2026-08-04 16:12:06  INFO      __main__: Loading NFHS-4 KR file...
2026-08-04 16:12:11  INFO      __main__: NFHS-4 loaded: 0 rows
2026-08-04 16:21:12  INFO      __main__: Loading NFHS-4 KR file...
2026-08-04 16:21:15  INFO      __main__: NFHS-4 loaded: 0 rows
2026-08-04 16:23:52  INFO      __main__: Loading NFHS-4 KR file...
2026-08-04 16:25:25  INFO      __main__: Loading NFHS-4 KR file...
2026-08-04 16:25:28  INFO      __main__: NFHS-4 loaded: 259,627 rows
2026-08-04 16:26:25  INFO      __main__: Loading NFHS-4 KR file...
2026-08-04 16:26:31  INFO      __main__: NFHS-4 loaded: 259,627 rows
2026-08-04 16:26:31  INFO      __main__: Velocity computed for 705 districts
2026-08-04 16:28:07  INFO      scripts.compute_velocity_features: Loading NFHS-4 KR file...
2026-08-04 16:28:11  INFO      scripts.compute_velocity_features: NFHS-4 loaded: 259,627 rows
2026-08-04 16:28:11  INFO      scripts.compute_velocity_features: Velocity computed for 705 districts
2026-08-04 16:31:41  INFO      __main__: Loading NFHS-4 KR file...
2026-08-04 16:31:46  INFO      __main__: NFHS-4 loaded: 259,627 rows
2026-08-04 16:31:46  INFO      __main__: Velocity computed for 35 states
2026-08-04 16:31:50  INFO      __main__: Velocity coverage: 99.8%
2026-08-04 16:33:04  INFO      __main__: Loading NFHS-4 KR file...
2026-08-04 16:33:08  INFO      __main__: NFHS-4 loaded: 259,627 rows
2026-08-04 16:33:08  INFO      __main__: Velocity computed for 35 states
2026-08-04 16:33:11  INFO      __main__: Velocity coverage: 99.8%
2026-08-04 16:39:07  INFO      __main__: Velocity dataset: 227,828 rows
2026-08-04 16:39:07  WARNING   src.preprocessing: Dropped 29,485 rows with missing target labels before train/test split.
2026-08-04 16:39:07  INFO      src.preprocessing: Train/test split: 158,674 train | 39,669 test (20% test, stratified on stunted)
2026-08-04 16:39:07  INFO      src.model: Class weights loaded: {'stunted': 1.8195, 'underweight': 2.2367, 'wasted': 4.3705}
2026-08-04 16:39:28  INFO      src.evaluation: stunted: recall=1.000 f1=1.000 roc_auc=1.000
2026-08-04 16:39:28  INFO      src.evaluation: underweight: recall=0.997 f1=0.996 roc_auc=1.000
2026-08-04 16:39:28  INFO      src.evaluation: wasted: recall=0.999 f1=0.996 roc_auc=1.000
2026-08-04 16:39:28  INFO      src.evaluation: Macro avg: recall=0.999
2026-08-04 16:39:28  INFO      src.model: Model saved: /workspaces/malnutrisense/models/mltp_xgb_velocity_v1.pkl  (2.2 MB)
2026-08-04 16:51:06  INFO      __main__: Dataset loaded: 228,356 rows
2026-08-04 16:54:10  INFO      __main__: Dataset loaded: 228,356 rows
2026-08-04 16:54:10  INFO      src.federated.partition: Uttar_Pradesh: 34,330 rows
2026-08-04 16:54:10  WARNING   src.preprocessing: Dropped 4,659 rows with missing target labels before train/test split.
2026-08-04 16:54:10  INFO      src.preprocessing: Train/test split: 23,736 train | 5,935 test (20% test, stratified on stunted)
2026-08-04 16:54:10  INFO      src.federated.partition: Bihar: 20,179 rows
2026-08-04 16:54:10  WARNING   src.preprocessing: Dropped 2,443 rows with missing target labels before train/test split.
2026-08-04 16:54:10  INFO      src.preprocessing: Train/test split: 14,188 train | 3,548 test (20% test, stratified on stunted)
2026-08-04 16:54:10  INFO      src.federated.partition: Madhya_Pradesh: 15,847 rows
2026-08-04 16:54:10  WARNING   src.preprocessing: Dropped 2,242 rows with missing target labels before train/test split.
2026-08-04 16:54:10  INFO      src.preprocessing: Train/test split: 10,884 train | 2,721 test (20% test, stratified on stunted)
2026-08-04 16:54:10  INFO      src.federated.partition: Rajasthan: 14,426 rows
2026-08-04 16:54:10  WARNING   src.preprocessing: Dropped 1,748 rows with missing target labels before train/test split.
2026-08-04 16:54:10  INFO      src.preprocessing: Train/test split: 10,142 train | 2,536 test (20% test, stratified on stunted)
2026-08-04 16:54:10  INFO      src.federated.partition: Maharashtra: 9,411 rows
2026-08-04 16:54:10  WARNING   src.preprocessing: Dropped 1,404 rows with missing target labels before train/test split.
2026-08-04 16:54:10  INFO      src.preprocessing: Train/test split: 6,405 train | 1,602 test (20% test, stratified on stunted)
2026-08-04 16:54:10  INFO      src.federated.partition: Created 5 state partitions
2026-08-04 16:54:10  INFO      __main__: Starting FL simulation: 10 rounds, 5 clients
2026-08-04 16:56:06  INFO      __main__: Dataset loaded: 228,356 rows
2026-08-04 16:56:06  INFO      src.federated.partition: Uttar_Pradesh: 34,330 rows
2026-08-04 16:56:06  WARNING   src.preprocessing: Dropped 4,659 rows with missing target labels before train/test split.
2026-08-04 16:56:06  INFO      src.preprocessing: Train/test split: 23,736 train | 5,935 test (20% test, stratified on stunted)
2026-08-04 16:56:06  INFO      src.federated.partition: Bihar: 20,179 rows
2026-08-04 16:56:06  WARNING   src.preprocessing: Dropped 2,443 rows with missing target labels before train/test split.
2026-08-04 16:56:06  INFO      src.preprocessing: Train/test split: 14,188 train | 3,548 test (20% test, stratified on stunted)
2026-08-04 16:56:06  INFO      src.federated.partition: Madhya_Pradesh: 15,847 rows
2026-08-04 16:56:06  WARNING   src.preprocessing: Dropped 2,242 rows with missing target labels before train/test split.
2026-08-04 16:56:06  INFO      src.preprocessing: Train/test split: 10,884 train | 2,721 test (20% test, stratified on stunted)
2026-08-04 16:56:06  INFO      src.federated.partition: Rajasthan: 14,426 rows
2026-08-04 16:56:06  WARNING   src.preprocessing: Dropped 1,748 rows with missing target labels before train/test split.
2026-08-04 16:56:07  INFO      src.preprocessing: Train/test split: 10,142 train | 2,536 test (20% test, stratified on stunted)
2026-08-04 16:56:07  INFO      src.federated.partition: Maharashtra: 9,411 rows
2026-08-04 16:56:07  WARNING   src.preprocessing: Dropped 1,404 rows with missing target labels before train/test split.
2026-08-04 16:56:07  INFO      src.preprocessing: Train/test split: 6,405 train | 1,602 test (20% test, stratified on stunted)
2026-08-04 16:56:07  INFO      src.federated.partition: Created 5 state partitions
2026-08-04 16:56:07  INFO      __main__: Starting FL simulation: 10 rounds, 5 clients
2026-08-04 16:56:52  INFO      __main__: Dataset loaded: 228,356 rows
2026-08-04 16:56:53  INFO      src.federated.partition: Uttar_Pradesh: 34,330 rows
2026-08-04 16:56:53  WARNING   src.preprocessing: Dropped 4,659 rows with missing target labels before train/test split.
2026-08-04 16:56:53  INFO      src.preprocessing: Train/test split: 23,736 train | 5,935 test (20% test, stratified on stunted)
2026-08-04 16:56:53  INFO      src.federated.partition: Bihar: 20,179 rows
2026-08-04 16:56:53  WARNING   src.preprocessing: Dropped 2,443 rows with missing target labels before train/test split.
2026-08-04 16:56:53  INFO      src.preprocessing: Train/test split: 14,188 train | 3,548 test (20% test, stratified on stunted)
2026-08-04 16:56:53  INFO      src.federated.partition: Madhya_Pradesh: 15,847 rows
2026-08-04 16:56:53  WARNING   src.preprocessing: Dropped 2,242 rows with missing target labels before train/test split.
2026-08-04 16:56:53  INFO      src.preprocessing: Train/test split: 10,884 train | 2,721 test (20% test, stratified on stunted)
2026-08-04 16:56:53  INFO      src.federated.partition: Rajasthan: 14,426 rows
2026-08-04 16:56:53  WARNING   src.preprocessing: Dropped 1,748 rows with missing target labels before train/test split.
2026-08-04 16:56:53  INFO      src.preprocessing: Train/test split: 10,142 train | 2,536 test (20% test, stratified on stunted)
2026-08-04 16:56:53  INFO      src.federated.partition: Maharashtra: 9,411 rows
2026-08-04 16:56:53  WARNING   src.preprocessing: Dropped 1,404 rows with missing target labels before train/test split.
2026-08-04 16:56:53  INFO      src.preprocessing: Train/test split: 6,405 train | 1,602 test (20% test, stratified on stunted)
2026-08-04 16:56:53  INFO      src.federated.partition: Created 5 state partitions
2026-08-04 16:56:53  INFO      __main__: Starting FL simulation: 10 rounds, 5 clients
2026-08-04 16:57:23  INFO      src.model: Class weights loaded: {'stunted': 1.8195, 'underweight': 2.2367, 'wasted': 4.3705}
2026-08-04 16:57:28  INFO      src.federated.client: Client [Madhya_Pradesh] initialised: 10,884 local rows
2026-08-04 16:57:28  INFO      src.model: Class weights loaded: {'stunted': 1.8195, 'underweight': 2.2367, 'wasted': 4.3705}
2026-08-04 16:57:28  INFO      src.federated.client: Client [Maharashtra] initialised: 6,405 local rows
2026-08-04 16:57:28  INFO      src.model: Class weights loaded: {'stunted': 1.8195, 'underweight': 2.2367, 'wasted': 4.3705}
2026-08-04 16:57:29  INFO      src.federated.client: Client [Rajasthan] initialised: 10,142 local rows
2026-08-04 16:57:29  INFO      src.model: Class weights loaded: {'stunted': 1.8195, 'underweight': 2.2367, 'wasted': 4.3705}
2026-08-04 16:57:29  INFO      src.federated.client: Client [Uttar_Pradesh] initialised: 23,736 local rows
2026-08-04 16:57:29  INFO      src.model: Class weights loaded: {'stunted': 1.8195, 'underweight': 2.2367, 'wasted': 4.3705}
2026-08-04 16:57:29  INFO      src.federated.client: Client [Madhya_Pradesh] initialised: 10,884 local rows
2026-08-04 16:57:32  INFO      src.model: Class weights loaded: {'stunted': 1.8195, 'underweight': 2.2367, 'wasted': 4.3705}
2026-08-04 16:57:36  INFO      src.federated.client: Client [Bihar] initialised: 14,188 local rows
2026-08-04 16:57:36  INFO      src.model: Class weights loaded: {'stunted': 1.8195, 'underweight': 2.2367, 'wasted': 4.3705}
2026-08-04 16:57:36  INFO      src.model: Class weights loaded: {'stunted': 1.8195, 'underweight': 2.2367, 'wasted': 4.3705}
2026-08-04 16:57:37  INFO      src.federated.client: Client [Rajasthan] initialised: 10,142 local rows
2026-08-04 16:57:37  INFO      src.model: Class weights loaded: {'stunted': 1.8195, 'underweight': 2.2367, 'wasted': 4.3705}
2026-08-04 16:57:37  INFO      src.federated.client: Client [Maharashtra] initialised: 6,405 local rows
2026-08-04 16:57:37  INFO      src.model: Class weights loaded: {'stunted': 1.8195, 'underweight': 2.2367, 'wasted': 4.3705}
2026-08-04 16:57:38  INFO      src.federated.client: Client [Bihar] initialised: 14,188 local rows
2026-08-04 16:57:38  INFO      src.federated.client: Client [Uttar_Pradesh] initialised: 23,736 local rows
2026-08-04 16:57:38  INFO      src.model: Class weights loaded: {'stunted': 1.8195, 'underweight': 2.2367, 'wasted': 4.3705}
2026-08-04 16:57:38  INFO      src.federated.client: Client [Madhya_Pradesh] initialised: 10,884 local rows
2026-08-04 16:57:38  INFO      src.model: Class weights loaded: {'stunted': 1.8195, 'underweight': 2.2367, 'wasted': 4.3705}
2026-08-04 16:57:38  INFO      src.model: Class weights loaded: {'stunted': 1.8195, 'underweight': 2.2367, 'wasted': 4.3705}
2026-08-04 16:57:38  INFO      src.federated.client: Client [Bihar] initialised: 14,188 local rows
2026-08-04 16:57:38  INFO      src.federated.client: Client [Uttar_Pradesh] initialised: 23,736 local rows
2026-08-04 16:57:38  INFO      src.model: Class weights loaded: {'stunted': 1.8195, 'underweight': 2.2367, 'wasted': 4.3705}
2026-08-04 16:57:38  INFO      src.model: Class weights loaded: {'stunted': 1.8195, 'underweight': 2.2367, 'wasted': 4.3705}
2026-08-04 16:57:39  INFO      src.federated.client: Client [Rajasthan] initialised: 10,142 local rows
2026-08-04 16:57:39  INFO      src.model: Class weights loaded: {'stunted': 1.8195, 'underweight': 2.2367, 'wasted': 4.3705}
2026-08-04 16:57:39  INFO      src.federated.client: Client [Madhya_Pradesh] initialised: 10,884 local rows
2026-08-04 16:57:39  INFO      src.federated.client: Client [Maharashtra] initialised: 6,405 local rows
2026-08-04 16:57:39  INFO      src.model: Class weights loaded: {'stunted': 1.8195, 'underweight': 2.2367, 'wasted': 4.3705}
2026-08-04 16:57:39  INFO      src.model: Class weights loaded: {'stunted': 1.8195, 'underweight': 2.2367, 'wasted': 4.3705}
2026-08-04 16:57:40  INFO      src.federated.client: Client [Maharashtra] initialised: 6,405 local rows
2026-08-04 16:57:40  INFO      src.federated.client: Client [Rajasthan] initialised: 10,142 local rows
2026-08-04 16:57:40  INFO      src.model: Class weights loaded: {'stunted': 1.8195, 'underweight': 2.2367, 'wasted': 4.3705}
2026-08-04 16:57:40  INFO      src.model: Class weights loaded: {'stunted': 1.8195, 'underweight': 2.2367, 'wasted': 4.3705}
2026-08-04 16:57:40  INFO      src.federated.client: Client [Bihar] initialised: 14,188 local rows
2026-08-04 16:57:40  INFO      src.model: Class weights loaded: {'stunted': 1.8195, 'underweight': 2.2367, 'wasted': 4.3705}
2026-08-04 16:57:40  INFO      src.federated.client: Client [Madhya_Pradesh] initialised: 10,884 local rows
2026-08-04 16:57:41  INFO      src.federated.client: Client [Uttar_Pradesh] initialised: 23,736 local rows
2026-08-04 16:57:41  INFO      src.model: Class weights loaded: {'stunted': 1.8195, 'underweight': 2.2367, 'wasted': 4.3705}
2026-08-04 16:57:41  INFO      src.model: Class weights loaded: {'stunted': 1.8195, 'underweight': 2.2367, 'wasted': 4.3705}
2026-08-04 16:57:41  INFO      src.federated.client: Client [Madhya_Pradesh] initialised: 10,884 local rows
2026-08-04 16:57:41  INFO      src.federated.client: Client [Maharashtra] initialised: 6,405 local rows
2026-08-04 16:57:41  INFO      src.model: Class weights loaded: {'stunted': 1.8195, 'underweight': 2.2367, 'wasted': 4.3705}
2026-08-04 16:57:41  INFO      src.model: Class weights loaded: {'stunted': 1.8195, 'underweight': 2.2367, 'wasted': 4.3705}
2026-08-04 16:57:41  INFO      src.federated.client: Client [Uttar_Pradesh] initialised: 23,736 local rows
2026-08-04 16:57:41  INFO      src.federated.client: Client [Rajasthan] initialised: 10,142 local rows
2026-08-04 16:57:41  INFO      src.model: Class weights loaded: {'stunted': 1.8195, 'underweight': 2.2367, 'wasted': 4.3705}
2026-08-04 16:57:42  INFO      src.federated.client: Client [Bihar] initialised: 14,188 local rows
2026-08-04 16:57:42  INFO      src.model: Class weights loaded: {'stunted': 1.8195, 'underweight': 2.2367, 'wasted': 4.3705}
2026-08-04 16:57:42  INFO      src.model: Class weights loaded: {'stunted': 1.8195, 'underweight': 2.2367, 'wasted': 4.3705}
2026-08-04 16:57:42  INFO      src.federated.client: Client [Rajasthan] initialised: 10,142 local rows
2026-08-04 16:57:42  INFO      src.model: Class weights loaded: {'stunted': 1.8195, 'underweight': 2.2367, 'wasted': 4.3705}
2026-08-04 16:57:42  INFO      src.federated.client: Client [Madhya_Pradesh] initialised: 10,884 local rows
2026-08-04 16:57:42  INFO      src.model: Class weights loaded: {'stunted': 1.8195, 'underweight': 2.2367, 'wasted': 4.3705}
2026-08-04 16:57:43  INFO      src.federated.client: Client [Bihar] initialised: 14,188 local rows
2026-08-04 16:57:43  INFO      src.model: Class weights loaded: {'stunted': 1.8195, 'underweight': 2.2367, 'wasted': 4.3705}
2026-08-04 16:57:43  INFO      src.federated.client: Client [Uttar_Pradesh] initialised: 23,736 local rows
2026-08-04 16:57:43  INFO      src.federated.client: Client [Maharashtra] initialised: 6,405 local rows
2026-08-04 16:57:43  INFO      src.model: Class weights loaded: {'stunted': 1.8195, 'underweight': 2.2367, 'wasted': 4.3705}
2026-08-04 16:57:43  INFO      src.model: Class weights loaded: {'stunted': 1.8195, 'underweight': 2.2367, 'wasted': 4.3705}
2026-08-04 16:57:44  INFO      src.federated.client: Client [Rajasthan] initialised: 10,142 local rows
2026-08-04 16:57:44  INFO      src.model: Class weights loaded: {'stunted': 1.8195, 'underweight': 2.2367, 'wasted': 4.3705}
2026-08-04 16:57:44  INFO      src.federated.client: Client [Maharashtra] initialised: 6,405 local rows
2026-08-04 16:57:44  INFO      src.model: Class weights loaded: {'stunted': 1.8195, 'underweight': 2.2367, 'wasted': 4.3705}
2026-08-04 16:57:44  INFO      src.federated.client: Client [Madhya_Pradesh] initialised: 10,884 local rows
2026-08-04 16:57:44  INFO      src.model: Class weights loaded: {'stunted': 1.8195, 'underweight': 2.2367, 'wasted': 4.3705}
2026-08-04 16:57:44  INFO      src.federated.client: Client [Bihar] initialised: 14,188 local rows
2026-08-04 16:57:44  INFO      src.federated.client: Client [Uttar_Pradesh] initialised: 23,736 local rows
2026-08-04 16:57:44  INFO      src.model: Class weights loaded: {'stunted': 1.8195, 'underweight': 2.2367, 'wasted': 4.3705}
2026-08-04 16:57:44  INFO      src.model: Class weights loaded: {'stunted': 1.8195, 'underweight': 2.2367, 'wasted': 4.3705}
2026-08-04 16:57:45  INFO      src.federated.client: Client [Maharashtra] initialised: 6,405 local rows
2026-08-04 16:57:45  INFO      src.model: Class weights loaded: {'stunted': 1.8195, 'underweight': 2.2367, 'wasted': 4.3705}
2026-08-04 16:57:45  INFO      src.federated.client: Client [Rajasthan] initialised: 10,142 local rows
2026-08-04 16:57:45  INFO      src.model: Class weights loaded: {'stunted': 1.8195, 'underweight': 2.2367, 'wasted': 4.3705}
2026-08-04 16:57:45  INFO      src.federated.client: Client [Madhya_Pradesh] initialised: 10,884 local rows
2026-08-04 16:57:45  INFO      src.model: Class weights loaded: {'stunted': 1.8195, 'underweight': 2.2367, 'wasted': 4.3705}
2026-08-04 16:57:45  INFO      src.federated.client: Client [Uttar_Pradesh] initialised: 23,736 local rows
2026-08-04 16:57:45  INFO      src.federated.client: Client [Bihar] initialised: 14,188 local rows
2026-08-04 16:57:45  INFO      src.model: Class weights loaded: {'stunted': 1.8195, 'underweight': 2.2367, 'wasted': 4.3705}
2026-08-04 16:57:45  INFO      src.model: Class weights loaded: {'stunted': 1.8195, 'underweight': 2.2367, 'wasted': 4.3705}
2026-08-04 16:57:46  INFO      src.federated.client: Client [Rajasthan] initialised: 10,142 local rows
2026-08-04 16:57:46  INFO      src.model: Class weights loaded: {'stunted': 1.8195, 'underweight': 2.2367, 'wasted': 4.3705}
2026-08-04 16:57:46  INFO      src.federated.client: Client [Uttar_Pradesh] initialised: 23,736 local rows
2026-08-04 16:57:46  INFO      src.model: Class weights loaded: {'stunted': 1.8195, 'underweight': 2.2367, 'wasted': 4.3705}
2026-08-04 16:57:46  INFO      src.federated.client: Client [Maharashtra] initialised: 6,405 local rows
2026-08-04 16:57:46  INFO      src.model: Class weights loaded: {'stunted': 1.8195, 'underweight': 2.2367, 'wasted': 4.3705}
2026-08-04 16:57:46  INFO      src.federated.client: Client [Bihar] initialised: 14,188 local rows
2026-08-04 16:57:47  INFO      src.federated.client: Client [Madhya_Pradesh] initialised: 10,884 local rows
2026-08-04 16:57:47  INFO      src.model: Class weights loaded: {'stunted': 1.8195, 'underweight': 2.2367, 'wasted': 4.3705}
2026-08-04 16:57:47  INFO      src.model: Class weights loaded: {'stunted': 1.8195, 'underweight': 2.2367, 'wasted': 4.3705}
2026-08-04 16:57:47  INFO      src.federated.client: Client [Maharashtra] initialised: 6,405 local rows
2026-08-04 16:57:47  INFO      src.federated.client: Client [Madhya_Pradesh] initialised: 10,884 local rows
2026-08-04 16:57:47  INFO      src.model: Class weights loaded: {'stunted': 1.8195, 'underweight': 2.2367, 'wasted': 4.3705}
2026-08-04 16:57:48  INFO      src.model: Class weights loaded: {'stunted': 1.8195, 'underweight': 2.2367, 'wasted': 4.3705}
2026-08-04 16:57:48  INFO      src.federated.client: Client [Uttar_Pradesh] initialised: 23,736 local rows
2026-08-04 16:57:48  INFO      src.model: Class weights loaded: {'stunted': 1.8195, 'underweight': 2.2367, 'wasted': 4.3705}
2026-08-04 16:57:48  INFO      src.federated.client: Client [Bihar] initialised: 14,188 local rows
2026-08-04 16:57:48  INFO      src.federated.client: Client [Rajasthan] initialised: 10,142 local rows
2026-08-04 16:57:48  INFO      src.model: Class weights loaded: {'stunted': 1.8195, 'underweight': 2.2367, 'wasted': 4.3705}
2026-08-04 16:57:48  INFO      src.model: Class weights loaded: {'stunted': 1.8195, 'underweight': 2.2367, 'wasted': 4.3705}
2026-08-04 16:57:49  INFO      src.federated.client: Client [Uttar_Pradesh] initialised: 23,736 local rows
2026-08-04 16:57:49  INFO      src.model: Class weights loaded: {'stunted': 1.8195, 'underweight': 2.2367, 'wasted': 4.3705}
2026-08-04 16:57:49  INFO      src.federated.client: Client [Madhya_Pradesh] initialised: 10,884 local rows
2026-08-04 16:57:49  INFO      src.model: Class weights loaded: {'stunted': 1.8195, 'underweight': 2.2367, 'wasted': 4.3705}
2026-08-04 16:57:49  INFO      src.federated.client: Client [Bihar] initialised: 14,188 local rows
2026-08-04 16:57:49  INFO      src.federated.client: Client [Rajasthan] initialised: 10,142 local rows
2026-08-04 16:57:49  INFO      src.model: Class weights loaded: {'stunted': 1.8195, 'underweight': 2.2367, 'wasted': 4.3705}
2026-08-04 16:57:50  INFO      src.federated.client: Client [Maharashtra] initialised: 6,405 local rows
2026-08-04 16:57:50  INFO      src.model: Class weights loaded: {'stunted': 1.8195, 'underweight': 2.2367, 'wasted': 4.3705}
2026-08-04 16:57:50  INFO      src.model: Class weights loaded: {'stunted': 1.8195, 'underweight': 2.2367, 'wasted': 4.3705}
2026-08-04 16:57:50  INFO      src.federated.client: Client [Madhya_Pradesh] initialised: 10,884 local rows
2026-08-04 16:57:50  INFO      src.model: Class weights loaded: {'stunted': 1.8195, 'underweight': 2.2367, 'wasted': 4.3705}
2026-08-04 16:57:50  INFO      src.federated.client: Client [Bihar] initialised: 14,188 local rows
2026-08-04 16:57:50  INFO      src.model: Class weights loaded: {'stunted': 1.8195, 'underweight': 2.2367, 'wasted': 4.3705}
2026-08-04 16:57:50  INFO      src.federated.client: Client [Rajasthan] initialised: 10,142 local rows
2026-08-04 16:57:51  INFO      src.model: Class weights loaded: {'stunted': 1.8195, 'underweight': 2.2367, 'wasted': 4.3705}
2026-08-04 16:57:51  INFO      src.federated.client: Client [Maharashtra] initialised: 6,405 local rows
2026-08-04 16:57:51  INFO      src.federated.client: Client [Uttar_Pradesh] initialised: 23,736 local rows
2026-08-04 16:57:51  INFO      src.model: Class weights loaded: {'stunted': 1.8195, 'underweight': 2.2367, 'wasted': 4.3705}
2026-08-04 16:57:51  INFO      src.model: Class weights loaded: {'stunted': 1.8195, 'underweight': 2.2367, 'wasted': 4.3705}
2026-08-04 16:57:51  INFO      src.federated.client: Client [Maharashtra] initialised: 6,405 local rows
2026-08-04 16:57:51  INFO      src.federated.client: Client [Rajasthan] initialised: 10,142 local rows
2026-08-04 16:57:51  INFO      src.model: Class weights loaded: {'stunted': 1.8195, 'underweight': 2.2367, 'wasted': 4.3705}
2026-08-04 16:57:51  INFO      src.model: Class weights loaded: {'stunted': 1.8195, 'underweight': 2.2367, 'wasted': 4.3705}
2026-08-04 16:57:52  INFO      src.federated.client: Client [Bihar] initialised: 14,188 local rows
2026-08-04 16:57:52  INFO      src.model: Class weights loaded: {'stunted': 1.8195, 'underweight': 2.2367, 'wasted': 4.3705}
2026-08-04 16:57:52  INFO      src.federated.client: Client [Madhya_Pradesh] initialised: 10,884 local rows
2026-08-04 16:57:52  INFO      src.federated.client: Client [Uttar_Pradesh] initialised: 23,736 local rows
2026-08-04 16:57:52  INFO      src.model: Class weights loaded: {'stunted': 1.8195, 'underweight': 2.2367, 'wasted': 4.3705}
2026-08-04 16:57:52  INFO      src.model: Class weights loaded: {'stunted': 1.8195, 'underweight': 2.2367, 'wasted': 4.3705}
2026-08-04 16:57:52  INFO      src.federated.client: Client [Bihar] initialised: 14,188 local rows
2026-08-04 16:57:52  INFO      src.federated.client: Client [Rajasthan] initialised: 10,142 local rows
2026-08-04 16:57:52  INFO      src.model: Class weights loaded: {'stunted': 1.8195, 'underweight': 2.2367, 'wasted': 4.3705}
2026-08-04 16:57:52  INFO      src.model: Class weights loaded: {'stunted': 1.8195, 'underweight': 2.2367, 'wasted': 4.3705}
2026-08-04 16:57:53  INFO      src.federated.client: Client [Madhya_Pradesh] initialised: 10,884 local rows
2026-08-04 16:57:53  INFO      src.model: Class weights loaded: {'stunted': 1.8195, 'underweight': 2.2367, 'wasted': 4.3705}
2026-08-04 16:57:53  INFO      src.federated.client: Client [Uttar_Pradesh] initialised: 23,736 local rows
2026-08-04 16:57:53  INFO      src.federated.client: Client [Maharashtra] initialised: 6,405 local rows
2026-08-04 16:57:53  INFO      src.model: Class weights loaded: {'stunted': 1.8195, 'underweight': 2.2367, 'wasted': 4.3705}
2026-08-04 16:57:53  INFO      src.model: Class weights loaded: {'stunted': 1.8195, 'underweight': 2.2367, 'wasted': 4.3705}
2026-08-04 16:57:54  INFO      src.federated.client: Client [Madhya_Pradesh] initialised: 10,884 local rows
2026-08-04 16:57:54  INFO      src.federated.client: Client [Maharashtra] initialised: 6,405 local rows
2026-08-04 16:57:54  INFO      src.model: Class weights loaded: {'stunted': 1.8195, 'underweight': 2.2367, 'wasted': 4.3705}
2026-08-04 16:57:54  INFO      src.model: Class weights loaded: {'stunted': 1.8195, 'underweight': 2.2367, 'wasted': 4.3705}
2026-08-04 16:57:54  INFO      src.federated.client: Client [Rajasthan] initialised: 10,142 local rows
2026-08-04 16:57:54  INFO      src.model: Class weights loaded: {'stunted': 1.8195, 'underweight': 2.2367, 'wasted': 4.3705}
2026-08-04 16:57:54  INFO      src.federated.client: Client [Bihar] initialised: 14,188 local rows
2026-08-04 16:57:54  INFO      src.federated.client: Client [Uttar_Pradesh] initialised: 23,736 local rows
2026-08-04 16:57:54  INFO      src.model: Class weights loaded: {'stunted': 1.8195, 'underweight': 2.2367, 'wasted': 4.3705}
2026-08-04 16:57:54  INFO      src.model: Class weights loaded: {'stunted': 1.8195, 'underweight': 2.2367, 'wasted': 4.3705}
2026-08-04 16:57:55  INFO      src.federated.client: Client [Rajasthan] initialised: 10,142 local rows
2026-08-04 16:57:55  INFO      src.model: Class weights loaded: {'stunted': 1.8195, 'underweight': 2.2367, 'wasted': 4.3705}
2026-08-04 16:57:55  INFO      src.federated.client: Client [Uttar_Pradesh] initialised: 23,736 local rows
2026-08-04 16:57:55  INFO      src.model: Class weights loaded: {'stunted': 1.8195, 'underweight': 2.2367, 'wasted': 4.3705}
2026-08-04 16:57:55  INFO      src.federated.client: Client [Madhya_Pradesh] initialised: 10,884 local rows
2026-08-04 16:57:55  INFO      src.model: Class weights loaded: {'stunted': 1.8195, 'underweight': 2.2367, 'wasted': 4.3705}
2026-08-04 16:57:56  INFO      src.federated.client: Client [Bihar] initialised: 14,188 local rows
2026-08-04 16:57:56  INFO      src.federated.client: Client [Maharashtra] initialised: 6,405 local rows
2026-08-04 16:57:56  INFO      src.model: Class weights loaded: {'stunted': 1.8195, 'underweight': 2.2367, 'wasted': 4.3705}
2026-08-04 16:57:56  INFO      src.model: Class weights loaded: {'stunted': 1.8195, 'underweight': 2.2367, 'wasted': 4.3705}
2026-08-04 16:57:56  INFO      src.federated.client: Client [Rajasthan] initialised: 10,142 local rows
2026-08-04 16:57:56  INFO      src.model: Class weights loaded: {'stunted': 1.8195, 'underweight': 2.2367, 'wasted': 4.3705}
2026-08-04 16:57:56  INFO      src.federated.client: Client [Maharashtra] initialised: 6,405 local rows
2026-08-04 16:57:56  INFO      src.model: Class weights loaded: {'stunted': 1.8195, 'underweight': 2.2367, 'wasted': 4.3705}
2026-08-04 16:57:57  INFO      src.federated.client: Client [Madhya_Pradesh] initialised: 10,884 local rows
2026-08-04 16:57:57  INFO      src.federated.client: Client [Bihar] initialised: 14,188 local rows
2026-08-04 16:57:57  INFO      src.model: Class weights loaded: {'stunted': 1.8195, 'underweight': 2.2367, 'wasted': 4.3705}
2026-08-04 16:57:57  INFO      src.federated.client: Client [Uttar_Pradesh] initialised: 23,736 local rows
2026-08-04 16:57:57  INFO      src.model: Class weights loaded: {'stunted': 1.8195, 'underweight': 2.2367, 'wasted': 4.3705}
2026-08-04 16:57:57  INFO      src.model: Class weights loaded: {'stunted': 1.8195, 'underweight': 2.2367, 'wasted': 4.3705}
2026-08-04 16:57:57  INFO      src.federated.client: Client [Rajasthan] initialised: 10,142 local rows
2026-08-04 16:57:57  INFO      src.model: Class weights loaded: {'stunted': 1.8195, 'underweight': 2.2367, 'wasted': 4.3705}
2026-08-04 16:57:58  INFO      src.federated.client: Client [Madhya_Pradesh] initialised: 10,884 local rows
2026-08-04 16:57:58  INFO      src.model: Class weights loaded: {'stunted': 1.8195, 'underweight': 2.2367, 'wasted': 4.3705}
2026-08-04 16:57:58  INFO      src.federated.client: Client [Maharashtra] initialised: 6,405 local rows
2026-08-04 16:57:58  INFO      src.model: Class weights loaded: {'stunted': 1.8195, 'underweight': 2.2367, 'wasted': 4.3705}
2026-08-04 16:57:58  INFO      src.federated.client: Client [Uttar_Pradesh] initialised: 23,736 local rows
2026-08-04 16:57:58  INFO      src.federated.client: Client [Bihar] initialised: 14,188 local rows
2026-08-04 16:57:58  INFO      src.model: Class weights loaded: {'stunted': 1.8195, 'underweight': 2.2367, 'wasted': 4.3705}
2026-08-04 16:57:58  INFO      src.model: Class weights loaded: {'stunted': 1.8195, 'underweight': 2.2367, 'wasted': 4.3705}
2026-08-04 16:57:59  INFO      src.federated.client: Client [Uttar_Pradesh] initialised: 23,736 local rows
2026-08-04 16:57:59  INFO      src.model: Class weights loaded: {'stunted': 1.8195, 'underweight': 2.2367, 'wasted': 4.3705}
2026-08-04 16:57:59  INFO      src.federated.client: Client [Maharashtra] initialised: 6,405 local rows
2026-08-04 16:57:59  INFO      src.model: Class weights loaded: {'stunted': 1.8195, 'underweight': 2.2367, 'wasted': 4.3705}
2026-08-04 16:57:59  INFO      src.federated.client: Client [Rajasthan] initialised: 10,142 local rows
2026-08-04 16:57:59  INFO      src.model: Class weights loaded: {'stunted': 1.8195, 'underweight': 2.2367, 'wasted': 4.3705}
2026-08-04 16:57:59  INFO      src.federated.client: Client [Madhya_Pradesh] initialised: 10,884 local rows
2026-08-04 16:58:00  INFO      src.federated.client: Client [Bihar] initialised: 14,188 local rows
2026-08-04 16:58:00  INFO      src.model: Class weights loaded: {'stunted': 1.8195, 'underweight': 2.2367, 'wasted': 4.3705}
2026-08-04 16:58:00  INFO      src.model: Class weights loaded: {'stunted': 1.8195, 'underweight': 2.2367, 'wasted': 4.3705}
2026-08-04 16:58:00  INFO      src.federated.client: Client [Rajasthan] initialised: 10,142 local rows
2026-08-04 16:58:00  INFO      src.model: Class weights loaded: {'stunted': 1.8195, 'underweight': 2.2367, 'wasted': 4.3705}
2026-08-04 16:58:00  INFO      src.federated.client: Client [Madhya_Pradesh] initialised: 10,884 local rows
2026-08-04 16:58:00  INFO      src.model: Class weights loaded: {'stunted': 1.8195, 'underweight': 2.2367, 'wasted': 4.3705}
2026-08-04 16:58:01  INFO      src.federated.client: Client [Uttar_Pradesh] initialised: 23,736 local rows
2026-08-04 16:58:01  INFO      src.model: Class weights loaded: {'stunted': 1.8195, 'underweight': 2.2367, 'wasted': 4.3705}
2026-08-04 16:58:01  INFO      src.federated.client: Client [Maharashtra] initialised: 6,405 local rows
2026-08-04 16:58:01  INFO      src.federated.client: Client [Bihar] initialised: 14,188 local rows
2026-08-04 16:58:51  INFO      __main__: Dataset loaded: 228,356 rows
2026-08-04 16:58:51  INFO      src.federated.partition: Uttar_Pradesh: 34,330 rows
2026-08-04 16:58:51  WARNING   src.preprocessing: Dropped 4,659 rows with missing target labels before train/test split.
2026-08-04 16:58:51  INFO      src.preprocessing: Train/test split: 23,736 train | 5,935 test (20% test, stratified on stunted)
2026-08-04 16:58:51  INFO      src.federated.partition: Bihar: 20,179 rows
2026-08-04 16:58:51  WARNING   src.preprocessing: Dropped 2,443 rows with missing target labels before train/test split.
2026-08-04 16:58:51  INFO      src.preprocessing: Train/test split: 14,188 train | 3,548 test (20% test, stratified on stunted)
2026-08-04 16:58:51  INFO      src.federated.partition: Madhya_Pradesh: 15,847 rows
2026-08-04 16:58:51  WARNING   src.preprocessing: Dropped 2,242 rows with missing target labels before train/test split.
2026-08-04 16:58:51  INFO      src.preprocessing: Train/test split: 10,884 train | 2,721 test (20% test, stratified on stunted)
2026-08-04 16:58:51  INFO      src.federated.partition: Rajasthan: 14,426 rows
2026-08-04 16:58:51  WARNING   src.preprocessing: Dropped 1,748 rows with missing target labels before train/test split.
2026-08-04 16:58:51  INFO      src.preprocessing: Train/test split: 10,142 train | 2,536 test (20% test, stratified on stunted)
2026-08-04 16:58:51  INFO      src.federated.partition: Maharashtra: 9,411 rows
2026-08-04 16:58:51  WARNING   src.preprocessing: Dropped 1,404 rows with missing target labels before train/test split.
2026-08-04 16:58:51  INFO      src.preprocessing: Train/test split: 6,405 train | 1,602 test (20% test, stratified on stunted)
2026-08-04 16:58:51  INFO      src.federated.partition: Created 5 state partitions
2026-08-04 16:58:51  INFO      __main__: Starting FL simulation: 10 rounds, 5 clients
2026-08-04 16:59:17  INFO      src.model: Class weights loaded: {'stunted': 1.8195, 'underweight': 2.2367, 'wasted': 4.3705}
2026-08-04 16:59:21  INFO      src.federated.client: Client [Maharashtra] initialised: 6,405 local rows
2026-08-04 16:59:22  INFO      src.model: Class weights loaded: {'stunted': 1.8195, 'underweight': 2.2367, 'wasted': 4.3705}
2026-08-04 16:59:22  INFO      src.federated.client: Client [Rajasthan] initialised: 10,142 local rows
2026-08-04 16:59:22  INFO      src.federated.client: [Rajasthan] Local training: 10,142 rows
2026-08-04 16:59:25  INFO      src.model: Class weights loaded: {'stunted': 1.8195, 'underweight': 2.2367, 'wasted': 4.3705}
2026-08-04 16:59:25  INFO      src.federated.client: Client [Maharashtra] initialised: 6,405 local rows
2026-08-04 16:59:25  INFO      src.federated.client: [Maharashtra] Local training: 6,405 rows
2026-08-04 16:59:27  INFO      src.model: Class weights loaded: {'stunted': 1.8195, 'underweight': 2.2367, 'wasted': 4.3705}
2026-08-04 16:59:27  INFO      src.model: Class weights loaded: {'stunted': 1.8195, 'underweight': 2.2367, 'wasted': 4.3705}
2026-08-04 16:59:27  INFO      src.federated.client: Client [Bihar] initialised: 14,188 local rows
2026-08-04 16:59:27  INFO      src.federated.client: [Bihar] Local training: 14,188 rows
2026-08-04 16:59:32  INFO      src.federated.client: Client [Madhya_Pradesh] initialised: 10,884 local rows
2026-08-04 16:59:32  INFO      src.federated.client: [Madhya_Pradesh] Local training: 10,884 rows
2026-08-04 16:59:32  INFO      src.model: Class weights loaded: {'stunted': 1.8195, 'underweight': 2.2367, 'wasted': 4.3705}
2026-08-04 16:59:33  INFO      src.federated.client: Client [Uttar_Pradesh] initialised: 23,736 local rows
2026-08-04 16:59:33  INFO      src.federated.client: [Uttar_Pradesh] Local training: 23,736 rows
2026-08-04 17:00:43  INFO      __main__: Dataset loaded: 228,356 rows
2026-08-04 17:00:43  INFO      src.federated.partition: Uttar_Pradesh: 34,330 rows
2026-08-04 17:00:43  WARNING   src.preprocessing: Dropped 4,659 rows with missing target labels before train/test split.
2026-08-04 17:00:43  INFO      src.preprocessing: Train/test split: 23,736 train | 5,935 test (20% test, stratified on stunted)
2026-08-04 17:00:43  INFO      src.federated.partition: Bihar: 20,179 rows
2026-08-04 17:00:43  WARNING   src.preprocessing: Dropped 2,443 rows with missing target labels before train/test split.
2026-08-04 17:00:43  INFO      src.preprocessing: Train/test split: 14,188 train | 3,548 test (20% test, stratified on stunted)
2026-08-04 17:00:43  INFO      src.federated.partition: Madhya_Pradesh: 15,847 rows
2026-08-04 17:00:43  WARNING   src.preprocessing: Dropped 2,242 rows with missing target labels before train/test split.
2026-08-04 17:00:43  INFO      src.preprocessing: Train/test split: 10,884 train | 2,721 test (20% test, stratified on stunted)
2026-08-04 17:00:43  INFO      src.federated.partition: Rajasthan: 14,426 rows
2026-08-04 17:00:43  WARNING   src.preprocessing: Dropped 1,748 rows with missing target labels before train/test split.
2026-08-04 17:00:43  INFO      src.preprocessing: Train/test split: 10,142 train | 2,536 test (20% test, stratified on stunted)
2026-08-04 17:00:43  INFO      src.federated.partition: Maharashtra: 9,411 rows
2026-08-04 17:00:43  WARNING   src.preprocessing: Dropped 1,404 rows with missing target labels before train/test split.
2026-08-04 17:00:43  INFO      src.preprocessing: Train/test split: 6,405 train | 1,602 test (20% test, stratified on stunted)
2026-08-04 17:00:43  INFO      src.federated.partition: Created 5 state partitions
2026-08-04 17:00:43  INFO      __main__: Starting FL simulation: 10 rounds, 5 clients
2026-08-04 17:01:04  INFO      src.model: Class weights loaded: {'stunted': 1.8195, 'underweight': 2.2367, 'wasted': 4.3705}
2026-08-04 17:01:08  INFO      src.federated.client: Client [Maharashtra] initialised: 6,405 local rows
2026-08-04 17:01:08  INFO      src.model: Class weights loaded: {'stunted': 1.8195, 'underweight': 2.2367, 'wasted': 4.3705}
2026-08-04 17:01:08  INFO      src.federated.client: Client [Uttar_Pradesh] initialised: 23,736 local rows
2026-08-04 17:01:08  INFO      src.federated.client: [Uttar_Pradesh] Local training: 23,736 rows
2026-08-04 17:01:13  INFO      src.model: Class weights loaded: {'stunted': 1.8195, 'underweight': 2.2367, 'wasted': 4.3705}
2026-08-04 17:01:13  INFO      src.model: Class weights loaded: {'stunted': 1.8195, 'underweight': 2.2367, 'wasted': 4.3705}
2026-08-04 17:01:14  INFO      src.federated.client: Client [Maharashtra] initialised: 6,405 local rows
2026-08-04 17:01:14  INFO      src.federated.client: [Maharashtra] Local training: 6,405 rows
2026-08-04 17:01:16  INFO      src.model: Class weights loaded: {'stunted': 1.8195, 'underweight': 2.2367, 'wasted': 4.3705}
2026-08-04 17:01:17  INFO      src.federated.client: Client [Bihar] initialised: 14,188 local rows
2026-08-04 17:01:17  INFO      src.federated.client: [Bihar] Local training: 14,188 rows
2026-08-04 17:01:19  INFO      src.federated.client: Client [Madhya_Pradesh] initialised: 10,884 local rows
2026-08-04 17:01:19  INFO      src.federated.client: [Madhya_Pradesh] Local training: 10,884 rows
2026-08-04 17:01:21  INFO      src.model: Class weights loaded: {'stunted': 1.8195, 'underweight': 2.2367, 'wasted': 4.3705}
2026-08-04 17:01:22  INFO      src.federated.client: Client [Rajasthan] initialised: 10,142 local rows
2026-08-04 17:01:22  INFO      src.federated.client: [Rajasthan] Local training: 10,142 rows
2026-08-04 17:02:37  INFO      __main__: Dataset loaded: 228,356 rows
2026-08-04 17:02:37  INFO      src.federated.partition: Uttar_Pradesh: 34,330 rows
2026-08-04 17:02:37  WARNING   src.preprocessing: Dropped 4,659 rows with missing target labels before train/test split.
2026-08-04 17:02:37  INFO      src.preprocessing: Train/test split: 23,736 train | 5,935 test (20% test, stratified on stunted)
2026-08-04 17:02:37  INFO      src.federated.partition: Bihar: 20,179 rows
2026-08-04 17:02:37  WARNING   src.preprocessing: Dropped 2,443 rows with missing target labels before train/test split.
2026-08-04 17:02:37  INFO      src.preprocessing: Train/test split: 14,188 train | 3,548 test (20% test, stratified on stunted)
2026-08-04 17:02:37  INFO      src.federated.partition: Madhya_Pradesh: 15,847 rows
2026-08-04 17:02:37  WARNING   src.preprocessing: Dropped 2,242 rows with missing target labels before train/test split.
2026-08-04 17:02:37  INFO      src.preprocessing: Train/test split: 10,884 train | 2,721 test (20% test, stratified on stunted)
2026-08-04 17:02:37  INFO      src.federated.partition: Rajasthan: 14,426 rows
2026-08-04 17:02:37  WARNING   src.preprocessing: Dropped 1,748 rows with missing target labels before train/test split.
2026-08-04 17:02:37  INFO      src.preprocessing: Train/test split: 10,142 train | 2,536 test (20% test, stratified on stunted)
2026-08-04 17:02:37  INFO      src.federated.partition: Maharashtra: 9,411 rows
2026-08-04 17:02:37  WARNING   src.preprocessing: Dropped 1,404 rows with missing target labels before train/test split.
2026-08-04 17:02:37  INFO      src.preprocessing: Train/test split: 6,405 train | 1,602 test (20% test, stratified on stunted)
2026-08-04 17:02:37  INFO      src.federated.partition: Created 5 state partitions
2026-08-04 17:02:37  INFO      __main__: Starting FL simulation: 10 rounds, 5 clients
2026-08-04 17:03:00  INFO      src.model: Class weights loaded: {'stunted': 1.8195, 'underweight': 2.2367, 'wasted': 4.3705}
2026-08-04 17:03:04  INFO      src.federated.client: Client [Maharashtra] initialised: 6,405 local rows
2026-08-04 17:03:04  INFO      src.model: Class weights loaded: {'stunted': 1.8195, 'underweight': 2.2367, 'wasted': 4.3705}
2026-08-04 17:03:05  INFO      src.federated.client: Client [Uttar_Pradesh] initialised: 23,736 local rows
2026-08-04 17:03:05  INFO      src.federated.client: [Uttar_Pradesh] Local training: 23,736 rows
2026-08-04 17:03:10  INFO      src.model: Class weights loaded: {'stunted': 1.8195, 'underweight': 2.2367, 'wasted': 4.3705}
2026-08-04 17:03:10  INFO      src.federated.client: Client [Madhya_Pradesh] initialised: 10,884 local rows
2026-08-04 17:03:10  INFO      src.federated.client: [Madhya_Pradesh] Local training: 10,884 rows
2026-08-04 17:03:10  INFO      src.model: Class weights loaded: {'stunted': 1.8195, 'underweight': 2.2367, 'wasted': 4.3705}
2026-08-04 17:03:14  INFO      src.model: Class weights loaded: {'stunted': 1.8195, 'underweight': 2.2367, 'wasted': 4.3705}
2026-08-04 17:03:15  INFO      src.federated.client: Client [Rajasthan] initialised: 10,142 local rows
2026-08-04 17:03:15  INFO      src.federated.client: [Rajasthan] Local training: 10,142 rows
2026-08-04 17:03:16  INFO      src.federated.client: Client [Bihar] initialised: 14,188 local rows
2026-08-04 17:03:16  INFO      src.federated.client: [Bihar] Local training: 14,188 rows
2026-08-04 17:03:17  INFO      src.model: Class weights loaded: {'stunted': 1.8195, 'underweight': 2.2367, 'wasted': 4.3705}
2026-08-04 17:03:18  INFO      src.federated.client: Client [Maharashtra] initialised: 6,405 local rows
2026-08-04 17:03:18  INFO      src.federated.client: [Maharashtra] Local training: 6,405 rows
2026-08-04 17:03:20  INFO      src.model: Class weights loaded: {'stunted': 1.8195, 'underweight': 2.2367, 'wasted': 4.3705}
2026-08-04 17:03:20  INFO      src.model: Class weights loaded: {'stunted': 1.8195, 'underweight': 2.2367, 'wasted': 4.3705}
2026-08-04 17:03:20  INFO      src.federated.client: Client [Rajasthan] initialised: 10,142 local rows
2026-08-04 17:03:21  INFO      src.federated.client: Client [Madhya_Pradesh] initialised: 10,884 local rows
2026-08-04 17:03:21  INFO      src.evaluation: stunted: recall=0.870 f1=0.739 roc_auc=0.904
2026-08-04 17:03:21  INFO      src.evaluation: underweight: recall=0.882 f1=0.730 roc_auc=0.919
2026-08-04 17:03:21  INFO      src.evaluation: wasted: recall=0.542 f1=0.643 roc_auc=0.909
2026-08-04 17:03:21  INFO      src.evaluation: Macro avg: recall=0.764
2026-08-04 17:03:21  INFO      src.federated.client: [Rajasthan] Eval recall: 0.7644
2026-08-04 17:03:21  INFO      src.model: Class weights loaded: {'stunted': 1.8195, 'underweight': 2.2367, 'wasted': 4.3705}
2026-08-04 17:03:21  INFO      src.evaluation: stunted: recall=0.637 f1=0.695 roc_auc=0.869
2026-08-04 17:03:21  INFO      src.evaluation: underweight: recall=0.738 f1=0.690 roc_auc=0.865
2026-08-04 17:03:21  INFO      src.evaluation: wasted: recall=0.501 f1=0.504 roc_auc=0.816
2026-08-04 17:03:21  INFO      src.evaluation: Macro avg: recall=0.625
2026-08-04 17:03:21  INFO      src.federated.client: [Madhya_Pradesh] Eval recall: 0.6253
2026-08-04 17:03:21  INFO      src.model: Class weights loaded: {'stunted': 1.8195, 'underweight': 2.2367, 'wasted': 4.3705}
2026-08-04 17:03:21  INFO      src.federated.client: Client [Maharashtra] initialised: 6,405 local rows
2026-08-04 17:03:21  INFO      src.evaluation: stunted: recall=0.744 f1=0.735 roc_auc=0.874
2026-08-04 17:03:21  INFO      src.evaluation: underweight: recall=0.648 f1=0.695 roc_auc=0.860
2026-08-04 17:03:21  INFO      src.federated.client: Client [Uttar_Pradesh] initialised: 23,736 local rows
2026-08-04 17:03:21  INFO      src.evaluation: wasted: recall=0.600 f1=0.665 roc_auc=0.910
2026-08-04 17:03:21  INFO      src.evaluation: Macro avg: recall=0.664
2026-08-04 17:03:21  INFO      src.federated.client: [Maharashtra] Eval recall: 0.6638
2026-08-04 17:03:21  INFO      src.model: Class weights loaded: {'stunted': 1.8195, 'underweight': 2.2367, 'wasted': 4.3705}
2026-08-04 17:03:21  INFO      src.evaluation: stunted: recall=0.797 f1=0.747 roc_auc=0.870
2026-08-04 17:03:21  INFO      src.evaluation: underweight: recall=0.692 f1=0.733 roc_auc=0.914
2026-08-04 17:03:21  INFO      src.evaluation: wasted: recall=0.492 f1=0.561 roc_auc=0.871
2026-08-04 17:03:21  INFO      src.evaluation: Macro avg: recall=0.660
2026-08-04 17:03:21  INFO      src.federated.client: [Uttar_Pradesh] Eval recall: 0.6601
2026-08-04 17:03:22  INFO      src.federated.client: Client [Bihar] initialised: 14,188 local rows
2026-08-04 17:03:22  INFO      src.evaluation: stunted: recall=0.819 f1=0.751 roc_auc=0.858
2026-08-04 17:03:22  INFO      src.evaluation: underweight: recall=0.801 f1=0.747 roc_auc=0.874
2026-08-04 17:03:22  INFO      src.evaluation: wasted: recall=0.435 f1=0.462 roc_auc=0.760
2026-08-04 17:03:22  INFO      src.evaluation: Macro avg: recall=0.685
2026-08-04 17:03:22  INFO      src.federated.client: [Bihar] Eval recall: 0.6851
2026-08-04 17:03:22  INFO      src.model: Class weights loaded: {'stunted': 1.8195, 'underweight': 2.2367, 'wasted': 4.3705}
2026-08-04 17:03:22  INFO      src.model: Class weights loaded: {'stunted': 1.8195, 'underweight': 2.2367, 'wasted': 4.3705}
2026-08-04 17:03:22  INFO      src.federated.client: Client [Bihar] initialised: 14,188 local rows
2026-08-04 17:03:22  INFO      src.federated.client: [Bihar] Local training: 14,188 rows
2026-08-04 17:03:22  INFO      src.federated.client: Client [Rajasthan] initialised: 10,142 local rows
2026-08-04 17:03:22  INFO      src.federated.client: [Rajasthan] Local training: 10,142 rows
2026-08-04 17:03:25  INFO      src.model: Class weights loaded: {'stunted': 1.8195, 'underweight': 2.2367, 'wasted': 4.3705}
2026-08-04 17:03:25  INFO      src.federated.client: Client [Maharashtra] initialised: 6,405 local rows
2026-08-04 17:03:25  INFO      src.federated.client: [Maharashtra] Local training: 6,405 rows
2026-08-04 17:03:26  INFO      src.model: Class weights loaded: {'stunted': 1.8195, 'underweight': 2.2367, 'wasted': 4.3705}
2026-08-04 17:03:26  INFO      src.model: Class weights loaded: {'stunted': 1.8195, 'underweight': 2.2367, 'wasted': 4.3705}
2026-08-04 17:03:27  INFO      src.federated.client: Client [Madhya_Pradesh] initialised: 10,884 local rows
2026-08-04 17:03:27  INFO      src.federated.client: [Madhya_Pradesh] Local training: 10,884 rows
2026-08-04 17:03:27  INFO      src.federated.client: Client [Uttar_Pradesh] initialised: 23,736 local rows
2026-08-04 17:03:27  INFO      src.federated.client: [Uttar_Pradesh] Local training: 23,736 rows
2026-08-04 17:03:32  INFO      src.model: Class weights loaded: {'stunted': 1.8195, 'underweight': 2.2367, 'wasted': 4.3705}
2026-08-04 17:03:32  INFO      src.model: Class weights loaded: {'stunted': 1.8195, 'underweight': 2.2367, 'wasted': 4.3705}
2026-08-04 17:03:32  INFO      src.federated.client: Client [Maharashtra] initialised: 6,405 local rows
2026-08-04 17:03:32  INFO      src.evaluation: stunted: recall=0.744 f1=0.735 roc_auc=0.874
2026-08-04 17:03:32  INFO      src.evaluation: underweight: recall=0.648 f1=0.695 roc_auc=0.860
2026-08-04 17:03:32  INFO      src.evaluation: wasted: recall=0.600 f1=0.665 roc_auc=0.910
2026-08-04 17:03:32  INFO      src.evaluation: Macro avg: recall=0.664
2026-08-04 17:03:32  INFO      src.federated.client: [Maharashtra] Eval recall: 0.6638
2026-08-04 17:03:32  INFO      src.federated.client: Client [Madhya_Pradesh] initialised: 10,884 local rows
2026-08-04 17:03:32  INFO      src.model: Class weights loaded: {'stunted': 1.8195, 'underweight': 2.2367, 'wasted': 4.3705}
2026-08-04 17:03:32  INFO      src.evaluation: stunted: recall=0.637 f1=0.695 roc_auc=0.869
2026-08-04 17:03:32  INFO      src.evaluation: underweight: recall=0.738 f1=0.690 roc_auc=0.865
2026-08-04 17:03:32  INFO      src.evaluation: wasted: recall=0.501 f1=0.504 roc_auc=0.816
2026-08-04 17:03:32  INFO      src.evaluation: Macro avg: recall=0.625
2026-08-04 17:03:32  INFO      src.federated.client: [Madhya_Pradesh] Eval recall: 0.6253
2026-08-04 17:03:32  INFO      src.model: Class weights loaded: {'stunted': 1.8195, 'underweight': 2.2367, 'wasted': 4.3705}
2026-08-04 17:03:33  INFO      src.federated.client: Client [Bihar] initialised: 14,188 local rows
2026-08-04 17:03:33  INFO      src.evaluation: stunted: recall=0.819 f1=0.751 roc_auc=0.858
2026-08-04 17:03:33  INFO      src.evaluation: underweight: recall=0.801 f1=0.747 roc_auc=0.874
2026-08-04 17:03:33  INFO      src.evaluation: wasted: recall=0.435 f1=0.462 roc_auc=0.760
2026-08-04 17:03:33  INFO      src.federated.client: Client [Uttar_Pradesh] initialised: 23,736 local rows
2026-08-04 17:03:33  INFO      src.evaluation: Macro avg: recall=0.685
2026-08-04 17:03:33  INFO      src.federated.client: [Bihar] Eval recall: 0.6851
2026-08-04 17:03:33  INFO      src.model: Class weights loaded: {'stunted': 1.8195, 'underweight': 2.2367, 'wasted': 4.3705}
2026-08-04 17:03:33  INFO      src.evaluation: stunted: recall=0.797 f1=0.747 roc_auc=0.870
2026-08-04 17:03:33  INFO      src.evaluation: underweight: recall=0.692 f1=0.733 roc_auc=0.914
2026-08-04 17:03:33  INFO      src.federated.client: Client [Rajasthan] initialised: 10,142 local rows
2026-08-04 17:03:33  INFO      src.evaluation: wasted: recall=0.492 f1=0.561 roc_auc=0.871
2026-08-04 17:03:33  INFO      src.evaluation: Macro avg: recall=0.660
2026-08-04 17:03:33  INFO      src.federated.client: [Uttar_Pradesh] Eval recall: 0.6601
2026-08-04 17:03:34  INFO      src.evaluation: stunted: recall=0.870 f1=0.739 roc_auc=0.904
2026-08-04 17:03:34  INFO      src.evaluation: underweight: recall=0.882 f1=0.730 roc_auc=0.919
2026-08-04 17:03:34  INFO      src.evaluation: wasted: recall=0.542 f1=0.643 roc_auc=0.909
2026-08-04 17:03:34  INFO      src.evaluation: Macro avg: recall=0.764
2026-08-04 17:03:34  INFO      src.federated.client: [Rajasthan] Eval recall: 0.7644
2026-08-04 17:03:34  INFO      src.model: Class weights loaded: {'stunted': 1.8195, 'underweight': 2.2367, 'wasted': 4.3705}
2026-08-04 17:03:34  INFO      src.model: Class weights loaded: {'stunted': 1.8195, 'underweight': 2.2367, 'wasted': 4.3705}
2026-08-04 17:03:34  INFO      src.federated.client: Client [Madhya_Pradesh] initialised: 10,884 local rows
2026-08-04 17:03:34  INFO      src.federated.client: [Madhya_Pradesh] Local training: 10,884 rows
2026-08-04 17:03:34  INFO      src.federated.client: Client [Maharashtra] initialised: 6,405 local rows
2026-08-04 17:03:34  INFO      src.federated.client: [Maharashtra] Local training: 6,405 rows
2026-08-04 17:03:36  INFO      src.model: Class weights loaded: {'stunted': 1.8195, 'underweight': 2.2367, 'wasted': 4.3705}
2026-08-04 17:03:36  INFO      src.model: Class weights loaded: {'stunted': 1.8195, 'underweight': 2.2367, 'wasted': 4.3705}
2026-08-04 17:03:37  INFO      src.federated.client: Client [Bihar] initialised: 14,188 local rows
2026-08-04 17:03:37  INFO      src.federated.client: [Bihar] Local training: 14,188 rows
2026-08-04 17:03:37  INFO      src.federated.client: Client [Rajasthan] initialised: 10,142 local rows
2026-08-04 17:03:37  INFO      src.federated.client: [Rajasthan] Local training: 10,142 rows
2026-08-04 17:03:40  INFO      src.model: Class weights loaded: {'stunted': 1.8195, 'underweight': 2.2367, 'wasted': 4.3705}
2026-08-04 17:03:40  INFO      src.federated.client: Client [Uttar_Pradesh] initialised: 23,736 local rows
2026-08-04 17:03:40  INFO      src.federated.client: [Uttar_Pradesh] Local training: 23,736 rows
2026-08-04 17:03:43  INFO      src.model: Class weights loaded: {'stunted': 1.8195, 'underweight': 2.2367, 'wasted': 4.3705}
2026-08-04 17:03:43  INFO      src.model: Class weights loaded: {'stunted': 1.8195, 'underweight': 2.2367, 'wasted': 4.3705}
2026-08-04 17:03:44  INFO      src.federated.client: Client [Madhya_Pradesh] initialised: 10,884 local rows
2026-08-04 17:03:44  INFO      src.federated.client: Client [Bihar] initialised: 14,188 local rows
2026-08-04 17:03:44  INFO      src.evaluation: stunted: recall=0.637 f1=0.695 roc_auc=0.869
2026-08-04 17:03:44  INFO      src.evaluation: underweight: recall=0.738 f1=0.690 roc_auc=0.865
2026-08-04 17:03:44  INFO      src.evaluation: wasted: recall=0.501 f1=0.504 roc_auc=0.816
2026-08-04 17:03:44  INFO      src.evaluation: Macro avg: recall=0.625
2026-08-04 17:03:44  INFO      src.federated.client: [Madhya_Pradesh] Eval recall: 0.6253
2026-08-04 17:03:44  INFO      src.model: Class weights loaded: {'stunted': 1.8195, 'underweight': 2.2367, 'wasted': 4.3705}
2026-08-04 17:03:44  INFO      src.evaluation: stunted: recall=0.819 f1=0.751 roc_auc=0.858
2026-08-04 17:03:44  INFO      src.evaluation: underweight: recall=0.801 f1=0.747 roc_auc=0.874
2026-08-04 17:03:44  INFO      src.evaluation: wasted: recall=0.435 f1=0.462 roc_auc=0.760
2026-08-04 17:03:44  INFO      src.evaluation: Macro avg: recall=0.685
2026-08-04 17:03:44  INFO      src.federated.client: [Bihar] Eval recall: 0.6851
2026-08-04 17:03:44  INFO      src.model: Class weights loaded: {'stunted': 1.8195, 'underweight': 2.2367, 'wasted': 4.3705}
2026-08-04 17:03:45  INFO      src.federated.client: Client [Rajasthan] initialised: 10,142 local rows
2026-08-04 17:03:45  INFO      src.federated.client: Client [Uttar_Pradesh] initialised: 23,736 local rows
2026-08-04 17:03:45  INFO      src.evaluation: stunted: recall=0.870 f1=0.739 roc_auc=0.904
2026-08-04 17:03:45  INFO      src.evaluation: underweight: recall=0.882 f1=0.730 roc_auc=0.919
2026-08-04 17:03:45  INFO      src.evaluation: wasted: recall=0.542 f1=0.643 roc_auc=0.909
2026-08-04 17:03:45  INFO      src.evaluation: Macro avg: recall=0.764
2026-08-04 17:03:45  INFO      src.federated.client: [Rajasthan] Eval recall: 0.7644
2026-08-04 17:03:45  INFO      src.model: Class weights loaded: {'stunted': 1.8195, 'underweight': 2.2367, 'wasted': 4.3705}
2026-08-04 17:03:45  INFO      src.evaluation: stunted: recall=0.797 f1=0.747 roc_auc=0.870
2026-08-04 17:03:45  INFO      src.evaluation: underweight: recall=0.692 f1=0.733 roc_auc=0.914
2026-08-04 17:03:45  INFO      src.evaluation: wasted: recall=0.492 f1=0.561 roc_auc=0.871
2026-08-04 17:03:45  INFO      src.evaluation: Macro avg: recall=0.660
2026-08-04 17:03:45  INFO      src.federated.client: [Uttar_Pradesh] Eval recall: 0.6601
2026-08-04 17:03:45  INFO      src.federated.client: Client [Maharashtra] initialised: 6,405 local rows
2026-08-04 17:03:45  INFO      src.evaluation: stunted: recall=0.744 f1=0.735 roc_auc=0.874
2026-08-04 17:03:45  INFO      src.evaluation: underweight: recall=0.648 f1=0.695 roc_auc=0.860
2026-08-04 17:03:45  INFO      src.evaluation: wasted: recall=0.600 f1=0.665 roc_auc=0.910
2026-08-04 17:03:45  INFO      src.evaluation: Macro avg: recall=0.664
2026-08-04 17:03:45  INFO      src.federated.client: [Maharashtra] Eval recall: 0.6638
2026-08-04 17:03:45  INFO      src.model: Class weights loaded: {'stunted': 1.8195, 'underweight': 2.2367, 'wasted': 4.3705}
2026-08-04 17:03:45  INFO      src.model: Class weights loaded: {'stunted': 1.8195, 'underweight': 2.2367, 'wasted': 4.3705}
2026-08-04 17:03:46  INFO      src.federated.client: Client [Madhya_Pradesh] initialised: 10,884 local rows
2026-08-04 17:03:46  INFO      src.federated.client: [Madhya_Pradesh] Local training: 10,884 rows
2026-08-04 17:03:46  INFO      src.federated.client: Client [Rajasthan] initialised: 10,142 local rows
2026-08-04 17:03:46  INFO      src.federated.client: [Rajasthan] Local training: 10,142 rows
2026-08-04 17:03:48  INFO      src.model: Class weights loaded: {'stunted': 1.8195, 'underweight': 2.2367, 'wasted': 4.3705}
2026-08-04 17:03:48  INFO      src.model: Class weights loaded: {'stunted': 1.8195, 'underweight': 2.2367, 'wasted': 4.3705}
2026-08-04 17:03:48  INFO      src.federated.client: Client [Bihar] initialised: 14,188 local rows
2026-08-04 17:03:48  INFO      src.federated.client: [Bihar] Local training: 14,188 rows
2026-08-04 17:03:49  INFO      src.federated.client: Client [Maharashtra] initialised: 6,405 local rows
2026-08-04 17:03:49  INFO      src.federated.client: [Maharashtra] Local training: 6,405 rows
2026-08-04 17:03:51  INFO      src.model: Class weights loaded: {'stunted': 1.8195, 'underweight': 2.2367, 'wasted': 4.3705}
2026-08-04 17:03:51  INFO      src.federated.client: Client [Uttar_Pradesh] initialised: 23,736 local rows
2026-08-04 17:03:51  INFO      src.federated.client: [Uttar_Pradesh] Local training: 23,736 rows
2026-08-04 17:03:55  INFO      src.model: Class weights loaded: {'stunted': 1.8195, 'underweight': 2.2367, 'wasted': 4.3705}
2026-08-04 17:03:55  INFO      src.model: Class weights loaded: {'stunted': 1.8195, 'underweight': 2.2367, 'wasted': 4.3705}
2026-08-04 17:03:55  INFO      src.federated.client: Client [Rajasthan] initialised: 10,142 local rows
2026-08-04 17:03:55  INFO      src.evaluation: stunted: recall=0.870 f1=0.739 roc_auc=0.904
2026-08-04 17:03:55  INFO      src.evaluation: underweight: recall=0.882 f1=0.730 roc_auc=0.919
2026-08-04 17:03:55  INFO      src.federated.client: Client [Maharashtra] initialised: 6,405 local rows
2026-08-04 17:03:55  INFO      src.evaluation: wasted: recall=0.542 f1=0.643 roc_auc=0.909
2026-08-04 17:03:55  INFO      src.evaluation: Macro avg: recall=0.764
2026-08-04 17:03:55  INFO      src.federated.client: [Rajasthan] Eval recall: 0.7644
2026-08-04 17:03:55  INFO      src.model: Class weights loaded: {'stunted': 1.8195, 'underweight': 2.2367, 'wasted': 4.3705}
2026-08-04 17:03:55  INFO      src.evaluation: stunted: recall=0.744 f1=0.735 roc_auc=0.874
2026-08-04 17:03:55  INFO      src.evaluation: underweight: recall=0.648 f1=0.695 roc_auc=0.860
2026-08-04 17:03:55  INFO      src.evaluation: wasted: recall=0.600 f1=0.665 roc_auc=0.910
2026-08-04 17:03:55  INFO      src.evaluation: Macro avg: recall=0.664
2026-08-04 17:03:55  INFO      src.federated.client: [Maharashtra] Eval recall: 0.6638
2026-08-04 17:03:56  INFO      src.model: Class weights loaded: {'stunted': 1.8195, 'underweight': 2.2367, 'wasted': 4.3705}
2026-08-04 17:03:56  INFO      src.federated.client: Client [Uttar_Pradesh] initialised: 23,736 local rows
2026-08-04 17:03:56  INFO      src.federated.client: Client [Madhya_Pradesh] initialised: 10,884 local rows
2026-08-04 17:03:56  INFO      src.evaluation: stunted: recall=0.637 f1=0.695 roc_auc=0.869
2026-08-04 17:03:56  INFO      src.evaluation: underweight: recall=0.738 f1=0.690 roc_auc=0.865
2026-08-04 17:03:56  INFO      src.evaluation: wasted: recall=0.501 f1=0.504 roc_auc=0.816
2026-08-04 17:03:56  INFO      src.evaluation: Macro avg: recall=0.625
2026-08-04 17:03:56  INFO      src.federated.client: [Madhya_Pradesh] Eval recall: 0.6253
2026-08-04 17:03:56  INFO      src.model: Class weights loaded: {'stunted': 1.8195, 'underweight': 2.2367, 'wasted': 4.3705}
2026-08-04 17:03:56  INFO      src.evaluation: stunted: recall=0.797 f1=0.747 roc_auc=0.870
2026-08-04 17:03:56  INFO      src.evaluation: underweight: recall=0.692 f1=0.733 roc_auc=0.914
2026-08-04 17:03:56  INFO      src.evaluation: wasted: recall=0.492 f1=0.561 roc_auc=0.871
2026-08-04 17:03:56  INFO      src.evaluation: Macro avg: recall=0.660
2026-08-04 17:03:56  INFO      src.federated.client: [Uttar_Pradesh] Eval recall: 0.6601
2026-08-04 17:03:56  INFO      src.federated.client: Client [Bihar] initialised: 14,188 local rows
2026-08-04 17:03:56  INFO      src.evaluation: stunted: recall=0.819 f1=0.751 roc_auc=0.858
2026-08-04 17:03:56  INFO      src.evaluation: underweight: recall=0.801 f1=0.747 roc_auc=0.874
2026-08-04 17:03:57  INFO      src.evaluation: wasted: recall=0.435 f1=0.462 roc_auc=0.760
2026-08-04 17:03:57  INFO      src.evaluation: Macro avg: recall=0.685
2026-08-04 17:03:57  INFO      src.federated.client: [Bihar] Eval recall: 0.6851
2026-08-04 17:03:57  INFO      src.model: Class weights loaded: {'stunted': 1.8195, 'underweight': 2.2367, 'wasted': 4.3705}
2026-08-04 17:03:57  INFO      src.model: Class weights loaded: {'stunted': 1.8195, 'underweight': 2.2367, 'wasted': 4.3705}
2026-08-04 17:03:57  INFO      src.federated.client: Client [Bihar] initialised: 14,188 local rows
2026-08-04 17:03:57  INFO      src.federated.client: [Bihar] Local training: 14,188 rows
2026-08-04 17:03:57  INFO      src.federated.client: Client [Rajasthan] initialised: 10,142 local rows
2026-08-04 17:03:57  INFO      src.federated.client: [Rajasthan] Local training: 10,142 rows
2026-08-04 17:04:00  INFO      src.model: Class weights loaded: {'stunted': 1.8195, 'underweight': 2.2367, 'wasted': 4.3705}
2026-08-04 17:04:00  INFO      src.federated.client: Client [Uttar_Pradesh] initialised: 23,736 local rows
2026-08-04 17:04:00  INFO      src.federated.client: [Uttar_Pradesh] Local training: 23,736 rows
2026-08-04 17:04:01  INFO      src.model: Class weights loaded: {'stunted': 1.8195, 'underweight': 2.2367, 'wasted': 4.3705}
2026-08-04 17:04:02  INFO      src.federated.client: Client [Madhya_Pradesh] initialised: 10,884 local rows
2026-08-04 17:04:02  INFO      src.federated.client: [Madhya_Pradesh] Local training: 10,884 rows
2026-08-04 17:04:04  INFO      src.model: Class weights loaded: {'stunted': 1.8195, 'underweight': 2.2367, 'wasted': 4.3705}
2026-08-04 17:04:04  INFO      src.federated.client: Client [Maharashtra] initialised: 6,405 local rows
2026-08-04 17:04:04  INFO      src.federated.client: [Maharashtra] Local training: 6,405 rows
2026-08-04 17:04:05  INFO      src.model: Class weights loaded: {'stunted': 1.8195, 'underweight': 2.2367, 'wasted': 4.3705}
2026-08-04 17:04:05  INFO      src.model: Class weights loaded: {'stunted': 1.8195, 'underweight': 2.2367, 'wasted': 4.3705}
2026-08-04 17:04:06  INFO      src.federated.client: Client [Rajasthan] initialised: 10,142 local rows
2026-08-04 17:04:06  INFO      src.federated.client: Client [Bihar] initialised: 14,188 local rows
2026-08-04 17:04:06  INFO      src.evaluation: stunted: recall=0.870 f1=0.739 roc_auc=0.904
2026-08-04 17:04:06  INFO      src.evaluation: underweight: recall=0.882 f1=0.730 roc_auc=0.919
2026-08-04 17:04:06  INFO      src.evaluation: wasted: recall=0.542 f1=0.643 roc_auc=0.909
2026-08-04 17:04:06  INFO      src.evaluation: Macro avg: recall=0.764
2026-08-04 17:04:06  INFO      src.federated.client: [Rajasthan] Eval recall: 0.7644
2026-08-04 17:04:06  INFO      src.model: Class weights loaded: {'stunted': 1.8195, 'underweight': 2.2367, 'wasted': 4.3705}
2026-08-04 17:04:06  INFO      src.evaluation: stunted: recall=0.819 f1=0.751 roc_auc=0.858
2026-08-04 17:04:06  INFO      src.evaluation: underweight: recall=0.801 f1=0.747 roc_auc=0.874
2026-08-04 17:04:06  INFO      src.evaluation: wasted: recall=0.435 f1=0.462 roc_auc=0.760
2026-08-04 17:04:06  INFO      src.evaluation: Macro avg: recall=0.685
2026-08-04 17:04:06  INFO      src.federated.client: [Bihar] Eval recall: 0.6851
2026-08-04 17:04:06  INFO      src.model: Class weights loaded: {'stunted': 1.8195, 'underweight': 2.2367, 'wasted': 4.3705}
2026-08-04 17:04:06  INFO      src.federated.client: Client [Madhya_Pradesh] initialised: 10,884 local rows
2026-08-04 17:04:06  INFO      src.federated.client: Client [Uttar_Pradesh] initialised: 23,736 local rows
2026-08-04 17:04:07  INFO      src.evaluation: stunted: recall=0.637 f1=0.695 roc_auc=0.869
2026-08-04 17:04:07  INFO      src.evaluation: underweight: recall=0.738 f1=0.690 roc_auc=0.865
2026-08-04 17:04:07  INFO      src.evaluation: wasted: recall=0.501 f1=0.504 roc_auc=0.816
2026-08-04 17:04:07  INFO      src.evaluation: Macro avg: recall=0.625
2026-08-04 17:04:07  INFO      src.federated.client: [Madhya_Pradesh] Eval recall: 0.6253
2026-08-04 17:04:07  INFO      src.model: Class weights loaded: {'stunted': 1.8195, 'underweight': 2.2367, 'wasted': 4.3705}
2026-08-04 17:04:07  INFO      src.evaluation: stunted: recall=0.797 f1=0.747 roc_auc=0.870
2026-08-04 17:04:07  INFO      src.evaluation: underweight: recall=0.692 f1=0.733 roc_auc=0.914
2026-08-04 17:04:07  INFO      src.evaluation: wasted: recall=0.492 f1=0.561 roc_auc=0.871
2026-08-04 17:04:07  INFO      src.evaluation: Macro avg: recall=0.660
2026-08-04 17:04:07  INFO      src.federated.client: [Uttar_Pradesh] Eval recall: 0.6601
2026-08-04 17:04:07  INFO      src.federated.client: Client [Maharashtra] initialised: 6,405 local rows
2026-08-04 17:04:07  INFO      src.evaluation: stunted: recall=0.744 f1=0.735 roc_auc=0.874
2026-08-04 17:04:07  INFO      src.evaluation: underweight: recall=0.648 f1=0.695 roc_auc=0.860
2026-08-04 17:04:07  INFO      src.evaluation: wasted: recall=0.600 f1=0.665 roc_auc=0.910
2026-08-04 17:04:07  INFO      src.evaluation: Macro avg: recall=0.664
2026-08-04 17:04:07  INFO      src.federated.client: [Maharashtra] Eval recall: 0.6638
2026-08-04 17:04:07  INFO      src.model: Class weights loaded: {'stunted': 1.8195, 'underweight': 2.2367, 'wasted': 4.3705}
2026-08-04 17:04:07  INFO      src.model: Class weights loaded: {'stunted': 1.8195, 'underweight': 2.2367, 'wasted': 4.3705}
2026-08-04 17:04:07  INFO      src.federated.client: Client [Rajasthan] initialised: 10,142 local rows
2026-08-04 17:04:07  INFO      src.federated.client: [Rajasthan] Local training: 10,142 rows
2026-08-04 17:04:07  INFO      src.federated.client: Client [Maharashtra] initialised: 6,405 local rows
2026-08-04 17:04:07  INFO      src.federated.client: [Maharashtra] Local training: 6,405 rows
2026-08-04 17:04:10  INFO      src.model: Class weights loaded: {'stunted': 1.8195, 'underweight': 2.2367, 'wasted': 4.3705}
2026-08-04 17:04:10  INFO      src.federated.client: Client [Bihar] initialised: 14,188 local rows
2026-08-04 17:04:10  INFO      src.federated.client: [Bihar] Local training: 14,188 rows
2026-08-04 17:04:10  INFO      src.model: Class weights loaded: {'stunted': 1.8195, 'underweight': 2.2367, 'wasted': 4.3705}
2026-08-04 17:04:11  INFO      src.federated.client: Client [Madhya_Pradesh] initialised: 10,884 local rows
2026-08-04 17:04:11  INFO      src.federated.client: [Madhya_Pradesh] Local training: 10,884 rows
2026-08-04 17:04:13  INFO      src.model: Class weights loaded: {'stunted': 1.8195, 'underweight': 2.2367, 'wasted': 4.3705}
2026-08-04 17:04:13  INFO      src.federated.client: Client [Uttar_Pradesh] initialised: 23,736 local rows
2026-08-04 17:04:13  INFO      src.federated.client: [Uttar_Pradesh] Local training: 23,736 rows
2026-08-04 17:04:17  INFO      src.model: Class weights loaded: {'stunted': 1.8195, 'underweight': 2.2367, 'wasted': 4.3705}
2026-08-04 17:04:17  INFO      src.model: Class weights loaded: {'stunted': 1.8195, 'underweight': 2.2367, 'wasted': 4.3705}
2026-08-04 17:04:17  INFO      src.federated.client: Client [Rajasthan] initialised: 10,142 local rows
2026-08-04 17:04:17  INFO      src.evaluation: stunted: recall=0.870 f1=0.739 roc_auc=0.904
2026-08-04 17:04:17  INFO      src.federated.client: Client [Bihar] initialised: 14,188 local rows
2026-08-04 17:04:18  INFO      src.evaluation: underweight: recall=0.882 f1=0.730 roc_auc=0.919
2026-08-04 17:04:18  INFO      src.evaluation: wasted: recall=0.542 f1=0.643 roc_auc=0.909
2026-08-04 17:04:18  INFO      src.evaluation: Macro avg: recall=0.764
2026-08-04 17:04:18  INFO      src.federated.client: [Rajasthan] Eval recall: 0.7644
2026-08-04 17:04:18  INFO      src.model: Class weights loaded: {'stunted': 1.8195, 'underweight': 2.2367, 'wasted': 4.3705}
2026-08-04 17:04:18  INFO      src.evaluation: stunted: recall=0.819 f1=0.751 roc_auc=0.858
2026-08-04 17:04:18  INFO      src.evaluation: underweight: recall=0.801 f1=0.747 roc_auc=0.874
2026-08-04 17:04:18  INFO      src.evaluation: wasted: recall=0.435 f1=0.462 roc_auc=0.760
2026-08-04 17:04:18  INFO      src.evaluation: Macro avg: recall=0.685
2026-08-04 17:04:18  INFO      src.federated.client: [Bihar] Eval recall: 0.6851
2026-08-04 17:04:18  INFO      src.model: Class weights loaded: {'stunted': 1.8195, 'underweight': 2.2367, 'wasted': 4.3705}
2026-08-04 17:04:18  INFO      src.federated.client: Client [Maharashtra] initialised: 6,405 local rows
2026-08-04 17:04:18  INFO      src.evaluation: stunted: recall=0.744 f1=0.735 roc_auc=0.874
2026-08-04 17:04:18  INFO      src.evaluation: underweight: recall=0.648 f1=0.695 roc_auc=0.860
2026-08-04 17:04:18  INFO      src.evaluation: wasted: recall=0.600 f1=0.665 roc_auc=0.910
2026-08-04 17:04:18  INFO      src.evaluation: Macro avg: recall=0.664
2026-08-04 17:04:18  INFO      src.federated.client: [Maharashtra] Eval recall: 0.6638
2026-08-04 17:04:18  INFO      src.model: Class weights loaded: {'stunted': 1.8195, 'underweight': 2.2367, 'wasted': 4.3705}
2026-08-04 17:04:18  INFO      src.federated.client: Client [Madhya_Pradesh] initialised: 10,884 local rows
2026-08-04 17:04:18  INFO      src.evaluation: stunted: recall=0.637 f1=0.695 roc_auc=0.869
2026-08-04 17:04:19  INFO      src.evaluation: underweight: recall=0.738 f1=0.690 roc_auc=0.865
2026-08-04 17:04:19  INFO      src.evaluation: wasted: recall=0.501 f1=0.504 roc_auc=0.816
2026-08-04 17:04:19  INFO      src.evaluation: Macro avg: recall=0.625
2026-08-04 17:04:19  INFO      src.federated.client: [Madhya_Pradesh] Eval recall: 0.6253
2026-08-04 17:04:19  INFO      src.federated.client: Client [Uttar_Pradesh] initialised: 23,736 local rows
2026-08-04 17:04:19  INFO      src.evaluation: stunted: recall=0.797 f1=0.747 roc_auc=0.870
2026-08-04 17:04:19  INFO      src.evaluation: underweight: recall=0.692 f1=0.733 roc_auc=0.914
2026-08-04 17:04:19  INFO      src.evaluation: wasted: recall=0.492 f1=0.561 roc_auc=0.871
2026-08-04 17:04:19  INFO      src.evaluation: Macro avg: recall=0.660
2026-08-04 17:04:19  INFO      src.federated.client: [Uttar_Pradesh] Eval recall: 0.6601
2026-08-04 17:04:19  INFO      src.model: Class weights loaded: {'stunted': 1.8195, 'underweight': 2.2367, 'wasted': 4.3705}
2026-08-04 17:04:19  INFO      src.model: Class weights loaded: {'stunted': 1.8195, 'underweight': 2.2367, 'wasted': 4.3705}
2026-08-04 17:04:19  INFO      src.federated.client: Client [Bihar] initialised: 14,188 local rows
2026-08-04 17:04:19  INFO      src.federated.client: [Bihar] Local training: 14,188 rows
2026-08-04 17:04:19  INFO      src.federated.client: Client [Uttar_Pradesh] initialised: 23,736 local rows
2026-08-04 17:04:19  INFO      src.federated.client: [Uttar_Pradesh] Local training: 23,736 rows
2026-08-04 17:04:24  INFO      src.model: Class weights loaded: {'stunted': 1.8195, 'underweight': 2.2367, 'wasted': 4.3705}
2026-08-04 17:04:24  INFO      src.federated.client: Client [Madhya_Pradesh] initialised: 10,884 local rows
2026-08-04 17:04:24  INFO      src.federated.client: [Madhya_Pradesh] Local training: 10,884 rows
2026-08-04 17:04:24  INFO      src.model: Class weights loaded: {'stunted': 1.8195, 'underweight': 2.2367, 'wasted': 4.3705}
2026-08-04 17:04:25  INFO      src.federated.client: Client [Maharashtra] initialised: 6,405 local rows
2026-08-04 17:04:25  INFO      src.federated.client: [Maharashtra] Local training: 6,405 rows
2026-08-04 17:04:26  INFO      src.model: Class weights loaded: {'stunted': 1.8195, 'underweight': 2.2367, 'wasted': 4.3705}
2026-08-04 17:04:27  INFO      src.federated.client: Client [Rajasthan] initialised: 10,142 local rows
2026-08-04 17:04:27  INFO      src.federated.client: [Rajasthan] Local training: 10,142 rows
2026-08-04 17:04:28  INFO      src.model: Class weights loaded: {'stunted': 1.8195, 'underweight': 2.2367, 'wasted': 4.3705}
2026-08-04 17:04:28  INFO      src.model: Class weights loaded: {'stunted': 1.8195, 'underweight': 2.2367, 'wasted': 4.3705}
2026-08-04 17:04:28  INFO      src.federated.client: Client [Maharashtra] initialised: 6,405 local rows
2026-08-04 17:04:28  INFO      src.federated.client: Client [Rajasthan] initialised: 10,142 local rows
2026-08-04 17:04:28  INFO      src.evaluation: stunted: recall=0.744 f1=0.735 roc_auc=0.874
2026-08-04 17:04:29  INFO      src.evaluation: underweight: recall=0.648 f1=0.695 roc_auc=0.860
2026-08-04 17:04:29  INFO      src.evaluation: wasted: recall=0.600 f1=0.665 roc_auc=0.910
2026-08-04 17:04:29  INFO      src.evaluation: Macro avg: recall=0.664
2026-08-04 17:04:29  INFO      src.federated.client: [Maharashtra] Eval recall: 0.6638
2026-08-04 17:04:29  INFO      src.evaluation: stunted: recall=0.870 f1=0.739 roc_auc=0.904
2026-08-04 17:04:29  INFO      src.model: Class weights loaded: {'stunted': 1.8195, 'underweight': 2.2367, 'wasted': 4.3705}
2026-08-04 17:04:29  INFO      src.evaluation: underweight: recall=0.882 f1=0.730 roc_auc=0.919
2026-08-04 17:04:29  INFO      src.evaluation: wasted: recall=0.542 f1=0.643 roc_auc=0.909
2026-08-04 17:04:29  INFO      src.evaluation: Macro avg: recall=0.764
2026-08-04 17:04:29  INFO      src.federated.client: [Rajasthan] Eval recall: 0.7644
2026-08-04 17:04:29  INFO      src.model: Class weights loaded: {'stunted': 1.8195, 'underweight': 2.2367, 'wasted': 4.3705}
2026-08-04 17:04:29  INFO      src.federated.client: Client [Bihar] initialised: 14,188 local rows
2026-08-04 17:04:29  INFO      src.federated.client: Client [Madhya_Pradesh] initialised: 10,884 local rows
2026-08-04 17:04:29  INFO      src.evaluation: stunted: recall=0.819 f1=0.751 roc_auc=0.858
2026-08-04 17:04:29  INFO      src.evaluation: underweight: recall=0.801 f1=0.747 roc_auc=0.874
2026-08-04 17:04:29  INFO      src.evaluation: wasted: recall=0.435 f1=0.462 roc_auc=0.760
2026-08-04 17:04:29  INFO      src.evaluation: Macro avg: recall=0.685
2026-08-04 17:04:29  INFO      src.federated.client: [Bihar] Eval recall: 0.6851
2026-08-04 17:04:29  INFO      src.evaluation: stunted: recall=0.637 f1=0.695 roc_auc=0.869
2026-08-04 17:04:29  INFO      src.model: Class weights loaded: {'stunted': 1.8195, 'underweight': 2.2367, 'wasted': 4.3705}
2026-08-04 17:04:29  INFO      src.evaluation: underweight: recall=0.738 f1=0.690 roc_auc=0.865
2026-08-04 17:04:29  INFO      src.evaluation: wasted: recall=0.501 f1=0.504 roc_auc=0.816
2026-08-04 17:04:29  INFO      src.evaluation: Macro avg: recall=0.625
2026-08-04 17:04:29  INFO      src.federated.client: [Madhya_Pradesh] Eval recall: 0.6253
2026-08-04 17:04:30  INFO      src.federated.client: Client [Uttar_Pradesh] initialised: 23,736 local rows
2026-08-04 17:04:30  INFO      src.evaluation: stunted: recall=0.797 f1=0.747 roc_auc=0.870
2026-08-04 17:04:30  INFO      src.evaluation: underweight: recall=0.692 f1=0.733 roc_auc=0.914
2026-08-04 17:04:30  INFO      src.evaluation: wasted: recall=0.492 f1=0.561 roc_auc=0.871
2026-08-04 17:04:30  INFO      src.evaluation: Macro avg: recall=0.660
2026-08-04 17:04:30  INFO      src.federated.client: [Uttar_Pradesh] Eval recall: 0.6601
2026-08-04 17:04:30  INFO      src.model: Class weights loaded: {'stunted': 1.8195, 'underweight': 2.2367, 'wasted': 4.3705}
2026-08-04 17:04:30  INFO      src.model: Class weights loaded: {'stunted': 1.8195, 'underweight': 2.2367, 'wasted': 4.3705}
2026-08-04 17:04:31  INFO      src.federated.client: Client [Madhya_Pradesh] initialised: 10,884 local rows
2026-08-04 17:04:31  INFO      src.federated.client: [Madhya_Pradesh] Local training: 10,884 rows
2026-08-04 17:04:31  INFO      src.federated.client: Client [Uttar_Pradesh] initialised: 23,736 local rows
2026-08-04 17:04:31  INFO      src.federated.client: [Uttar_Pradesh] Local training: 23,736 rows
2026-08-04 17:04:33  INFO      src.model: Class weights loaded: {'stunted': 1.8195, 'underweight': 2.2367, 'wasted': 4.3705}
2026-08-04 17:04:34  INFO      src.federated.client: Client [Bihar] initialised: 14,188 local rows
2026-08-04 17:04:34  INFO      src.federated.client: [Bihar] Local training: 14,188 rows
2026-08-04 17:04:36  INFO      src.model: Class weights loaded: {'stunted': 1.8195, 'underweight': 2.2367, 'wasted': 4.3705}
2026-08-04 17:04:36  INFO      src.federated.client: Client [Rajasthan] initialised: 10,142 local rows
2026-08-04 17:04:36  INFO      src.federated.client: [Rajasthan] Local training: 10,142 rows
2026-08-04 17:04:37  INFO      src.model: Class weights loaded: {'stunted': 1.8195, 'underweight': 2.2367, 'wasted': 4.3705}
2026-08-04 17:04:37  INFO      src.federated.client: Client [Maharashtra] initialised: 6,405 local rows
2026-08-04 17:04:37  INFO      src.federated.client: [Maharashtra] Local training: 6,405 rows
2026-08-04 17:04:38  INFO      src.model: Class weights loaded: {'stunted': 1.8195, 'underweight': 2.2367, 'wasted': 4.3705}
2026-08-04 17:04:38  INFO      src.model: Class weights loaded: {'stunted': 1.8195, 'underweight': 2.2367, 'wasted': 4.3705}
2026-08-04 17:04:39  INFO      src.federated.client: Client [Madhya_Pradesh] initialised: 10,884 local rows
2026-08-04 17:04:39  INFO      src.federated.client: Client [Uttar_Pradesh] initialised: 23,736 local rows
2026-08-04 17:04:39  INFO      src.evaluation: stunted: recall=0.637 f1=0.695 roc_auc=0.869
2026-08-04 17:04:39  INFO      src.evaluation: underweight: recall=0.738 f1=0.690 roc_auc=0.865
2026-08-04 17:04:39  INFO      src.evaluation: wasted: recall=0.501 f1=0.504 roc_auc=0.816
2026-08-04 17:04:39  INFO      src.evaluation: Macro avg: recall=0.625
2026-08-04 17:04:39  INFO      src.federated.client: [Madhya_Pradesh] Eval recall: 0.6253
2026-08-04 17:04:39  INFO      src.model: Class weights loaded: {'stunted': 1.8195, 'underweight': 2.2367, 'wasted': 4.3705}
2026-08-04 17:04:39  INFO      src.evaluation: stunted: recall=0.797 f1=0.747 roc_auc=0.870
2026-08-04 17:04:39  INFO      src.evaluation: underweight: recall=0.692 f1=0.733 roc_auc=0.914
2026-08-04 17:04:39  INFO      src.evaluation: wasted: recall=0.492 f1=0.561 roc_auc=0.871
2026-08-04 17:04:39  INFO      src.evaluation: Macro avg: recall=0.660
2026-08-04 17:04:39  INFO      src.federated.client: [Uttar_Pradesh] Eval recall: 0.6601
2026-08-04 17:04:39  INFO      src.model: Class weights loaded: {'stunted': 1.8195, 'underweight': 2.2367, 'wasted': 4.3705}
2026-08-04 17:04:40  INFO      src.federated.client: Client [Rajasthan] initialised: 10,142 local rows
2026-08-04 17:04:40  INFO      src.federated.client: Client [Bihar] initialised: 14,188 local rows
2026-08-04 17:04:40  INFO      src.evaluation: stunted: recall=0.870 f1=0.739 roc_auc=0.904
2026-08-04 17:04:40  INFO      src.evaluation: underweight: recall=0.882 f1=0.730 roc_auc=0.919
2026-08-04 17:04:40  INFO      src.evaluation: wasted: recall=0.542 f1=0.643 roc_auc=0.909
2026-08-04 17:04:40  INFO      src.evaluation: Macro avg: recall=0.764
2026-08-04 17:04:40  INFO      src.federated.client: [Rajasthan] Eval recall: 0.7644
2026-08-04 17:04:40  INFO      src.model: Class weights loaded: {'stunted': 1.8195, 'underweight': 2.2367, 'wasted': 4.3705}
2026-08-04 17:04:40  INFO      src.evaluation: stunted: recall=0.819 f1=0.751 roc_auc=0.858
2026-08-04 17:04:40  INFO      src.evaluation: underweight: recall=0.801 f1=0.747 roc_auc=0.874
2026-08-04 17:04:40  INFO      src.evaluation: wasted: recall=0.435 f1=0.462 roc_auc=0.760
2026-08-04 17:04:40  INFO      src.evaluation: Macro avg: recall=0.685
2026-08-04 17:04:40  INFO      src.federated.client: [Bihar] Eval recall: 0.6851
2026-08-04 17:04:40  INFO      src.federated.client: Client [Maharashtra] initialised: 6,405 local rows
2026-08-04 17:04:40  INFO      src.evaluation: stunted: recall=0.744 f1=0.735 roc_auc=0.874
2026-08-04 17:04:40  INFO      src.evaluation: underweight: recall=0.648 f1=0.695 roc_auc=0.860
2026-08-04 17:04:40  INFO      src.evaluation: wasted: recall=0.600 f1=0.665 roc_auc=0.910
2026-08-04 17:04:40  INFO      src.evaluation: Macro avg: recall=0.664
2026-08-04 17:04:40  INFO      src.federated.client: [Maharashtra] Eval recall: 0.6638
2026-08-04 17:04:40  INFO      src.model: Class weights loaded: {'stunted': 1.8195, 'underweight': 2.2367, 'wasted': 4.3705}
2026-08-04 17:04:40  INFO      src.model: Class weights loaded: {'stunted': 1.8195, 'underweight': 2.2367, 'wasted': 4.3705}
2026-08-04 17:04:41  INFO      src.federated.client: Client [Madhya_Pradesh] initialised: 10,884 local rows
2026-08-04 17:04:41  INFO      src.federated.client: [Madhya_Pradesh] Local training: 10,884 rows
2026-08-04 17:04:41  INFO      src.federated.client: Client [Bihar] initialised: 14,188 local rows
2026-08-04 17:04:41  INFO      src.federated.client: [Bihar] Local training: 14,188 rows
2026-08-04 17:04:44  INFO      src.model: Class weights loaded: {'stunted': 1.8195, 'underweight': 2.2367, 'wasted': 4.3705}
2026-08-04 17:04:45  INFO      src.federated.client: Client [Rajasthan] initialised: 10,142 local rows
2026-08-04 17:04:45  INFO      src.federated.client: [Rajasthan] Local training: 10,142 rows
2026-08-04 17:04:46  INFO      src.model: Class weights loaded: {'stunted': 1.8195, 'underweight': 2.2367, 'wasted': 4.3705}
2026-08-04 17:04:46  INFO      src.federated.client: Client [Uttar_Pradesh] initialised: 23,736 local rows
2026-08-04 17:04:46  INFO      src.federated.client: [Uttar_Pradesh] Local training: 23,736 rows
2026-08-04 17:04:46  INFO      src.model: Class weights loaded: {'stunted': 1.8195, 'underweight': 2.2367, 'wasted': 4.3705}
2026-08-04 17:04:47  INFO      src.federated.client: Client [Maharashtra] initialised: 6,405 local rows
2026-08-04 17:04:47  INFO      src.federated.client: [Maharashtra] Local training: 6,405 rows
2026-08-04 17:04:51  INFO      src.model: Class weights loaded: {'stunted': 1.8195, 'underweight': 2.2367, 'wasted': 4.3705}
2026-08-04 17:04:51  INFO      src.model: Class weights loaded: {'stunted': 1.8195, 'underweight': 2.2367, 'wasted': 4.3705}
2026-08-04 17:04:51  INFO      src.federated.client: Client [Maharashtra] initialised: 6,405 local rows
2026-08-04 17:04:52  INFO      src.federated.client: Client [Bihar] initialised: 14,188 local rows
2026-08-04 17:04:52  INFO      src.evaluation: stunted: recall=0.744 f1=0.735 roc_auc=0.874
2026-08-04 17:04:52  INFO      src.evaluation: underweight: recall=0.648 f1=0.695 roc_auc=0.860
2026-08-04 17:04:52  INFO      src.evaluation: wasted: recall=0.600 f1=0.665 roc_auc=0.910
2026-08-04 17:04:52  INFO      src.evaluation: Macro avg: recall=0.664
2026-08-04 17:04:52  INFO      src.federated.client: [Maharashtra] Eval recall: 0.6638
2026-08-04 17:04:52  INFO      src.model: Class weights loaded: {'stunted': 1.8195, 'underweight': 2.2367, 'wasted': 4.3705}
2026-08-04 17:04:52  INFO      src.evaluation: stunted: recall=0.819 f1=0.751 roc_auc=0.858
2026-08-04 17:04:52  INFO      src.evaluation: underweight: recall=0.801 f1=0.747 roc_auc=0.874
2026-08-04 17:04:52  INFO      src.evaluation: wasted: recall=0.435 f1=0.462 roc_auc=0.760
2026-08-04 17:04:52  INFO      src.evaluation: Macro avg: recall=0.685
2026-08-04 17:04:52  INFO      src.federated.client: [Bihar] Eval recall: 0.6851
2026-08-04 17:04:52  INFO      src.model: Class weights loaded: {'stunted': 1.8195, 'underweight': 2.2367, 'wasted': 4.3705}
2026-08-04 17:04:52  INFO      src.federated.client: Client [Uttar_Pradesh] initialised: 23,736 local rows
2026-08-04 17:04:52  INFO      src.federated.client: Client [Rajasthan] initialised: 10,142 local rows
2026-08-04 17:04:52  INFO      src.evaluation: stunted: recall=0.870 f1=0.739 roc_auc=0.904
2026-08-04 17:04:52  INFO      src.evaluation: underweight: recall=0.882 f1=0.730 roc_auc=0.919
2026-08-04 17:04:52  INFO      src.evaluation: wasted: recall=0.542 f1=0.643 roc_auc=0.909
2026-08-04 17:04:52  INFO      src.evaluation: Macro avg: recall=0.764
2026-08-04 17:04:52  INFO      src.federated.client: [Rajasthan] Eval recall: 0.7644
2026-08-04 17:04:52  INFO      src.model: Class weights loaded: {'stunted': 1.8195, 'underweight': 2.2367, 'wasted': 4.3705}
2026-08-04 17:04:52  INFO      src.evaluation: stunted: recall=0.797 f1=0.747 roc_auc=0.870
2026-08-04 17:04:52  INFO      src.evaluation: underweight: recall=0.692 f1=0.733 roc_auc=0.914
2026-08-04 17:04:52  INFO      src.evaluation: wasted: recall=0.492 f1=0.561 roc_auc=0.871
2026-08-04 17:04:52  INFO      src.evaluation: Macro avg: recall=0.660
2026-08-04 17:04:52  INFO      src.federated.client: [Uttar_Pradesh] Eval recall: 0.6601
2026-08-04 17:04:53  INFO      src.federated.client: Client [Madhya_Pradesh] initialised: 10,884 local rows
2026-08-04 17:04:53  INFO      src.evaluation: stunted: recall=0.637 f1=0.695 roc_auc=0.869
2026-08-04 17:04:53  INFO      src.evaluation: underweight: recall=0.738 f1=0.690 roc_auc=0.865
2026-08-04 17:04:53  INFO      src.evaluation: wasted: recall=0.501 f1=0.504 roc_auc=0.816
2026-08-04 17:04:53  INFO      src.evaluation: Macro avg: recall=0.625
2026-08-04 17:04:53  INFO      src.federated.client: [Madhya_Pradesh] Eval recall: 0.6253
2026-08-04 17:04:53  INFO      src.model: Class weights loaded: {'stunted': 1.8195, 'underweight': 2.2367, 'wasted': 4.3705}
2026-08-04 17:04:53  INFO      src.model: Class weights loaded: {'stunted': 1.8195, 'underweight': 2.2367, 'wasted': 4.3705}
2026-08-04 17:04:53  INFO      src.federated.client: Client [Bihar] initialised: 14,188 local rows
2026-08-04 17:04:53  INFO      src.federated.client: [Bihar] Local training: 14,188 rows
2026-08-04 17:04:53  INFO      src.federated.client: Client [Uttar_Pradesh] initialised: 23,736 local rows
2026-08-04 17:04:53  INFO      src.federated.client: [Uttar_Pradesh] Local training: 23,736 rows
2026-08-04 17:04:58  INFO      src.model: Class weights loaded: {'stunted': 1.8195, 'underweight': 2.2367, 'wasted': 4.3705}
2026-08-04 17:04:58  INFO      src.federated.client: Client [Rajasthan] initialised: 10,142 local rows
2026-08-04 17:04:58  INFO      src.federated.client: [Rajasthan] Local training: 10,142 rows
2026-08-04 17:04:58  INFO      src.model: Class weights loaded: {'stunted': 1.8195, 'underweight': 2.2367, 'wasted': 4.3705}
2026-08-04 17:04:59  INFO      src.federated.client: Client [Madhya_Pradesh] initialised: 10,884 local rows
2026-08-04 17:04:59  INFO      src.federated.client: [Madhya_Pradesh] Local training: 10,884 rows
2026-08-04 17:05:00  INFO      src.model: Class weights loaded: {'stunted': 1.8195, 'underweight': 2.2367, 'wasted': 4.3705}
2026-08-04 17:05:01  INFO      src.federated.client: Client [Maharashtra] initialised: 6,405 local rows
2026-08-04 17:05:01  INFO      src.federated.client: [Maharashtra] Local training: 6,405 rows
2026-08-04 17:05:02  INFO      src.model: Class weights loaded: {'stunted': 1.8195, 'underweight': 2.2367, 'wasted': 4.3705}
2026-08-04 17:05:02  INFO      src.model: Class weights loaded: {'stunted': 1.8195, 'underweight': 2.2367, 'wasted': 4.3705}
2026-08-04 17:05:03  INFO      src.federated.client: Client [Rajasthan] initialised: 10,142 local rows
2026-08-04 17:05:03  INFO      src.federated.client: Client [Maharashtra] initialised: 6,405 local rows
2026-08-04 17:05:03  INFO      src.evaluation: stunted: recall=0.870 f1=0.739 roc_auc=0.904
2026-08-04 17:05:03  INFO      src.evaluation: underweight: recall=0.882 f1=0.730 roc_auc=0.919
2026-08-04 17:05:03  INFO      src.evaluation: stunted: recall=0.744 f1=0.735 roc_auc=0.874
2026-08-04 17:05:03  INFO      src.evaluation: wasted: recall=0.542 f1=0.643 roc_auc=0.909
2026-08-04 17:05:03  INFO      src.evaluation: Macro avg: recall=0.764
2026-08-04 17:05:03  INFO      src.federated.client: [Rajasthan] Eval recall: 0.7644
2026-08-04 17:05:03  INFO      src.evaluation: underweight: recall=0.648 f1=0.695 roc_auc=0.860
2026-08-04 17:05:03  INFO      src.evaluation: wasted: recall=0.600 f1=0.665 roc_auc=0.910
2026-08-04 17:05:03  INFO      src.evaluation: Macro avg: recall=0.664
2026-08-04 17:05:03  INFO      src.federated.client: [Maharashtra] Eval recall: 0.6638
2026-08-04 17:05:03  INFO      src.model: Class weights loaded: {'stunted': 1.8195, 'underweight': 2.2367, 'wasted': 4.3705}
2026-08-04 17:05:03  INFO      src.model: Class weights loaded: {'stunted': 1.8195, 'underweight': 2.2367, 'wasted': 4.3705}
2026-08-04 17:05:03  INFO      src.federated.client: Client [Madhya_Pradesh] initialised: 10,884 local rows
2026-08-04 17:05:03  INFO      src.federated.client: Client [Bihar] initialised: 14,188 local rows
2026-08-04 17:05:04  INFO      src.evaluation: stunted: recall=0.637 f1=0.695 roc_auc=0.869
2026-08-04 17:05:04  INFO      src.evaluation: underweight: recall=0.738 f1=0.690 roc_auc=0.865
2026-08-04 17:05:04  INFO      src.evaluation: wasted: recall=0.501 f1=0.504 roc_auc=0.816
2026-08-04 17:05:04  INFO      src.evaluation: Macro avg: recall=0.625
2026-08-04 17:05:04  INFO      src.federated.client: [Madhya_Pradesh] Eval recall: 0.6253
2026-08-04 17:05:04  INFO      src.model: Class weights loaded: {'stunted': 1.8195, 'underweight': 2.2367, 'wasted': 4.3705}
2026-08-04 17:05:04  INFO      src.evaluation: stunted: recall=0.819 f1=0.751 roc_auc=0.858
2026-08-04 17:05:04  INFO      src.evaluation: underweight: recall=0.801 f1=0.747 roc_auc=0.874
2026-08-04 17:05:04  INFO      src.evaluation: wasted: recall=0.435 f1=0.462 roc_auc=0.760
2026-08-04 17:05:04  INFO      src.evaluation: Macro avg: recall=0.685
2026-08-04 17:05:04  INFO      src.federated.client: [Bihar] Eval recall: 0.6851
2026-08-04 17:05:04  INFO      src.federated.client: Client [Uttar_Pradesh] initialised: 23,736 local rows
2026-08-04 17:05:04  INFO      src.evaluation: stunted: recall=0.797 f1=0.747 roc_auc=0.870
2026-08-04 17:05:04  INFO      src.evaluation: underweight: recall=0.692 f1=0.733 roc_auc=0.914
2026-08-04 17:05:04  INFO      src.evaluation: wasted: recall=0.492 f1=0.561 roc_auc=0.871
2026-08-04 17:05:04  INFO      src.evaluation: Macro avg: recall=0.660
2026-08-04 17:05:04  INFO      src.federated.client: [Uttar_Pradesh] Eval recall: 0.6601
2026-08-04 17:06:02  INFO      __main__: Dataset loaded: 228,356 rows
2026-08-04 17:06:02  INFO      src.federated.partition: Uttar_Pradesh: 34,330 rows
2026-08-04 17:06:02  WARNING   src.preprocessing: Dropped 4,659 rows with missing target labels before train/test split.
2026-08-04 17:06:02  INFO      src.preprocessing: Train/test split: 23,736 train | 5,935 test (20% test, stratified on stunted)
2026-08-04 17:06:02  INFO      src.federated.partition: Bihar: 20,179 rows
2026-08-04 17:06:02  WARNING   src.preprocessing: Dropped 2,443 rows with missing target labels before train/test split.
2026-08-04 17:06:02  INFO      src.preprocessing: Train/test split: 14,188 train | 3,548 test (20% test, stratified on stunted)
2026-08-04 17:06:02  INFO      src.federated.partition: Madhya_Pradesh: 15,847 rows
2026-08-04 17:06:02  WARNING   src.preprocessing: Dropped 2,242 rows with missing target labels before train/test split.
2026-08-04 17:06:02  INFO      src.preprocessing: Train/test split: 10,884 train | 2,721 test (20% test, stratified on stunted)
2026-08-04 17:06:02  INFO      src.federated.partition: Rajasthan: 14,426 rows
2026-08-04 17:06:02  WARNING   src.preprocessing: Dropped 1,748 rows with missing target labels before train/test split.
2026-08-04 17:06:02  INFO      src.preprocessing: Train/test split: 10,142 train | 2,536 test (20% test, stratified on stunted)
2026-08-04 17:06:02  INFO      src.federated.partition: Maharashtra: 9,411 rows
2026-08-04 17:06:02  WARNING   src.preprocessing: Dropped 1,404 rows with missing target labels before train/test split.
2026-08-04 17:06:02  INFO      src.preprocessing: Train/test split: 6,405 train | 1,602 test (20% test, stratified on stunted)
2026-08-04 17:06:02  INFO      src.federated.partition: Created 5 state partitions
2026-08-04 17:06:02  INFO      __main__: Starting FL simulation: 10 rounds, 5 clients
2026-08-04 17:06:26  INFO      src.model: Class weights loaded: {'stunted': 1.8195, 'underweight': 2.2367, 'wasted': 4.3705}
2026-08-04 17:06:30  INFO      src.federated.client: Client [Bihar] initialised: 14,188 local rows
2026-08-04 17:06:30  INFO      src.model: Class weights loaded: {'stunted': 1.8195, 'underweight': 2.2367, 'wasted': 4.3705}
2026-08-04 17:06:30  INFO      src.federated.client: Client [Uttar_Pradesh] initialised: 23,736 local rows
2026-08-04 17:06:30  INFO      src.federated.client: [Uttar_Pradesh] Local training: 23,736 rows
2026-08-04 17:06:35  INFO      src.model: Class weights loaded: {'stunted': 1.8195, 'underweight': 2.2367, 'wasted': 4.3705}
2026-08-04 17:06:35  INFO      src.model: Class weights loaded: {'stunted': 1.8195, 'underweight': 2.2367, 'wasted': 4.3705}
2026-08-04 17:06:36  INFO      src.federated.client: Client [Rajasthan] initialised: 10,142 local rows
2026-08-04 17:06:36  INFO      src.federated.client: [Rajasthan] Local training: 10,142 rows
2026-08-04 17:06:39  INFO      src.model: Class weights loaded: {'stunted': 1.8195, 'underweight': 2.2367, 'wasted': 4.3705}
2026-08-04 17:06:40  INFO      src.federated.client: Client [Madhya_Pradesh] initialised: 10,884 local rows
2026-08-04 17:06:40  INFO      src.federated.client: [Madhya_Pradesh] Local training: 10,884 rows
2026-08-04 17:06:42  INFO      src.federated.client: Client [Maharashtra] initialised: 6,405 local rows
2026-08-04 17:06:42  INFO      src.federated.client: [Maharashtra] Local training: 6,405 rows
2026-08-04 17:06:42  INFO      src.model: Class weights loaded: {'stunted': 1.8195, 'underweight': 2.2367, 'wasted': 4.3705}
2026-08-04 17:06:44  INFO      src.federated.client: Client [Bihar] initialised: 14,188 local rows
2026-08-04 17:06:44  INFO      src.federated.client: [Bihar] Local training: 14,188 rows
2026-08-04 17:06:46  INFO      src.model: Class weights loaded: {'stunted': 1.8195, 'underweight': 2.2367, 'wasted': 4.3705}
2026-08-04 17:06:46  INFO      src.model: Class weights loaded: {'stunted': 1.8195, 'underweight': 2.2367, 'wasted': 4.3705}
2026-08-04 17:06:47  INFO      src.federated.client: Client [Maharashtra] initialised: 6,405 local rows
2026-08-04 17:06:47  INFO      src.federated.client: Client [Uttar_Pradesh] initialised: 23,736 local rows
2026-08-04 17:06:47  INFO      src.evaluation: stunted: recall=0.744 f1=0.735 roc_auc=0.874
2026-08-04 17:06:47  INFO      src.evaluation: underweight: recall=0.648 f1=0.695 roc_auc=0.860
2026-08-04 17:06:47  INFO      src.evaluation: wasted: recall=0.600 f1=0.665 roc_auc=0.910
2026-08-04 17:06:47  INFO      src.evaluation: Macro avg: recall=0.664
2026-08-04 17:06:47  INFO      src.federated.client: [Maharashtra] Eval recall: 0.6638
2026-08-04 17:06:47  INFO      src.model: Class weights loaded: {'stunted': 1.8195, 'underweight': 2.2367, 'wasted': 4.3705}
2026-08-04 17:06:47  INFO      src.evaluation: stunted: recall=0.797 f1=0.747 roc_auc=0.870
2026-08-04 17:06:47  INFO      src.evaluation: underweight: recall=0.692 f1=0.733 roc_auc=0.914
2026-08-04 17:06:47  INFO      src.evaluation: wasted: recall=0.492 f1=0.561 roc_auc=0.871
2026-08-04 17:06:47  INFO      src.evaluation: Macro avg: recall=0.660
2026-08-04 17:06:47  INFO      src.federated.client: [Uttar_Pradesh] Eval recall: 0.6601
2026-08-04 17:06:47  INFO      src.model: Class weights loaded: {'stunted': 1.8195, 'underweight': 2.2367, 'wasted': 4.3705}
2026-08-04 17:06:47  INFO      src.federated.client: Client [Rajasthan] initialised: 10,142 local rows
2026-08-04 17:06:47  INFO      src.evaluation: stunted: recall=0.870 f1=0.739 roc_auc=0.904
2026-08-04 17:06:47  INFO      src.evaluation: underweight: recall=0.882 f1=0.730 roc_auc=0.919
2026-08-04 17:06:47  INFO      src.evaluation: wasted: recall=0.542 f1=0.643 roc_auc=0.909
2026-08-04 17:06:47  INFO      src.evaluation: Macro avg: recall=0.764
2026-08-04 17:06:47  INFO      src.federated.client: [Rajasthan] Eval recall: 0.7644
2026-08-04 17:06:47  INFO      src.model: Class weights loaded: {'stunted': 1.8195, 'underweight': 2.2367, 'wasted': 4.3705}
2026-08-04 17:06:48  INFO      src.federated.client: Client [Bihar] initialised: 14,188 local rows
2026-08-04 17:06:48  INFO      src.federated.client: Client [Madhya_Pradesh] initialised: 10,884 local rows
2026-08-04 17:06:48  INFO      src.evaluation: stunted: recall=0.819 f1=0.751 roc_auc=0.858
2026-08-04 17:06:48  INFO      src.evaluation: underweight: recall=0.801 f1=0.747 roc_auc=0.874
2026-08-04 17:06:48  INFO      src.evaluation: wasted: recall=0.435 f1=0.462 roc_auc=0.760
2026-08-04 17:06:48  INFO      src.evaluation: Macro avg: recall=0.685
2026-08-04 17:06:48  INFO      src.federated.client: [Bihar] Eval recall: 0.6851
2026-08-04 17:06:48  INFO      src.evaluation: stunted: recall=0.637 f1=0.695 roc_auc=0.869
2026-08-04 17:06:48  INFO      src.evaluation: underweight: recall=0.738 f1=0.690 roc_auc=0.865
2026-08-04 17:06:48  INFO      src.evaluation: wasted: recall=0.501 f1=0.504 roc_auc=0.816
2026-08-04 17:06:48  INFO      src.evaluation: Macro avg: recall=0.625
2026-08-04 17:06:48  INFO      src.federated.client: [Madhya_Pradesh] Eval recall: 0.6253
2026-08-04 17:06:48  INFO      src.model: Class weights loaded: {'stunted': 1.8195, 'underweight': 2.2367, 'wasted': 4.3705}
2026-08-04 17:06:48  INFO      src.model: Class weights loaded: {'stunted': 1.8195, 'underweight': 2.2367, 'wasted': 4.3705}
2026-08-04 17:06:49  INFO      src.federated.client: Client [Maharashtra] initialised: 6,405 local rows
2026-08-04 17:06:49  INFO      src.federated.client: [Maharashtra] Local training: 6,405 rows
2026-08-04 17:06:49  INFO      src.federated.client: Client [Madhya_Pradesh] initialised: 10,884 local rows
2026-08-04 17:06:49  INFO      src.federated.client: [Madhya_Pradesh] Local training: 10,884 rows
2026-08-04 17:06:51  INFO      src.model: Class weights loaded: {'stunted': 1.8195, 'underweight': 2.2367, 'wasted': 4.3705}
2026-08-04 17:06:51  INFO      src.model: Class weights loaded: {'stunted': 1.8195, 'underweight': 2.2367, 'wasted': 4.3705}
2026-08-04 17:06:51  INFO      src.federated.client: Client [Bihar] initialised: 14,188 local rows
2026-08-04 17:06:51  INFO      src.federated.client: [Bihar] Local training: 14,188 rows
2026-08-04 17:06:52  INFO      src.federated.client: Client [Uttar_Pradesh] initialised: 23,736 local rows
2026-08-04 17:06:52  INFO      src.federated.client: [Uttar_Pradesh] Local training: 23,736 rows
2026-08-04 17:06:55  INFO      src.model: Class weights loaded: {'stunted': 1.8195, 'underweight': 2.2367, 'wasted': 4.3705}
2026-08-04 17:06:56  INFO      src.federated.client: Client [Rajasthan] initialised: 10,142 local rows
2026-08-04 17:06:56  INFO      src.federated.client: [Rajasthan] Local training: 10,142 rows
2026-08-04 17:06:57  INFO      src.model: Class weights loaded: {'stunted': 1.8195, 'underweight': 2.2367, 'wasted': 4.3705}
2026-08-04 17:06:57  INFO      src.model: Class weights loaded: {'stunted': 1.8195, 'underweight': 2.2367, 'wasted': 4.3705}
2026-08-04 17:06:57  INFO      src.federated.client: Client [Maharashtra] initialised: 6,405 local rows
2026-08-04 17:06:57  INFO      src.federated.client: Client [Madhya_Pradesh] initialised: 10,884 local rows
2026-08-04 17:06:57  INFO      src.evaluation: stunted: recall=0.744 f1=0.735 roc_auc=0.874
2026-08-04 17:06:57  INFO      src.evaluation: underweight: recall=0.648 f1=0.695 roc_auc=0.860
2026-08-04 17:06:57  INFO      src.evaluation: wasted: recall=0.600 f1=0.665 roc_auc=0.910
2026-08-04 17:06:57  INFO      src.evaluation: Macro avg: recall=0.664
2026-08-04 17:06:57  INFO      src.federated.client: [Maharashtra] Eval recall: 0.6638
2026-08-04 17:06:57  INFO      src.model: Class weights loaded: {'stunted': 1.8195, 'underweight': 2.2367, 'wasted': 4.3705}
2026-08-04 17:06:57  INFO      src.evaluation: stunted: recall=0.637 f1=0.695 roc_auc=0.869
2026-08-04 17:06:57  INFO      src.evaluation: underweight: recall=0.738 f1=0.690 roc_auc=0.865
2026-08-04 17:06:57  INFO      src.evaluation: wasted: recall=0.501 f1=0.504 roc_auc=0.816
2026-08-04 17:06:57  INFO      src.evaluation: Macro avg: recall=0.625
2026-08-04 17:06:57  INFO      src.federated.client: [Madhya_Pradesh] Eval recall: 0.6253
2026-08-04 17:06:58  INFO      src.model: Class weights loaded: {'stunted': 1.8195, 'underweight': 2.2367, 'wasted': 4.3705}
2026-08-04 17:06:58  INFO      src.federated.client: Client [Uttar_Pradesh] initialised: 23,736 local rows
2026-08-04 17:06:58  INFO      src.federated.client: Client [Bihar] initialised: 14,188 local rows
2026-08-04 17:06:58  INFO      src.evaluation: stunted: recall=0.797 f1=0.747 roc_auc=0.870
2026-08-04 17:06:58  INFO      src.evaluation: stunted: recall=0.819 f1=0.751 roc_auc=0.858
2026-08-04 17:06:58  INFO      src.evaluation: underweight: recall=0.801 f1=0.747 roc_auc=0.874
2026-08-04 17:06:58  INFO      src.evaluation: underweight: recall=0.692 f1=0.733 roc_auc=0.914
2026-08-04 17:06:58  INFO      src.evaluation: wasted: recall=0.435 f1=0.462 roc_auc=0.760
2026-08-04 17:06:58  INFO      src.evaluation: Macro avg: recall=0.685
2026-08-04 17:06:58  INFO      src.federated.client: [Bihar] Eval recall: 0.6851
2026-08-04 17:06:58  INFO      src.evaluation: wasted: recall=0.492 f1=0.561 roc_auc=0.871
2026-08-04 17:06:58  INFO      src.evaluation: Macro avg: recall=0.660
2026-08-04 17:06:58  INFO      src.federated.client: [Uttar_Pradesh] Eval recall: 0.6601
2026-08-04 17:06:58  INFO      src.model: Class weights loaded: {'stunted': 1.8195, 'underweight': 2.2367, 'wasted': 4.3705}
2026-08-04 17:06:59  INFO      src.federated.client: Client [Rajasthan] initialised: 10,142 local rows
2026-08-04 17:06:59  INFO      src.evaluation: stunted: recall=0.870 f1=0.739 roc_auc=0.904
2026-08-04 17:06:59  INFO      src.evaluation: underweight: recall=0.882 f1=0.730 roc_auc=0.919
2026-08-04 17:06:59  INFO      src.evaluation: wasted: recall=0.542 f1=0.643 roc_auc=0.909
2026-08-04 17:06:59  INFO      src.evaluation: Macro avg: recall=0.764
2026-08-04 17:06:59  INFO      src.federated.client: [Rajasthan] Eval recall: 0.7644
2026-08-04 17:06:59  INFO      src.model: Class weights loaded: {'stunted': 1.8195, 'underweight': 2.2367, 'wasted': 4.3705}
2026-08-04 17:06:59  INFO      src.model: Class weights loaded: {'stunted': 1.8195, 'underweight': 2.2367, 'wasted': 4.3705}
2026-08-04 17:06:59  INFO      src.federated.client: Client [Rajasthan] initialised: 10,142 local rows
2026-08-04 17:06:59  INFO      src.federated.client: [Rajasthan] Local training: 10,142 rows
2026-08-04 17:06:59  INFO      src.federated.client: Client [Uttar_Pradesh] initialised: 23,736 local rows
2026-08-04 17:06:59  INFO      src.federated.client: [Uttar_Pradesh] Local training: 23,736 rows
2026-08-04 17:07:02  INFO      src.model: Class weights loaded: {'stunted': 1.8195, 'underweight': 2.2367, 'wasted': 4.3705}
2026-08-04 17:07:02  INFO      src.federated.client: Client [Madhya_Pradesh] initialised: 10,884 local rows
2026-08-04 17:07:02  INFO      src.federated.client: [Madhya_Pradesh] Local training: 10,884 rows
2026-08-04 17:07:04  INFO      src.model: Class weights loaded: {'stunted': 1.8195, 'underweight': 2.2367, 'wasted': 4.3705}
2026-08-04 17:07:05  INFO      src.federated.client: Client [Bihar] initialised: 14,188 local rows
2026-08-04 17:07:05  INFO      src.federated.client: [Bihar] Local training: 14,188 rows
2026-08-04 17:07:05  INFO      src.model: Class weights loaded: {'stunted': 1.8195, 'underweight': 2.2367, 'wasted': 4.3705}
2026-08-04 17:07:05  INFO      src.federated.client: Client [Maharashtra] initialised: 6,405 local rows
2026-08-04 17:07:05  INFO      src.federated.client: [Maharashtra] Local training: 6,405 rows
2026-08-04 17:07:08  INFO      src.model: Class weights loaded: {'stunted': 1.8195, 'underweight': 2.2367, 'wasted': 4.3705}
2026-08-04 17:07:08  INFO      src.model: Class weights loaded: {'stunted': 1.8195, 'underweight': 2.2367, 'wasted': 4.3705}
2026-08-04 17:07:09  INFO      src.federated.client: Client [Uttar_Pradesh] initialised: 23,736 local rows
2026-08-04 17:07:09  INFO      src.federated.client: Client [Maharashtra] initialised: 6,405 local rows
2026-08-04 17:07:09  INFO      src.evaluation: stunted: recall=0.744 f1=0.735 roc_auc=0.874
2026-08-04 17:07:09  INFO      src.evaluation: underweight: recall=0.648 f1=0.695 roc_auc=0.860
2026-08-04 17:07:09  INFO      src.evaluation: wasted: recall=0.600 f1=0.665 roc_auc=0.910
2026-08-04 17:07:09  INFO      src.evaluation: Macro avg: recall=0.664
2026-08-04 17:07:09  INFO      src.federated.client: [Maharashtra] Eval recall: 0.6638
2026-08-04 17:07:09  INFO      src.model: Class weights loaded: {'stunted': 1.8195, 'underweight': 2.2367, 'wasted': 4.3705}
2026-08-04 17:07:09  INFO      src.evaluation: stunted: recall=0.797 f1=0.747 roc_auc=0.870
2026-08-04 17:07:09  INFO      src.evaluation: underweight: recall=0.692 f1=0.733 roc_auc=0.914
2026-08-04 17:07:09  INFO      src.evaluation: wasted: recall=0.492 f1=0.561 roc_auc=0.871
2026-08-04 17:07:09  INFO      src.evaluation: Macro avg: recall=0.660
2026-08-04 17:07:09  INFO      src.federated.client: [Uttar_Pradesh] Eval recall: 0.6601
2026-08-04 17:07:09  INFO      src.model: Class weights loaded: {'stunted': 1.8195, 'underweight': 2.2367, 'wasted': 4.3705}
2026-08-04 17:07:10  INFO      src.federated.client: Client [Bihar] initialised: 14,188 local rows
2026-08-04 17:07:10  INFO      src.federated.client: Client [Madhya_Pradesh] initialised: 10,884 local rows
2026-08-04 17:07:10  INFO      src.evaluation: stunted: recall=0.819 f1=0.751 roc_auc=0.858
2026-08-04 17:07:10  INFO      src.evaluation: underweight: recall=0.801 f1=0.747 roc_auc=0.874
2026-08-04 17:07:10  INFO      src.evaluation: wasted: recall=0.435 f1=0.462 roc_auc=0.760
2026-08-04 17:07:10  INFO      src.evaluation: Macro avg: recall=0.685
2026-08-04 17:07:10  INFO      src.federated.client: [Bihar] Eval recall: 0.6851
2026-08-04 17:07:10  INFO      src.model: Class weights loaded: {'stunted': 1.8195, 'underweight': 2.2367, 'wasted': 4.3705}
2026-08-04 17:07:10  INFO      src.evaluation: stunted: recall=0.637 f1=0.695 roc_auc=0.869
2026-08-04 17:07:10  INFO      src.evaluation: underweight: recall=0.738 f1=0.690 roc_auc=0.865
2026-08-04 17:07:10  INFO      src.evaluation: wasted: recall=0.501 f1=0.504 roc_auc=0.816
2026-08-04 17:07:10  INFO      src.evaluation: Macro avg: recall=0.625
2026-08-04 17:07:10  INFO      src.federated.client: [Madhya_Pradesh] Eval recall: 0.6253
2026-08-04 17:07:10  INFO      src.federated.client: Client [Rajasthan] initialised: 10,142 local rows
2026-08-04 17:07:10  INFO      src.evaluation: stunted: recall=0.870 f1=0.739 roc_auc=0.904
2026-08-04 17:07:10  INFO      src.evaluation: underweight: recall=0.882 f1=0.730 roc_auc=0.919
2026-08-04 17:07:10  INFO      src.evaluation: wasted: recall=0.542 f1=0.643 roc_auc=0.909
2026-08-04 17:07:10  INFO      src.evaluation: Macro avg: recall=0.764
2026-08-04 17:07:10  INFO      src.federated.client: [Rajasthan] Eval recall: 0.7644
2026-08-04 17:07:10  INFO      src.model: Class weights loaded: {'stunted': 1.8195, 'underweight': 2.2367, 'wasted': 4.3705}
2026-08-04 17:07:10  INFO      src.model: Class weights loaded: {'stunted': 1.8195, 'underweight': 2.2367, 'wasted': 4.3705}
2026-08-04 17:07:11  INFO      src.federated.client: Client [Bihar] initialised: 14,188 local rows
2026-08-04 17:07:11  INFO      src.federated.client: [Bihar] Local training: 14,188 rows
2026-08-04 17:07:11  INFO      src.federated.client: Client [Madhya_Pradesh] initialised: 10,884 local rows
2026-08-04 17:07:11  INFO      src.federated.client: [Madhya_Pradesh] Local training: 10,884 rows
2026-08-04 17:07:13  INFO      src.model: Class weights loaded: {'stunted': 1.8195, 'underweight': 2.2367, 'wasted': 4.3705}
2026-08-04 17:07:14  INFO      src.federated.client: Client [Uttar_Pradesh] initialised: 23,736 local rows
2026-08-04 17:07:14  INFO      src.federated.client: [Uttar_Pradesh] Local training: 23,736 rows
2026-08-04 17:07:15  INFO      src.model: Class weights loaded: {'stunted': 1.8195, 'underweight': 2.2367, 'wasted': 4.3705}
2026-08-04 17:07:15  INFO      src.federated.client: Client [Maharashtra] initialised: 6,405 local rows
2026-08-04 17:07:15  INFO      src.federated.client: [Maharashtra] Local training: 6,405 rows
2026-08-04 17:07:17  INFO      src.model: Class weights loaded: {'stunted': 1.8195, 'underweight': 2.2367, 'wasted': 4.3705}
2026-08-04 17:07:17  INFO      src.federated.client: Client [Rajasthan] initialised: 10,142 local rows
2026-08-04 17:07:17  INFO      src.federated.client: [Rajasthan] Local training: 10,142 rows
2026-08-04 17:07:19  INFO      src.model: Class weights loaded: {'stunted': 1.8195, 'underweight': 2.2367, 'wasted': 4.3705}
2026-08-04 17:07:19  INFO      src.model: Class weights loaded: {'stunted': 1.8195, 'underweight': 2.2367, 'wasted': 4.3705}
2026-08-04 17:07:19  INFO      src.federated.client: Client [Maharashtra] initialised: 6,405 local rows
2026-08-04 17:07:19  INFO      src.federated.client: Client [Bihar] initialised: 14,188 local rows
2026-08-04 17:07:20  INFO      src.evaluation: stunted: recall=0.744 f1=0.735 roc_auc=0.874
2026-08-04 17:07:20  INFO      src.evaluation: underweight: recall=0.648 f1=0.695 roc_auc=0.860
2026-08-04 17:07:20  INFO      src.evaluation: wasted: recall=0.600 f1=0.665 roc_auc=0.910
2026-08-04 17:07:20  INFO      src.evaluation: Macro avg: recall=0.664
2026-08-04 17:07:20  INFO      src.federated.client: [Maharashtra] Eval recall: 0.6638
2026-08-04 17:07:20  INFO      src.model: Class weights loaded: {'stunted': 1.8195, 'underweight': 2.2367, 'wasted': 4.3705}
2026-08-04 17:07:20  INFO      src.evaluation: stunted: recall=0.819 f1=0.751 roc_auc=0.858
2026-08-04 17:07:20  INFO      src.evaluation: underweight: recall=0.801 f1=0.747 roc_auc=0.874
2026-08-04 17:07:20  INFO      src.evaluation: wasted: recall=0.435 f1=0.462 roc_auc=0.760
2026-08-04 17:07:20  INFO      src.evaluation: Macro avg: recall=0.685
2026-08-04 17:07:20  INFO      src.federated.client: [Bihar] Eval recall: 0.6851
2026-08-04 17:07:20  INFO      src.model: Class weights loaded: {'stunted': 1.8195, 'underweight': 2.2367, 'wasted': 4.3705}
2026-08-04 17:07:20  INFO      src.federated.client: Client [Uttar_Pradesh] initialised: 23,736 local rows
2026-08-04 17:07:20  INFO      src.federated.client: Client [Rajasthan] initialised: 10,142 local rows
2026-08-04 17:07:20  INFO      src.evaluation: stunted: recall=0.870 f1=0.739 roc_auc=0.904
2026-08-04 17:07:20  INFO      src.evaluation: stunted: recall=0.797 f1=0.747 roc_auc=0.870
2026-08-04 17:07:20  INFO      src.evaluation: underweight: recall=0.882 f1=0.730 roc_auc=0.919
2026-08-04 17:07:20  INFO      src.evaluation: underweight: recall=0.692 f1=0.733 roc_auc=0.914
2026-08-04 17:07:20  INFO      src.evaluation: wasted: recall=0.542 f1=0.643 roc_auc=0.909
2026-08-04 17:07:20  INFO      src.evaluation: Macro avg: recall=0.764
2026-08-04 17:07:20  INFO      src.federated.client: [Rajasthan] Eval recall: 0.7644
2026-08-04 17:07:20  INFO      src.model: Class weights loaded: {'stunted': 1.8195, 'underweight': 2.2367, 'wasted': 4.3705}
2026-08-04 17:07:20  INFO      src.evaluation: wasted: recall=0.492 f1=0.561 roc_auc=0.871
2026-08-04 17:07:20  INFO      src.evaluation: Macro avg: recall=0.660
2026-08-04 17:07:20  INFO      src.federated.client: [Uttar_Pradesh] Eval recall: 0.6601
2026-08-04 17:07:21  INFO      src.federated.client: Client [Madhya_Pradesh] initialised: 10,884 local rows
2026-08-04 17:07:21  INFO      src.evaluation: stunted: recall=0.637 f1=0.695 roc_auc=0.869
2026-08-04 17:07:21  INFO      src.evaluation: underweight: recall=0.738 f1=0.690 roc_auc=0.865
2026-08-04 17:07:21  INFO      src.evaluation: wasted: recall=0.501 f1=0.504 roc_auc=0.816
2026-08-04 17:07:21  INFO      src.evaluation: Macro avg: recall=0.625
2026-08-04 17:07:21  INFO      src.federated.client: [Madhya_Pradesh] Eval recall: 0.6253
2026-08-04 17:07:21  INFO      src.model: Class weights loaded: {'stunted': 1.8195, 'underweight': 2.2367, 'wasted': 4.3705}
2026-08-04 17:07:21  INFO      src.model: Class weights loaded: {'stunted': 1.8195, 'underweight': 2.2367, 'wasted': 4.3705}
2026-08-04 17:07:21  INFO      src.federated.client: Client [Madhya_Pradesh] initialised: 10,884 local rows
2026-08-04 17:07:21  INFO      src.federated.client: [Madhya_Pradesh] Local training: 10,884 rows
2026-08-04 17:07:21  INFO      src.federated.client: Client [Rajasthan] initialised: 10,142 local rows
2026-08-04 17:07:21  INFO      src.federated.client: [Rajasthan] Local training: 10,142 rows
2026-08-04 17:07:24  INFO      src.model: Class weights loaded: {'stunted': 1.8195, 'underweight': 2.2367, 'wasted': 4.3705}
2026-08-04 17:07:24  INFO      src.federated.client: Client [Maharashtra] initialised: 6,405 local rows
2026-08-04 17:07:24  INFO      src.federated.client: [Maharashtra] Local training: 6,405 rows
2026-08-04 17:07:24  INFO      src.model: Class weights loaded: {'stunted': 1.8195, 'underweight': 2.2367, 'wasted': 4.3705}
2026-08-04 17:07:25  INFO      src.federated.client: Client [Uttar_Pradesh] initialised: 23,736 local rows
2026-08-04 17:07:25  INFO      src.federated.client: [Uttar_Pradesh] Local training: 23,736 rows
2026-08-04 17:07:26  INFO      src.model: Class weights loaded: {'stunted': 1.8195, 'underweight': 2.2367, 'wasted': 4.3705}
2026-08-04 17:07:27  INFO      src.federated.client: Client [Bihar] initialised: 14,188 local rows
2026-08-04 17:07:27  INFO      src.federated.client: [Bihar] Local training: 14,188 rows
2026-08-04 17:07:30  INFO      src.model: Class weights loaded: {'stunted': 1.8195, 'underweight': 2.2367, 'wasted': 4.3705}
2026-08-04 17:07:30  INFO      src.model: Class weights loaded: {'stunted': 1.8195, 'underweight': 2.2367, 'wasted': 4.3705}
2026-08-04 17:07:31  INFO      src.federated.client: Client [Bihar] initialised: 14,188 local rows
2026-08-04 17:07:31  INFO      src.federated.client: Client [Madhya_Pradesh] initialised: 10,884 local rows
2026-08-04 17:07:31  INFO      src.evaluation: stunted: recall=0.637 f1=0.695 roc_auc=0.869
2026-08-04 17:07:31  INFO      src.evaluation: underweight: recall=0.738 f1=0.690 roc_auc=0.865
2026-08-04 17:07:31  INFO      src.evaluation: stunted: recall=0.819 f1=0.751 roc_auc=0.858
2026-08-04 17:07:31  INFO      src.evaluation: wasted: recall=0.501 f1=0.504 roc_auc=0.816
2026-08-04 17:07:31  INFO      src.evaluation: Macro avg: recall=0.625
2026-08-04 17:07:31  INFO      src.federated.client: [Madhya_Pradesh] Eval recall: 0.6253
2026-08-04 17:07:31  INFO      src.evaluation: underweight: recall=0.801 f1=0.747 roc_auc=0.874
2026-08-04 17:07:31  INFO      src.model: Class weights loaded: {'stunted': 1.8195, 'underweight': 2.2367, 'wasted': 4.3705}
2026-08-04 17:07:31  INFO      src.evaluation: wasted: recall=0.435 f1=0.462 roc_auc=0.760
2026-08-04 17:07:31  INFO      src.evaluation: Macro avg: recall=0.685
2026-08-04 17:07:31  INFO      src.federated.client: [Bihar] Eval recall: 0.6851
2026-08-04 17:07:31  INFO      src.model: Class weights loaded: {'stunted': 1.8195, 'underweight': 2.2367, 'wasted': 4.3705}
2026-08-04 17:07:31  INFO      src.federated.client: Client [Uttar_Pradesh] initialised: 23,736 local rows
2026-08-04 17:07:31  INFO      src.federated.client: Client [Maharashtra] initialised: 6,405 local rows
2026-08-04 17:07:32  INFO      src.evaluation: stunted: recall=0.744 f1=0.735 roc_auc=0.874
2026-08-04 17:07:32  INFO      src.evaluation: underweight: recall=0.648 f1=0.695 roc_auc=0.860
2026-08-04 17:07:32  INFO      src.evaluation: wasted: recall=0.600 f1=0.665 roc_auc=0.910
2026-08-04 17:07:32  INFO      src.evaluation: Macro avg: recall=0.664
2026-08-04 17:07:32  INFO      src.federated.client: [Maharashtra] Eval recall: 0.6638
2026-08-04 17:07:32  INFO      src.model: Class weights loaded: {'stunted': 1.8195, 'underweight': 2.2367, 'wasted': 4.3705}
2026-08-04 17:07:32  INFO      src.evaluation: stunted: recall=0.797 f1=0.747 roc_auc=0.870
2026-08-04 17:07:32  INFO      src.evaluation: underweight: recall=0.692 f1=0.733 roc_auc=0.914
2026-08-04 17:07:32  INFO      src.evaluation: wasted: recall=0.492 f1=0.561 roc_auc=0.871
2026-08-04 17:07:32  INFO      src.evaluation: Macro avg: recall=0.660
2026-08-04 17:07:32  INFO      src.federated.client: [Uttar_Pradesh] Eval recall: 0.6601
2026-08-04 17:07:32  INFO      src.federated.client: Client [Rajasthan] initialised: 10,142 local rows
2026-08-04 17:07:32  INFO      src.evaluation: stunted: recall=0.870 f1=0.739 roc_auc=0.904
2026-08-04 17:07:32  INFO      src.evaluation: underweight: recall=0.882 f1=0.730 roc_auc=0.919
2026-08-04 17:07:32  INFO      src.evaluation: wasted: recall=0.542 f1=0.643 roc_auc=0.909
2026-08-04 17:07:32  INFO      src.evaluation: Macro avg: recall=0.764
2026-08-04 17:07:32  INFO      src.federated.client: [Rajasthan] Eval recall: 0.7644
2026-08-04 17:07:32  INFO      src.model: Class weights loaded: {'stunted': 1.8195, 'underweight': 2.2367, 'wasted': 4.3705}
2026-08-04 17:07:32  INFO      src.model: Class weights loaded: {'stunted': 1.8195, 'underweight': 2.2367, 'wasted': 4.3705}
2026-08-04 17:07:32  INFO      src.federated.client: Client [Uttar_Pradesh] initialised: 23,736 local rows
2026-08-04 17:07:32  INFO      src.federated.client: [Uttar_Pradesh] Local training: 23,736 rows
2026-08-04 17:07:32  INFO      src.federated.client: Client [Rajasthan] initialised: 10,142 local rows
2026-08-04 17:07:32  INFO      src.federated.client: [Rajasthan] Local training: 10,142 rows
2026-08-04 17:07:36  INFO      src.model: Class weights loaded: {'stunted': 1.8195, 'underweight': 2.2367, 'wasted': 4.3705}
2026-08-04 17:07:36  INFO      src.federated.client: Client [Bihar] initialised: 14,188 local rows
2026-08-04 17:07:36  INFO      src.federated.client: [Bihar] Local training: 14,188 rows
2026-08-04 17:07:38  INFO      src.model: Class weights loaded: {'stunted': 1.8195, 'underweight': 2.2367, 'wasted': 4.3705}
2026-08-04 17:07:38  INFO      src.federated.client: Client [Madhya_Pradesh] initialised: 10,884 local rows
2026-08-04 17:07:38  INFO      src.federated.client: [Madhya_Pradesh] Local training: 10,884 rows
2026-08-04 17:07:39  INFO      src.model: Class weights loaded: {'stunted': 1.8195, 'underweight': 2.2367, 'wasted': 4.3705}
2026-08-04 17:07:40  INFO      src.federated.client: Client [Maharashtra] initialised: 6,405 local rows
2026-08-04 17:07:40  INFO      src.federated.client: [Maharashtra] Local training: 6,405 rows
2026-08-04 17:07:41  INFO      src.model: Class weights loaded: {'stunted': 1.8195, 'underweight': 2.2367, 'wasted': 4.3705}
2026-08-04 17:07:41  INFO      src.model: Class weights loaded: {'stunted': 1.8195, 'underweight': 2.2367, 'wasted': 4.3705}
2026-08-04 17:07:42  INFO      src.federated.client: Client [Uttar_Pradesh] initialised: 23,736 local rows
2026-08-04 17:07:42  INFO      src.federated.client: Client [Madhya_Pradesh] initialised: 10,884 local rows
2026-08-04 17:07:42  INFO      src.evaluation: stunted: recall=0.637 f1=0.695 roc_auc=0.869
2026-08-04 17:07:42  INFO      src.evaluation: underweight: recall=0.738 f1=0.690 roc_auc=0.865
2026-08-04 17:07:42  INFO      src.evaluation: wasted: recall=0.501 f1=0.504 roc_auc=0.816
2026-08-04 17:07:42  INFO      src.evaluation: Macro avg: recall=0.625
2026-08-04 17:07:42  INFO      src.federated.client: [Madhya_Pradesh] Eval recall: 0.6253
2026-08-04 17:07:42  INFO      src.evaluation: stunted: recall=0.797 f1=0.747 roc_auc=0.870
2026-08-04 17:07:42  INFO      src.model: Class weights loaded: {'stunted': 1.8195, 'underweight': 2.2367, 'wasted': 4.3705}
2026-08-04 17:07:42  INFO      src.evaluation: underweight: recall=0.692 f1=0.733 roc_auc=0.914
2026-08-04 17:07:42  INFO      src.evaluation: wasted: recall=0.492 f1=0.561 roc_auc=0.871
2026-08-04 17:07:42  INFO      src.evaluation: Macro avg: recall=0.660
2026-08-04 17:07:42  INFO      src.federated.client: [Uttar_Pradesh] Eval recall: 0.6601
2026-08-04 17:07:42  INFO      src.model: Class weights loaded: {'stunted': 1.8195, 'underweight': 2.2367, 'wasted': 4.3705}
2026-08-04 17:07:42  INFO      src.federated.client: Client [Bihar] initialised: 14,188 local rows
2026-08-04 17:07:42  INFO      src.federated.client: Client [Maharashtra] initialised: 6,405 local rows
2026-08-04 17:07:43  INFO      src.evaluation: stunted: recall=0.819 f1=0.751 roc_auc=0.858
2026-08-04 17:07:43  INFO      src.evaluation: stunted: recall=0.744 f1=0.735 roc_auc=0.874
2026-08-04 17:07:43  INFO      src.evaluation: underweight: recall=0.801 f1=0.747 roc_auc=0.874
2026-08-04 17:07:43  INFO      src.evaluation: underweight: recall=0.648 f1=0.695 roc_auc=0.860
2026-08-04 17:07:43  INFO      src.evaluation: wasted: recall=0.435 f1=0.462 roc_auc=0.760
2026-08-04 17:07:43  INFO      src.evaluation: Macro avg: recall=0.685
2026-08-04 17:07:43  INFO      src.federated.client: [Bihar] Eval recall: 0.6851
2026-08-04 17:07:43  INFO      src.evaluation: wasted: recall=0.600 f1=0.665 roc_auc=0.910
2026-08-04 17:07:43  INFO      src.evaluation: Macro avg: recall=0.664
2026-08-04 17:07:43  INFO      src.federated.client: [Maharashtra] Eval recall: 0.6638
2026-08-04 17:07:43  INFO      src.model: Class weights loaded: {'stunted': 1.8195, 'underweight': 2.2367, 'wasted': 4.3705}
2026-08-04 17:07:43  INFO      src.federated.client: Client [Rajasthan] initialised: 10,142 local rows
2026-08-04 17:07:43  INFO      src.evaluation: stunted: recall=0.870 f1=0.739 roc_auc=0.904
2026-08-04 17:07:43  INFO      src.evaluation: underweight: recall=0.882 f1=0.730 roc_auc=0.919
2026-08-04 17:07:43  INFO      src.evaluation: wasted: recall=0.542 f1=0.643 roc_auc=0.909
2026-08-04 17:07:43  INFO      src.evaluation: Macro avg: recall=0.764
2026-08-04 17:07:43  INFO      src.federated.client: [Rajasthan] Eval recall: 0.7644
2026-08-04 17:07:43  INFO      src.model: Class weights loaded: {'stunted': 1.8195, 'underweight': 2.2367, 'wasted': 4.3705}
2026-08-04 17:07:43  INFO      src.model: Class weights loaded: {'stunted': 1.8195, 'underweight': 2.2367, 'wasted': 4.3705}
2026-08-04 17:07:43  INFO      src.federated.client: Client [Maharashtra] initialised: 6,405 local rows
2026-08-04 17:07:43  INFO      src.federated.client: [Maharashtra] Local training: 6,405 rows
2026-08-04 17:07:44  INFO      src.federated.client: Client [Uttar_Pradesh] initialised: 23,736 local rows
2026-08-04 17:07:44  INFO      src.federated.client: [Uttar_Pradesh] Local training: 23,736 rows
2026-08-04 17:07:46  INFO      src.model: Class weights loaded: {'stunted': 1.8195, 'underweight': 2.2367, 'wasted': 4.3705}
2026-08-04 17:07:47  INFO      src.federated.client: Client [Rajasthan] initialised: 10,142 local rows
2026-08-04 17:07:47  INFO      src.federated.client: [Rajasthan] Local training: 10,142 rows
2026-08-04 17:07:48  INFO      src.model: Class weights loaded: {'stunted': 1.8195, 'underweight': 2.2367, 'wasted': 4.3705}
2026-08-04 17:07:49  INFO      src.federated.client: Client [Madhya_Pradesh] initialised: 10,884 local rows
2026-08-04 17:07:49  INFO      src.federated.client: [Madhya_Pradesh] Local training: 10,884 rows
2026-08-04 17:07:49  INFO      src.model: Class weights loaded: {'stunted': 1.8195, 'underweight': 2.2367, 'wasted': 4.3705}
2026-08-04 17:07:50  INFO      src.federated.client: Client [Bihar] initialised: 14,188 local rows
2026-08-04 17:07:50  INFO      src.federated.client: [Bihar] Local training: 14,188 rows
2026-08-04 17:07:53  INFO      src.model: Class weights loaded: {'stunted': 1.8195, 'underweight': 2.2367, 'wasted': 4.3705}
2026-08-04 17:07:53  INFO      src.model: Class weights loaded: {'stunted': 1.8195, 'underweight': 2.2367, 'wasted': 4.3705}
2026-08-04 17:07:53  INFO      src.federated.client: Client [Bihar] initialised: 14,188 local rows
2026-08-04 17:07:53  INFO      src.federated.client: Client [Maharashtra] initialised: 6,405 local rows
2026-08-04 17:07:54  INFO      src.evaluation: stunted: recall=0.744 f1=0.735 roc_auc=0.874
2026-08-04 17:07:54  INFO      src.evaluation: underweight: recall=0.648 f1=0.695 roc_auc=0.860
2026-08-04 17:07:54  INFO      src.evaluation: wasted: recall=0.600 f1=0.665 roc_auc=0.910
2026-08-04 17:07:54  INFO      src.evaluation: Macro avg: recall=0.664
2026-08-04 17:07:54  INFO      src.federated.client: [Maharashtra] Eval recall: 0.6638
2026-08-04 17:07:54  INFO      src.model: Class weights loaded: {'stunted': 1.8195, 'underweight': 2.2367, 'wasted': 4.3705}
2026-08-04 17:07:54  INFO      src.evaluation: stunted: recall=0.819 f1=0.751 roc_auc=0.858
2026-08-04 17:07:54  INFO      src.evaluation: underweight: recall=0.801 f1=0.747 roc_auc=0.874
2026-08-04 17:07:54  INFO      src.evaluation: wasted: recall=0.435 f1=0.462 roc_auc=0.760
2026-08-04 17:07:54  INFO      src.evaluation: Macro avg: recall=0.685
2026-08-04 17:07:54  INFO      src.federated.client: [Bihar] Eval recall: 0.6851
2026-08-04 17:07:54  INFO      src.model: Class weights loaded: {'stunted': 1.8195, 'underweight': 2.2367, 'wasted': 4.3705}
2026-08-04 17:07:54  INFO      src.federated.client: Client [Rajasthan] initialised: 10,142 local rows
2026-08-04 17:07:54  INFO      src.evaluation: stunted: recall=0.870 f1=0.739 roc_auc=0.904
2026-08-04 17:07:54  INFO      src.evaluation: underweight: recall=0.882 f1=0.730 roc_auc=0.919
2026-08-04 17:07:54  INFO      src.evaluation: wasted: recall=0.542 f1=0.643 roc_auc=0.909
2026-08-04 17:07:54  INFO      src.evaluation: Macro avg: recall=0.764
2026-08-04 17:07:54  INFO      src.federated.client: [Rajasthan] Eval recall: 0.7644
2026-08-04 17:07:54  INFO      src.model: Class weights loaded: {'stunted': 1.8195, 'underweight': 2.2367, 'wasted': 4.3705}
2026-08-04 17:07:54  INFO      src.federated.client: Client [Uttar_Pradesh] initialised: 23,736 local rows
2026-08-04 17:07:55  INFO      src.evaluation: stunted: recall=0.797 f1=0.747 roc_auc=0.870
2026-08-04 17:07:55  INFO      src.evaluation: underweight: recall=0.692 f1=0.733 roc_auc=0.914
2026-08-04 17:07:55  INFO      src.federated.client: Client [Madhya_Pradesh] initialised: 10,884 local rows
2026-08-04 17:07:55  INFO      src.evaluation: wasted: recall=0.492 f1=0.561 roc_auc=0.871
2026-08-04 17:07:55  INFO      src.evaluation: Macro avg: recall=0.660
2026-08-04 17:07:55  INFO      src.federated.client: [Uttar_Pradesh] Eval recall: 0.6601
2026-08-04 17:07:55  INFO      src.evaluation: stunted: recall=0.637 f1=0.695 roc_auc=0.869
2026-08-04 17:07:55  INFO      src.evaluation: underweight: recall=0.738 f1=0.690 roc_auc=0.865
2026-08-04 17:07:55  INFO      src.evaluation: wasted: recall=0.501 f1=0.504 roc_auc=0.816
2026-08-04 17:07:55  INFO      src.evaluation: Macro avg: recall=0.625
2026-08-04 17:07:55  INFO      src.federated.client: [Madhya_Pradesh] Eval recall: 0.6253
2026-08-04 17:07:55  INFO      src.model: Class weights loaded: {'stunted': 1.8195, 'underweight': 2.2367, 'wasted': 4.3705}
2026-08-04 17:07:55  INFO      src.model: Class weights loaded: {'stunted': 1.8195, 'underweight': 2.2367, 'wasted': 4.3705}
2026-08-04 17:07:55  INFO      src.federated.client: Client [Bihar] initialised: 14,188 local rows
2026-08-04 17:07:55  INFO      src.federated.client: [Bihar] Local training: 14,188 rows
2026-08-04 17:07:55  INFO      src.federated.client: Client [Madhya_Pradesh] initialised: 10,884 local rows
2026-08-04 17:07:55  INFO      src.federated.client: [Madhya_Pradesh] Local training: 10,884 rows
2026-08-04 17:07:58  INFO      src.model: Class weights loaded: {'stunted': 1.8195, 'underweight': 2.2367, 'wasted': 4.3705}
2026-08-04 17:07:58  INFO      src.federated.client: Client [Uttar_Pradesh] initialised: 23,736 local rows
2026-08-04 17:07:58  INFO      src.federated.client: [Uttar_Pradesh] Local training: 23,736 rows
2026-08-04 17:07:59  INFO      src.model: Class weights loaded: {'stunted': 1.8195, 'underweight': 2.2367, 'wasted': 4.3705}
2026-08-04 17:08:00  INFO      src.federated.client: Client [Maharashtra] initialised: 6,405 local rows
2026-08-04 17:08:00  INFO      src.federated.client: [Maharashtra] Local training: 6,405 rows
2026-08-04 17:08:02  INFO      src.model: Class weights loaded: {'stunted': 1.8195, 'underweight': 2.2367, 'wasted': 4.3705}
2026-08-04 17:08:02  INFO      src.federated.client: Client [Rajasthan] initialised: 10,142 local rows
2026-08-04 17:08:02  INFO      src.federated.client: [Rajasthan] Local training: 10,142 rows
2026-08-04 17:08:03  INFO      src.model: Class weights loaded: {'stunted': 1.8195, 'underweight': 2.2367, 'wasted': 4.3705}
2026-08-04 17:08:03  INFO      src.model: Class weights loaded: {'stunted': 1.8195, 'underweight': 2.2367, 'wasted': 4.3705}
2026-08-04 17:08:04  INFO      src.federated.client: Client [Bihar] initialised: 14,188 local rows
2026-08-04 17:08:04  INFO      src.federated.client: Client [Uttar_Pradesh] initialised: 23,736 local rows
2026-08-04 17:08:04  INFO      src.evaluation: stunted: recall=0.819 f1=0.751 roc_auc=0.858
2026-08-04 17:08:04  INFO      src.evaluation: underweight: recall=0.801 f1=0.747 roc_auc=0.874
2026-08-04 17:08:04  INFO      src.evaluation: wasted: recall=0.435 f1=0.462 roc_auc=0.760
2026-08-04 17:08:04  INFO      src.evaluation: Macro avg: recall=0.685
2026-08-04 17:08:04  INFO      src.federated.client: [Bihar] Eval recall: 0.6851
2026-08-04 17:08:04  INFO      src.model: Class weights loaded: {'stunted': 1.8195, 'underweight': 2.2367, 'wasted': 4.3705}
2026-08-04 17:08:04  INFO      src.evaluation: stunted: recall=0.797 f1=0.747 roc_auc=0.870
2026-08-04 17:08:04  INFO      src.evaluation: underweight: recall=0.692 f1=0.733 roc_auc=0.914
2026-08-04 17:08:04  INFO      src.evaluation: wasted: recall=0.492 f1=0.561 roc_auc=0.871
2026-08-04 17:08:04  INFO      src.evaluation: Macro avg: recall=0.660
2026-08-04 17:08:04  INFO      src.federated.client: [Uttar_Pradesh] Eval recall: 0.6601
2026-08-04 17:08:04  INFO      src.model: Class weights loaded: {'stunted': 1.8195, 'underweight': 2.2367, 'wasted': 4.3705}
2026-08-04 17:08:04  INFO      src.federated.client: Client [Maharashtra] initialised: 6,405 local rows
2026-08-04 17:08:04  INFO      src.evaluation: stunted: recall=0.744 f1=0.735 roc_auc=0.874
2026-08-04 17:08:04  INFO      src.evaluation: underweight: recall=0.648 f1=0.695 roc_auc=0.860
2026-08-04 17:08:05  INFO      src.evaluation: wasted: recall=0.600 f1=0.665 roc_auc=0.910
2026-08-04 17:08:05  INFO      src.evaluation: Macro avg: recall=0.664
2026-08-04 17:08:05  INFO      src.federated.client: [Maharashtra] Eval recall: 0.6638
2026-08-04 17:08:05  INFO      src.model: Class weights loaded: {'stunted': 1.8195, 'underweight': 2.2367, 'wasted': 4.3705}
2026-08-04 17:08:05  INFO      src.federated.client: Client [Madhya_Pradesh] initialised: 10,884 local rows
2026-08-04 17:08:05  INFO      src.federated.client: Client [Rajasthan] initialised: 10,142 local rows
2026-08-04 17:08:05  INFO      src.evaluation: stunted: recall=0.637 f1=0.695 roc_auc=0.869
2026-08-04 17:08:05  INFO      src.evaluation: underweight: recall=0.738 f1=0.690 roc_auc=0.865
2026-08-04 17:08:05  INFO      src.evaluation: wasted: recall=0.501 f1=0.504 roc_auc=0.816
2026-08-04 17:08:05  INFO      src.evaluation: Macro avg: recall=0.625
2026-08-04 17:08:05  INFO      src.federated.client: [Madhya_Pradesh] Eval recall: 0.6253
2026-08-04 17:08:05  INFO      src.evaluation: stunted: recall=0.870 f1=0.739 roc_auc=0.904
2026-08-04 17:08:05  INFO      src.evaluation: underweight: recall=0.882 f1=0.730 roc_auc=0.919
2026-08-04 17:08:05  INFO      src.evaluation: wasted: recall=0.542 f1=0.643 roc_auc=0.909
2026-08-04 17:08:05  INFO      src.evaluation: Macro avg: recall=0.764
2026-08-04 17:08:05  INFO      src.federated.client: [Rajasthan] Eval recall: 0.7644
2026-08-04 17:08:05  INFO      src.model: Class weights loaded: {'stunted': 1.8195, 'underweight': 2.2367, 'wasted': 4.3705}
2026-08-04 17:08:05  INFO      src.model: Class weights loaded: {'stunted': 1.8195, 'underweight': 2.2367, 'wasted': 4.3705}
2026-08-04 17:08:05  INFO      src.federated.client: Client [Maharashtra] initialised: 6,405 local rows
2026-08-04 17:08:05  INFO      src.federated.client: [Maharashtra] Local training: 6,405 rows
2026-08-04 17:08:05  INFO      src.federated.client: Client [Madhya_Pradesh] initialised: 10,884 local rows
2026-08-04 17:08:05  INFO      src.federated.client: [Madhya_Pradesh] Local training: 10,884 rows
2026-08-04 17:08:08  INFO      src.model: Class weights loaded: {'stunted': 1.8195, 'underweight': 2.2367, 'wasted': 4.3705}
2026-08-04 17:08:09  INFO      src.federated.client: Client [Rajasthan] initialised: 10,142 local rows
2026-08-04 17:08:09  INFO      src.federated.client: [Rajasthan] Local training: 10,142 rows
2026-08-04 17:08:09  INFO      src.model: Class weights loaded: {'stunted': 1.8195, 'underweight': 2.2367, 'wasted': 4.3705}
2026-08-04 17:08:10  INFO      src.federated.client: Client [Uttar_Pradesh] initialised: 23,736 local rows
2026-08-04 17:08:10  INFO      src.federated.client: [Uttar_Pradesh] Local training: 23,736 rows
2026-08-04 17:08:11  INFO      src.model: Class weights loaded: {'stunted': 1.8195, 'underweight': 2.2367, 'wasted': 4.3705}
2026-08-04 17:08:12  INFO      src.federated.client: Client [Bihar] initialised: 14,188 local rows
2026-08-04 17:08:12  INFO      src.federated.client: [Bihar] Local training: 14,188 rows
2026-08-04 17:08:15  INFO      src.model: Class weights loaded: {'stunted': 1.8195, 'underweight': 2.2367, 'wasted': 4.3705}
2026-08-04 17:08:15  INFO      src.model: Class weights loaded: {'stunted': 1.8195, 'underweight': 2.2367, 'wasted': 4.3705}
2026-08-04 17:08:16  INFO      src.federated.client: Client [Rajasthan] initialised: 10,142 local rows
2026-08-04 17:08:16  INFO      src.federated.client: Client [Bihar] initialised: 14,188 local rows
2026-08-04 17:08:16  INFO      src.evaluation: stunted: recall=0.870 f1=0.739 roc_auc=0.904
2026-08-04 17:08:16  INFO      src.evaluation: underweight: recall=0.882 f1=0.730 roc_auc=0.919
2026-08-04 17:08:16  INFO      src.evaluation: wasted: recall=0.542 f1=0.643 roc_auc=0.909
2026-08-04 17:08:16  INFO      src.evaluation: Macro avg: recall=0.764
2026-08-04 17:08:16  INFO      src.federated.client: [Rajasthan] Eval recall: 0.7644
2026-08-04 17:08:16  INFO      src.model: Class weights loaded: {'stunted': 1.8195, 'underweight': 2.2367, 'wasted': 4.3705}
2026-08-04 17:08:16  INFO      src.evaluation: stunted: recall=0.819 f1=0.751 roc_auc=0.858
2026-08-04 17:08:16  INFO      src.evaluation: underweight: recall=0.801 f1=0.747 roc_auc=0.874
2026-08-04 17:08:16  INFO      src.evaluation: wasted: recall=0.435 f1=0.462 roc_auc=0.760
2026-08-04 17:08:16  INFO      src.evaluation: Macro avg: recall=0.685
2026-08-04 17:08:16  INFO      src.federated.client: [Bihar] Eval recall: 0.6851
2026-08-04 17:08:16  INFO      src.model: Class weights loaded: {'stunted': 1.8195, 'underweight': 2.2367, 'wasted': 4.3705}
2026-08-04 17:08:17  INFO      src.federated.client: Client [Madhya_Pradesh] initialised: 10,884 local rows
2026-08-04 17:08:17  INFO      src.evaluation: stunted: recall=0.637 f1=0.695 roc_auc=0.869
2026-08-04 17:08:17  INFO      src.federated.client: Client [Uttar_Pradesh] initialised: 23,736 local rows
2026-08-04 17:08:17  INFO      src.evaluation: underweight: recall=0.738 f1=0.690 roc_auc=0.865
2026-08-04 17:08:17  INFO      src.evaluation: wasted: recall=0.501 f1=0.504 roc_auc=0.816
2026-08-04 17:08:17  INFO      src.evaluation: Macro avg: recall=0.625
2026-08-04 17:08:17  INFO      src.federated.client: [Madhya_Pradesh] Eval recall: 0.6253
2026-08-04 17:08:17  INFO      src.model: Class weights loaded: {'stunted': 1.8195, 'underweight': 2.2367, 'wasted': 4.3705}
2026-08-04 17:08:17  INFO      src.evaluation: stunted: recall=0.797 f1=0.747 roc_auc=0.870
2026-08-04 17:08:17  INFO      src.evaluation: underweight: recall=0.692 f1=0.733 roc_auc=0.914
2026-08-04 17:08:17  INFO      src.evaluation: wasted: recall=0.492 f1=0.561 roc_auc=0.871
2026-08-04 17:08:17  INFO      src.evaluation: Macro avg: recall=0.660
2026-08-04 17:08:17  INFO      src.federated.client: [Uttar_Pradesh] Eval recall: 0.6601
2026-08-04 17:08:17  INFO      src.federated.client: Client [Maharashtra] initialised: 6,405 local rows
2026-08-04 17:08:17  INFO      src.evaluation: stunted: recall=0.744 f1=0.735 roc_auc=0.874
2026-08-04 17:08:17  INFO      src.evaluation: underweight: recall=0.648 f1=0.695 roc_auc=0.860
2026-08-04 17:08:18  INFO      src.evaluation: wasted: recall=0.600 f1=0.665 roc_auc=0.910
2026-08-04 17:08:18  INFO      src.evaluation: Macro avg: recall=0.664
2026-08-04 17:08:18  INFO      src.federated.client: [Maharashtra] Eval recall: 0.6638
2026-08-04 17:08:18  INFO      src.model: Class weights loaded: {'stunted': 1.8195, 'underweight': 2.2367, 'wasted': 4.3705}
2026-08-04 17:08:18  INFO      src.model: Class weights loaded: {'stunted': 1.8195, 'underweight': 2.2367, 'wasted': 4.3705}
2026-08-04 17:08:18  INFO      src.federated.client: Client [Uttar_Pradesh] initialised: 23,736 local rows
2026-08-04 17:08:18  INFO      src.federated.client: [Uttar_Pradesh] Local training: 23,736 rows
2026-08-04 17:08:18  INFO      src.federated.client: Client [Bihar] initialised: 14,188 local rows
2026-08-04 17:08:18  INFO      src.federated.client: [Bihar] Local training: 14,188 rows
2026-08-04 17:08:22  INFO      src.model: Class weights loaded: {'stunted': 1.8195, 'underweight': 2.2367, 'wasted': 4.3705}
2026-08-04 17:08:22  INFO      src.federated.client: Client [Maharashtra] initialised: 6,405 local rows
2026-08-04 17:08:22  INFO      src.federated.client: [Maharashtra] Local training: 6,405 rows
2026-08-04 17:08:23  INFO      src.model: Class weights loaded: {'stunted': 1.8195, 'underweight': 2.2367, 'wasted': 4.3705}
2026-08-04 17:08:23  INFO      src.federated.client: Client [Madhya_Pradesh] initialised: 10,884 local rows
2026-08-04 17:08:23  INFO      src.federated.client: [Madhya_Pradesh] Local training: 10,884 rows
2026-08-04 17:08:24  INFO      src.model: Class weights loaded: {'stunted': 1.8195, 'underweight': 2.2367, 'wasted': 4.3705}
2026-08-04 17:08:25  INFO      src.federated.client: Client [Rajasthan] initialised: 10,142 local rows
2026-08-04 17:08:25  INFO      src.federated.client: [Rajasthan] Local training: 10,142 rows
2026-08-04 17:08:26  INFO      src.model: Class weights loaded: {'stunted': 1.8195, 'underweight': 2.2367, 'wasted': 4.3705}
2026-08-04 17:08:26  INFO      src.model: Class weights loaded: {'stunted': 1.8195, 'underweight': 2.2367, 'wasted': 4.3705}
2026-08-04 17:08:27  INFO      src.federated.client: Client [Uttar_Pradesh] initialised: 23,736 local rows
2026-08-04 17:08:27  INFO      src.federated.client: Client [Maharashtra] initialised: 6,405 local rows
2026-08-04 17:08:27  INFO      src.evaluation: stunted: recall=0.744 f1=0.735 roc_auc=0.874
2026-08-04 17:08:27  INFO      src.evaluation: underweight: recall=0.648 f1=0.695 roc_auc=0.860
2026-08-04 17:08:27  INFO      src.evaluation: wasted: recall=0.600 f1=0.665 roc_auc=0.910
2026-08-04 17:08:27  INFO      src.evaluation: Macro avg: recall=0.664
2026-08-04 17:08:27  INFO      src.federated.client: [Maharashtra] Eval recall: 0.6638
2026-08-04 17:08:27  INFO      src.model: Class weights loaded: {'stunted': 1.8195, 'underweight': 2.2367, 'wasted': 4.3705}
2026-08-04 17:08:27  INFO      src.evaluation: stunted: recall=0.797 f1=0.747 roc_auc=0.870
2026-08-04 17:08:27  INFO      src.evaluation: underweight: recall=0.692 f1=0.733 roc_auc=0.914
2026-08-04 17:08:27  INFO      src.evaluation: wasted: recall=0.492 f1=0.561 roc_auc=0.871
2026-08-04 17:08:27  INFO      src.evaluation: Macro avg: recall=0.660
2026-08-04 17:08:27  INFO      src.federated.client: [Uttar_Pradesh] Eval recall: 0.6601
2026-08-04 17:08:27  INFO      src.model: Class weights loaded: {'stunted': 1.8195, 'underweight': 2.2367, 'wasted': 4.3705}
2026-08-04 17:08:28  INFO      src.federated.client: Client [Bihar] initialised: 14,188 local rows
2026-08-04 17:08:28  INFO      src.federated.client: Client [Rajasthan] initialised: 10,142 local rows
2026-08-04 17:08:28  INFO      src.evaluation: stunted: recall=0.819 f1=0.751 roc_auc=0.858
2026-08-04 17:08:28  INFO      src.evaluation: underweight: recall=0.801 f1=0.747 roc_auc=0.874
2026-08-04 17:08:28  INFO      src.evaluation: wasted: recall=0.435 f1=0.462 roc_auc=0.760
2026-08-04 17:08:28  INFO      src.evaluation: Macro avg: recall=0.685
2026-08-04 17:08:28  INFO      src.federated.client: [Bihar] Eval recall: 0.6851
2026-08-04 17:08:28  INFO      src.evaluation: stunted: recall=0.870 f1=0.739 roc_auc=0.904
2026-08-04 17:08:28  INFO      src.evaluation: underweight: recall=0.882 f1=0.730 roc_auc=0.919
2026-08-04 17:08:28  INFO      src.model: Class weights loaded: {'stunted': 1.8195, 'underweight': 2.2367, 'wasted': 4.3705}
2026-08-04 17:08:28  INFO      src.evaluation: wasted: recall=0.542 f1=0.643 roc_auc=0.909
2026-08-04 17:08:28  INFO      src.evaluation: Macro avg: recall=0.764
2026-08-04 17:08:28  INFO      src.federated.client: [Rajasthan] Eval recall: 0.7644
2026-08-04 17:08:28  INFO      src.federated.client: Client [Madhya_Pradesh] initialised: 10,884 local rows
2026-08-04 17:08:28  INFO      src.evaluation: stunted: recall=0.637 f1=0.695 roc_auc=0.869
2026-08-04 17:08:28  INFO      src.evaluation: underweight: recall=0.738 f1=0.690 roc_auc=0.865
2026-08-04 17:08:28  INFO      src.evaluation: wasted: recall=0.501 f1=0.504 roc_auc=0.816
2026-08-04 17:08:28  INFO      src.evaluation: Macro avg: recall=0.625
2026-08-04 17:08:28  INFO      src.federated.client: [Madhya_Pradesh] Eval recall: 0.6253
2026-08-05 02:40:52  INFO      __main__: National test set: 39,760 rows
2026-08-05 02:41:41  INFO      __main__: Dataset loaded: 228,356 rows
2026-08-05 02:41:41  INFO      src.federated.partition: Uttar_Pradesh: 34,330 rows
2026-08-05 02:41:41  WARNING   src.preprocessing: Dropped 4,659 rows with missing target labels before train/test split.
2026-08-05 02:41:41  INFO      src.preprocessing: Train/test split: 23,736 train | 5,935 test (20% test, stratified on stunted)
2026-08-05 02:41:41  INFO      src.federated.partition: Bihar: 20,179 rows
2026-08-05 02:41:41  WARNING   src.preprocessing: Dropped 2,443 rows with missing target labels before train/test split.
2026-08-05 02:41:41  INFO      src.preprocessing: Train/test split: 14,188 train | 3,548 test (20% test, stratified on stunted)
2026-08-05 02:41:41  INFO      src.federated.partition: Madhya_Pradesh: 15,847 rows
2026-08-05 02:41:41  WARNING   src.preprocessing: Dropped 2,242 rows with missing target labels before train/test split.
2026-08-05 02:41:41  INFO      src.preprocessing: Train/test split: 10,884 train | 2,721 test (20% test, stratified on stunted)
2026-08-05 02:41:41  INFO      src.federated.partition: Rajasthan: 14,426 rows
2026-08-05 02:41:41  WARNING   src.preprocessing: Dropped 1,748 rows with missing target labels before train/test split.
2026-08-05 02:41:41  INFO      src.preprocessing: Train/test split: 10,142 train | 2,536 test (20% test, stratified on stunted)
2026-08-05 02:41:41  INFO      src.federated.partition: Maharashtra: 9,411 rows
2026-08-05 02:41:41  WARNING   src.preprocessing: Dropped 1,404 rows with missing target labels before train/test split.
2026-08-05 02:41:41  INFO      src.preprocessing: Train/test split: 6,405 train | 1,602 test (20% test, stratified on stunted)
2026-08-05 02:41:41  INFO      src.federated.partition: Created 5 state partitions
2026-08-05 02:41:41  INFO      __main__: Starting FL simulation: 10 rounds, 5 clients
2026-08-05 02:42:21  INFO      src.model: Class weights loaded: {'stunted': 1.8195, 'underweight': 2.2367, 'wasted': 4.3705}
2026-08-05 02:42:26  INFO      src.federated.client: Client [Uttar_Pradesh] initialised: 23,736 local rows
2026-08-05 02:42:26  INFO      src.model: Class weights loaded: {'stunted': 1.8195, 'underweight': 2.2367, 'wasted': 4.3705}
2026-08-05 02:42:26  INFO      src.federated.client: Client [Bihar] initialised: 14,188 local rows
2026-08-05 02:42:26  INFO      src.federated.client: [Bihar] Local training: 14,188 rows
2026-08-05 02:42:30  INFO      src.model: Class weights loaded: {'stunted': 1.8195, 'underweight': 2.2367, 'wasted': 4.3705}
2026-08-05 02:42:30  INFO      src.model: Class weights loaded: {'stunted': 1.8195, 'underweight': 2.2367, 'wasted': 4.3705}
2026-08-05 02:42:30  INFO      src.federated.client: Client [Rajasthan] initialised: 10,142 local rows
2026-08-05 02:42:30  INFO      src.federated.client: [Rajasthan] Local training: 10,142 rows
2026-08-05 02:42:33  INFO      src.model: Class weights loaded: {'stunted': 1.8195, 'underweight': 2.2367, 'wasted': 4.3705}
2026-08-05 02:42:34  INFO      src.federated.client: Client [Maharashtra] initialised: 6,405 local rows
2026-08-05 02:42:34  INFO      src.federated.client: [Maharashtra] Local training: 6,405 rows
2026-08-05 02:42:36  INFO      src.federated.client: Client [Uttar_Pradesh] initialised: 23,736 local rows
2026-08-05 02:42:36  INFO      src.federated.client: [Uttar_Pradesh] Local training: 23,736 rows
2026-08-05 02:42:36  INFO      src.model: Class weights loaded: {'stunted': 1.8195, 'underweight': 2.2367, 'wasted': 4.3705}
2026-08-05 02:42:37  INFO      src.federated.client: Client [Madhya_Pradesh] initialised: 10,884 local rows
2026-08-05 02:42:37  INFO      src.federated.client: [Madhya_Pradesh] Local training: 10,884 rows
2026-08-05 02:42:41  INFO      src.model: Class weights loaded: {'stunted': 1.8195, 'underweight': 2.2367, 'wasted': 4.3705}
2026-08-05 02:42:41  INFO      src.model: Class weights loaded: {'stunted': 1.8195, 'underweight': 2.2367, 'wasted': 4.3705}
2026-08-05 02:42:41  INFO      src.federated.client: Client [Madhya_Pradesh] initialised: 10,884 local rows
2026-08-05 02:42:41  INFO      src.federated.client: Client [Rajasthan] initialised: 10,142 local rows
2026-08-05 02:42:42  INFO      src.evaluation: stunted: recall=0.637 f1=0.695 roc_auc=0.869
2026-08-05 02:42:42  INFO      src.evaluation: stunted: recall=0.870 f1=0.739 roc_auc=0.904
2026-08-05 02:42:42  INFO      src.evaluation: underweight: recall=0.738 f1=0.690 roc_auc=0.865
2026-08-05 02:42:42  INFO      src.evaluation: underweight: recall=0.882 f1=0.730 roc_auc=0.919
2026-08-05 02:42:42  INFO      src.evaluation: wasted: recall=0.501 f1=0.504 roc_auc=0.816
2026-08-05 02:42:42  INFO      src.evaluation: Macro avg: recall=0.625
2026-08-05 02:42:42  INFO      src.federated.client: [Madhya_Pradesh] Eval recall: 0.6253
2026-08-05 02:42:42  INFO      src.evaluation: wasted: recall=0.542 f1=0.643 roc_auc=0.909
2026-08-05 02:42:42  INFO      src.evaluation: Macro avg: recall=0.764
2026-08-05 02:42:42  INFO      src.federated.client: [Rajasthan] Eval recall: 0.7644
2026-08-05 02:42:42  INFO      src.model: Class weights loaded: {'stunted': 1.8195, 'underweight': 2.2367, 'wasted': 4.3705}
2026-08-05 02:42:42  INFO      src.model: Class weights loaded: {'stunted': 1.8195, 'underweight': 2.2367, 'wasted': 4.3705}
2026-08-05 02:42:42  INFO      src.federated.client: Client [Uttar_Pradesh] initialised: 23,736 local rows
2026-08-05 02:42:42  INFO      src.federated.client: Client [Maharashtra] initialised: 6,405 local rows
2026-08-05 02:42:42  INFO      src.evaluation: stunted: recall=0.744 f1=0.735 roc_auc=0.874
2026-08-05 02:42:42  INFO      src.evaluation: underweight: recall=0.648 f1=0.695 roc_auc=0.860
2026-08-05 02:42:42  INFO      src.evaluation: wasted: recall=0.600 f1=0.665 roc_auc=0.910
2026-08-05 02:42:42  INFO      src.evaluation: Macro avg: recall=0.664
2026-08-05 02:42:42  INFO      src.federated.client: [Maharashtra] Eval recall: 0.6638
2026-08-05 02:42:42  INFO      src.model: Class weights loaded: {'stunted': 1.8195, 'underweight': 2.2367, 'wasted': 4.3705}
2026-08-05 02:42:42  INFO      src.evaluation: stunted: recall=0.797 f1=0.747 roc_auc=0.870
2026-08-05 02:42:42  INFO      src.evaluation: underweight: recall=0.692 f1=0.733 roc_auc=0.914
2026-08-05 02:42:42  INFO      src.evaluation: wasted: recall=0.492 f1=0.561 roc_auc=0.871
2026-08-05 02:42:42  INFO      src.evaluation: Macro avg: recall=0.660
2026-08-05 02:42:42  INFO      src.federated.client: [Uttar_Pradesh] Eval recall: 0.6601
2026-08-05 02:42:42  INFO      src.federated.client: Client [Bihar] initialised: 14,188 local rows
2026-08-05 02:42:43  INFO      src.evaluation: stunted: recall=0.819 f1=0.751 roc_auc=0.858
2026-08-05 02:42:43  INFO      src.evaluation: underweight: recall=0.801 f1=0.747 roc_auc=0.874
2026-08-05 02:42:43  INFO      src.evaluation: wasted: recall=0.435 f1=0.462 roc_auc=0.760
2026-08-05 02:42:43  INFO      src.evaluation: Macro avg: recall=0.685
2026-08-05 02:42:43  INFO      src.federated.client: [Bihar] Eval recall: 0.6851
2026-08-05 02:42:43  INFO      src.model: Class weights loaded: {'stunted': 1.8195, 'underweight': 2.2367, 'wasted': 4.3705}
2026-08-05 02:42:43  INFO      src.model: Class weights loaded: {'stunted': 1.8195, 'underweight': 2.2367, 'wasted': 4.3705}
2026-08-05 02:42:43  INFO      src.federated.client: Client [Bihar] initialised: 14,188 local rows
2026-08-05 02:42:43  INFO      src.federated.client: [Bihar] Local training: 14,188 rows
2026-08-05 02:42:43  INFO      src.federated.client: Client [Madhya_Pradesh] initialised: 10,884 local rows
2026-08-05 02:42:43  INFO      src.federated.client: [Madhya_Pradesh] Local training: 10,884 rows
2026-08-05 02:42:46  INFO      src.model: Class weights loaded: {'stunted': 1.8195, 'underweight': 2.2367, 'wasted': 4.3705}
2026-08-05 02:42:46  INFO      src.federated.client: Client [Rajasthan] initialised: 10,142 local rows
2026-08-05 02:42:46  INFO      src.federated.client: [Rajasthan] Local training: 10,142 rows
2026-08-05 02:42:47  INFO      src.model: Class weights loaded: {'stunted': 1.8195, 'underweight': 2.2367, 'wasted': 4.3705}
2026-08-05 02:42:47  INFO      src.federated.client: Client [Uttar_Pradesh] initialised: 23,736 local rows
2026-08-05 02:42:47  INFO      src.federated.client: [Uttar_Pradesh] Local training: 23,736 rows
2026-08-05 02:42:48  INFO      src.model: Class weights loaded: {'stunted': 1.8195, 'underweight': 2.2367, 'wasted': 4.3705}
2026-08-05 02:42:49  INFO      src.federated.client: Client [Maharashtra] initialised: 6,405 local rows
2026-08-05 02:42:49  INFO      src.federated.client: [Maharashtra] Local training: 6,405 rows
2026-08-05 02:42:52  INFO      src.model: Class weights loaded: {'stunted': 1.8195, 'underweight': 2.2367, 'wasted': 4.3705}
2026-08-05 02:42:52  INFO      src.model: Class weights loaded: {'stunted': 1.8195, 'underweight': 2.2367, 'wasted': 4.3705}
2026-08-05 02:42:53  INFO      src.federated.client: Client [Madhya_Pradesh] initialised: 10,884 local rows
2026-08-05 02:42:53  INFO      src.federated.client: Client [Maharashtra] initialised: 6,405 local rows
2026-08-05 02:42:53  INFO      src.evaluation: stunted: recall=0.744 f1=0.735 roc_auc=0.874
2026-08-05 02:42:53  INFO      src.evaluation: underweight: recall=0.648 f1=0.695 roc_auc=0.860
2026-08-05 02:42:53  INFO      src.evaluation: stunted: recall=0.637 f1=0.695 roc_auc=0.869
2026-08-05 02:42:53  INFO      src.evaluation: wasted: recall=0.600 f1=0.665 roc_auc=0.910
2026-08-05 02:42:53  INFO      src.evaluation: Macro avg: recall=0.664
2026-08-05 02:42:53  INFO      src.federated.client: [Maharashtra] Eval recall: 0.6638
2026-08-05 02:42:53  INFO      src.evaluation: underweight: recall=0.738 f1=0.690 roc_auc=0.865
2026-08-05 02:42:53  INFO      src.evaluation: wasted: recall=0.501 f1=0.504 roc_auc=0.816
2026-08-05 02:42:53  INFO      src.evaluation: Macro avg: recall=0.625
2026-08-05 02:42:53  INFO      src.federated.client: [Madhya_Pradesh] Eval recall: 0.6253
2026-08-05 02:42:53  INFO      src.model: Class weights loaded: {'stunted': 1.8195, 'underweight': 2.2367, 'wasted': 4.3705}
2026-08-05 02:42:53  INFO      src.model: Class weights loaded: {'stunted': 1.8195, 'underweight': 2.2367, 'wasted': 4.3705}
2026-08-05 02:42:53  INFO      src.federated.client: Client [Rajasthan] initialised: 10,142 local rows
2026-08-05 02:42:53  INFO      src.federated.client: Client [Bihar] initialised: 14,188 local rows
2026-08-05 02:42:53  INFO      src.evaluation: stunted: recall=0.870 f1=0.739 roc_auc=0.904
2026-08-05 02:42:53  INFO      src.evaluation: underweight: recall=0.882 f1=0.730 roc_auc=0.919
2026-08-05 02:42:53  INFO      src.evaluation: wasted: recall=0.542 f1=0.643 roc_auc=0.909
2026-08-05 02:42:53  INFO      src.evaluation: Macro avg: recall=0.764
2026-08-05 02:42:53  INFO      src.federated.client: [Rajasthan] Eval recall: 0.7644
2026-08-05 02:42:53  INFO      src.model: Class weights loaded: {'stunted': 1.8195, 'underweight': 2.2367, 'wasted': 4.3705}
2026-08-05 02:42:53  INFO      src.evaluation: stunted: recall=0.819 f1=0.751 roc_auc=0.858
2026-08-05 02:42:53  INFO      src.evaluation: underweight: recall=0.801 f1=0.747 roc_auc=0.874
2026-08-05 02:42:53  INFO      src.evaluation: wasted: recall=0.435 f1=0.462 roc_auc=0.760
2026-08-05 02:42:53  INFO      src.evaluation: Macro avg: recall=0.685
2026-08-05 02:42:53  INFO      src.federated.client: [Bihar] Eval recall: 0.6851
2026-08-05 02:42:54  INFO      src.federated.client: Client [Uttar_Pradesh] initialised: 23,736 local rows
2026-08-05 02:42:54  INFO      src.evaluation: stunted: recall=0.797 f1=0.747 roc_auc=0.870
2026-08-05 02:42:54  INFO      src.evaluation: underweight: recall=0.692 f1=0.733 roc_auc=0.914
2026-08-05 02:42:54  INFO      src.evaluation: wasted: recall=0.492 f1=0.561 roc_auc=0.871
2026-08-05 02:42:54  INFO      src.evaluation: Macro avg: recall=0.660
2026-08-05 02:42:54  INFO      src.federated.client: [Uttar_Pradesh] Eval recall: 0.6601
2026-08-05 02:42:54  INFO      src.model: Class weights loaded: {'stunted': 1.8195, 'underweight': 2.2367, 'wasted': 4.3705}
2026-08-05 02:42:54  INFO      src.model: Class weights loaded: {'stunted': 1.8195, 'underweight': 2.2367, 'wasted': 4.3705}
2026-08-05 02:42:54  INFO      src.federated.client: Client [Uttar_Pradesh] initialised: 23,736 local rows
2026-08-05 02:42:54  INFO      src.federated.client: [Uttar_Pradesh] Local training: 23,736 rows
2026-08-05 02:42:54  INFO      src.federated.client: Client [Madhya_Pradesh] initialised: 10,884 local rows
2026-08-05 02:42:54  INFO      src.federated.client: [Madhya_Pradesh] Local training: 10,884 rows
2026-08-05 02:42:57  INFO      src.model: Class weights loaded: {'stunted': 1.8195, 'underweight': 2.2367, 'wasted': 4.3705}
2026-08-05 02:42:58  INFO      src.federated.client: Client [Maharashtra] initialised: 6,405 local rows
2026-08-05 02:42:58  INFO      src.federated.client: [Maharashtra] Local training: 6,405 rows
2026-08-05 02:42:59  INFO      src.model: Class weights loaded: {'stunted': 1.8195, 'underweight': 2.2367, 'wasted': 4.3705}
2026-08-05 02:42:59  INFO      src.federated.client: Client [Rajasthan] initialised: 10,142 local rows
2026-08-05 02:42:59  INFO      src.federated.client: [Rajasthan] Local training: 10,142 rows
2026-08-05 02:43:00  INFO      src.model: Class weights loaded: {'stunted': 1.8195, 'underweight': 2.2367, 'wasted': 4.3705}
2026-08-05 02:43:00  INFO      src.federated.client: Client [Bihar] initialised: 14,188 local rows
2026-08-05 02:43:00  INFO      src.federated.client: [Bihar] Local training: 14,188 rows
2026-08-05 02:43:03  INFO      src.model: Class weights loaded: {'stunted': 1.8195, 'underweight': 2.2367, 'wasted': 4.3705}
2026-08-05 02:43:03  INFO      src.model: Class weights loaded: {'stunted': 1.8195, 'underweight': 2.2367, 'wasted': 4.3705}
2026-08-05 02:43:04  INFO      src.federated.client: Client [Madhya_Pradesh] initialised: 10,884 local rows
2026-08-05 02:43:04  INFO      src.federated.client: Client [Uttar_Pradesh] initialised: 23,736 local rows
2026-08-05 02:43:04  INFO      src.evaluation: stunted: recall=0.637 f1=0.695 roc_auc=0.869
2026-08-05 02:43:04  INFO      src.evaluation: underweight: recall=0.738 f1=0.690 roc_auc=0.865
2026-08-05 02:43:04  INFO      src.evaluation: wasted: recall=0.501 f1=0.504 roc_auc=0.816
2026-08-05 02:43:04  INFO      src.evaluation: Macro avg: recall=0.625
2026-08-05 02:43:04  INFO      src.federated.client: [Madhya_Pradesh] Eval recall: 0.6253
2026-08-05 02:43:04  INFO      src.model: Class weights loaded: {'stunted': 1.8195, 'underweight': 2.2367, 'wasted': 4.3705}
2026-08-05 02:43:04  INFO      src.evaluation: stunted: recall=0.797 f1=0.747 roc_auc=0.870
2026-08-05 02:43:04  INFO      src.evaluation: underweight: recall=0.692 f1=0.733 roc_auc=0.914
2026-08-05 02:43:04  INFO      src.evaluation: wasted: recall=0.492 f1=0.561 roc_auc=0.871
2026-08-05 02:43:04  INFO      src.evaluation: Macro avg: recall=0.660
2026-08-05 02:43:04  INFO      src.federated.client: [Uttar_Pradesh] Eval recall: 0.6601
2026-08-05 02:43:04  INFO      src.model: Class weights loaded: {'stunted': 1.8195, 'underweight': 2.2367, 'wasted': 4.3705}
2026-08-05 02:43:04  INFO      src.federated.client: Client [Bihar] initialised: 14,188 local rows
2026-08-05 02:43:05  INFO      src.federated.client: Client [Rajasthan] initialised: 10,142 local rows
2026-08-05 02:43:05  INFO      src.evaluation: stunted: recall=0.819 f1=0.751 roc_auc=0.858
2026-08-05 02:43:05  INFO      src.evaluation: underweight: recall=0.801 f1=0.747 roc_auc=0.874
2026-08-05 02:43:05  INFO      src.evaluation: wasted: recall=0.435 f1=0.462 roc_auc=0.760
2026-08-05 02:43:05  INFO      src.evaluation: Macro avg: recall=0.685
2026-08-05 02:43:05  INFO      src.federated.client: [Bihar] Eval recall: 0.6851
2026-08-05 02:43:05  INFO      src.model: Class weights loaded: {'stunted': 1.8195, 'underweight': 2.2367, 'wasted': 4.3705}
2026-08-05 02:43:05  INFO      src.evaluation: stunted: recall=0.870 f1=0.739 roc_auc=0.904
2026-08-05 02:43:05  INFO      src.evaluation: underweight: recall=0.882 f1=0.730 roc_auc=0.919
2026-08-05 02:43:05  INFO      src.evaluation: wasted: recall=0.542 f1=0.643 roc_auc=0.909
2026-08-05 02:43:05  INFO      src.evaluation: Macro avg: recall=0.764
2026-08-05 02:43:05  INFO      src.federated.client: [Rajasthan] Eval recall: 0.7644
2026-08-05 02:43:05  INFO      src.federated.client: Client [Maharashtra] initialised: 6,405 local rows
2026-08-05 02:43:05  INFO      src.evaluation: stunted: recall=0.744 f1=0.735 roc_auc=0.874
2026-08-05 02:43:05  INFO      src.evaluation: underweight: recall=0.648 f1=0.695 roc_auc=0.860
2026-08-05 02:43:05  INFO      src.evaluation: wasted: recall=0.600 f1=0.665 roc_auc=0.910
2026-08-05 02:43:05  INFO      src.evaluation: Macro avg: recall=0.664
2026-08-05 02:43:05  INFO      src.federated.client: [Maharashtra] Eval recall: 0.6638
2026-08-05 02:43:05  INFO      src.model: Class weights loaded: {'stunted': 1.8195, 'underweight': 2.2367, 'wasted': 4.3705}
2026-08-05 02:43:05  INFO      src.model: Class weights loaded: {'stunted': 1.8195, 'underweight': 2.2367, 'wasted': 4.3705}
2026-08-05 02:43:05  INFO      src.federated.client: Client [Maharashtra] initialised: 6,405 local rows
2026-08-05 02:43:05  INFO      src.federated.client: [Maharashtra] Local training: 6,405 rows
2026-08-05 02:43:05  INFO      src.federated.client: Client [Rajasthan] initialised: 10,142 local rows
2026-08-05 02:43:05  INFO      src.federated.client: [Rajasthan] Local training: 10,142 rows
2026-08-05 02:43:08  INFO      src.model: Class weights loaded: {'stunted': 1.8195, 'underweight': 2.2367, 'wasted': 4.3705}
2026-08-05 02:43:08  INFO      src.federated.client: Client [Bihar] initialised: 14,188 local rows
2026-08-05 02:43:08  INFO      src.federated.client: [Bihar] Local training: 14,188 rows
2026-08-05 02:43:08  INFO      src.model: Class weights loaded: {'stunted': 1.8195, 'underweight': 2.2367, 'wasted': 4.3705}
2026-08-05 02:43:09  INFO      src.federated.client: Client [Madhya_Pradesh] initialised: 10,884 local rows
2026-08-05 02:43:09  INFO      src.federated.client: [Madhya_Pradesh] Local training: 10,884 rows
2026-08-05 02:43:11  INFO      src.model: Class weights loaded: {'stunted': 1.8195, 'underweight': 2.2367, 'wasted': 4.3705}
2026-08-05 02:43:11  INFO      src.federated.client: Client [Uttar_Pradesh] initialised: 23,736 local rows
2026-08-05 02:43:11  INFO      src.federated.client: [Uttar_Pradesh] Local training: 23,736 rows
2026-08-05 02:43:15  INFO      src.model: Class weights loaded: {'stunted': 1.8195, 'underweight': 2.2367, 'wasted': 4.3705}
2026-08-05 02:43:15  INFO      src.model: Class weights loaded: {'stunted': 1.8195, 'underweight': 2.2367, 'wasted': 4.3705}
2026-08-05 02:43:15  INFO      src.federated.client: Client [Bihar] initialised: 14,188 local rows
2026-08-05 02:43:15  INFO      src.federated.client: Client [Uttar_Pradesh] initialised: 23,736 local rows
2026-08-05 02:43:15  INFO      src.evaluation: stunted: recall=0.819 f1=0.751 roc_auc=0.858
2026-08-05 02:43:15  INFO      src.evaluation: underweight: recall=0.801 f1=0.747 roc_auc=0.874
2026-08-05 02:43:15  INFO      src.evaluation: wasted: recall=0.435 f1=0.462 roc_auc=0.760
2026-08-05 02:43:15  INFO      src.evaluation: Macro avg: recall=0.685
2026-08-05 02:43:15  INFO      src.federated.client: [Bihar] Eval recall: 0.6851
2026-08-05 02:43:15  INFO      src.model: Class weights loaded: {'stunted': 1.8195, 'underweight': 2.2367, 'wasted': 4.3705}
2026-08-05 02:43:15  INFO      src.evaluation: stunted: recall=0.797 f1=0.747 roc_auc=0.870
2026-08-05 02:43:15  INFO      src.evaluation: underweight: recall=0.692 f1=0.733 roc_auc=0.914
2026-08-05 02:43:15  INFO      src.evaluation: wasted: recall=0.492 f1=0.561 roc_auc=0.871
2026-08-05 02:43:15  INFO      src.evaluation: Macro avg: recall=0.660
2026-08-05 02:43:15  INFO      src.federated.client: [Uttar_Pradesh] Eval recall: 0.6601
2026-08-05 02:43:15  INFO      src.model: Class weights loaded: {'stunted': 1.8195, 'underweight': 2.2367, 'wasted': 4.3705}
2026-08-05 02:43:16  INFO      src.federated.client: Client [Maharashtra] initialised: 6,405 local rows
2026-08-05 02:43:16  INFO      src.federated.client: Client [Madhya_Pradesh] initialised: 10,884 local rows
2026-08-05 02:43:16  INFO      src.evaluation: stunted: recall=0.744 f1=0.735 roc_auc=0.874
2026-08-05 02:43:16  INFO      src.evaluation: underweight: recall=0.648 f1=0.695 roc_auc=0.860
2026-08-05 02:43:16  INFO      src.evaluation: wasted: recall=0.600 f1=0.665 roc_auc=0.910
2026-08-05 02:43:16  INFO      src.evaluation: Macro avg: recall=0.664
2026-08-05 02:43:16  INFO      src.federated.client: [Maharashtra] Eval recall: 0.6638
2026-08-05 02:43:16  INFO      src.model: Class weights loaded: {'stunted': 1.8195, 'underweight': 2.2367, 'wasted': 4.3705}
2026-08-05 02:43:16  INFO      src.evaluation: stunted: recall=0.637 f1=0.695 roc_auc=0.869
2026-08-05 02:43:16  INFO      src.evaluation: underweight: recall=0.738 f1=0.690 roc_auc=0.865
2026-08-05 02:43:16  INFO      src.evaluation: wasted: recall=0.501 f1=0.504 roc_auc=0.816
2026-08-05 02:43:16  INFO      src.evaluation: Macro avg: recall=0.625
2026-08-05 02:43:16  INFO      src.federated.client: [Madhya_Pradesh] Eval recall: 0.6253
2026-08-05 02:43:16  INFO      src.federated.client: Client [Rajasthan] initialised: 10,142 local rows
2026-08-05 02:43:16  INFO      src.evaluation: stunted: recall=0.870 f1=0.739 roc_auc=0.904
2026-08-05 02:43:16  INFO      src.evaluation: underweight: recall=0.882 f1=0.730 roc_auc=0.919
2026-08-05 02:43:16  INFO      src.evaluation: wasted: recall=0.542 f1=0.643 roc_auc=0.909
2026-08-05 02:43:16  INFO      src.evaluation: Macro avg: recall=0.764
2026-08-05 02:43:16  INFO      src.federated.client: [Rajasthan] Eval recall: 0.7644
2026-08-05 02:43:16  INFO      src.model: Class weights loaded: {'stunted': 1.8195, 'underweight': 2.2367, 'wasted': 4.3705}
2026-08-05 02:43:16  INFO      src.model: Class weights loaded: {'stunted': 1.8195, 'underweight': 2.2367, 'wasted': 4.3705}
2026-08-05 02:43:17  INFO      src.federated.client: Client [Bihar] initialised: 14,188 local rows
2026-08-05 02:43:17  INFO      src.federated.client: [Bihar] Local training: 14,188 rows
2026-08-05 02:43:17  INFO      src.federated.client: Client [Maharashtra] initialised: 6,405 local rows
2026-08-05 02:43:17  INFO      src.federated.client: [Maharashtra] Local training: 6,405 rows
2026-08-05 02:43:19  INFO      src.model: Class weights loaded: {'stunted': 1.8195, 'underweight': 2.2367, 'wasted': 4.3705}
2026-08-05 02:43:19  INFO      src.federated.client: Client [Rajasthan] initialised: 10,142 local rows
2026-08-05 02:43:19  INFO      src.federated.client: [Rajasthan] Local training: 10,142 rows
2026-08-05 02:43:20  INFO      src.model: Class weights loaded: {'stunted': 1.8195, 'underweight': 2.2367, 'wasted': 4.3705}
2026-08-05 02:43:21  INFO      src.federated.client: Client [Madhya_Pradesh] initialised: 10,884 local rows
2026-08-05 02:43:21  INFO      src.federated.client: [Madhya_Pradesh] Local training: 10,884 rows
2026-08-05 02:43:21  INFO      src.model: Class weights loaded: {'stunted': 1.8195, 'underweight': 2.2367, 'wasted': 4.3705}
2026-08-05 02:43:22  INFO      src.federated.client: Client [Uttar_Pradesh] initialised: 23,736 local rows
2026-08-05 02:43:22  INFO      src.federated.client: [Uttar_Pradesh] Local training: 23,736 rows
2026-08-05 02:43:26  INFO      src.model: Class weights loaded: {'stunted': 1.8195, 'underweight': 2.2367, 'wasted': 4.3705}
2026-08-05 02:43:26  INFO      src.model: Class weights loaded: {'stunted': 1.8195, 'underweight': 2.2367, 'wasted': 4.3705}
2026-08-05 02:43:26  INFO      src.federated.client: Client [Rajasthan] initialised: 10,142 local rows
2026-08-05 02:43:26  INFO      src.federated.client: Client [Bihar] initialised: 14,188 local rows
2026-08-05 02:43:26  INFO      src.evaluation: stunted: recall=0.870 f1=0.739 roc_auc=0.904
2026-08-05 02:43:26  INFO      src.evaluation: underweight: recall=0.882 f1=0.730 roc_auc=0.919
2026-08-05 02:43:26  INFO      src.evaluation: wasted: recall=0.542 f1=0.643 roc_auc=0.909
2026-08-05 02:43:26  INFO      src.evaluation: Macro avg: recall=0.764
2026-08-05 02:43:26  INFO      src.federated.client: [Rajasthan] Eval recall: 0.7644
2026-08-05 02:43:26  INFO      src.model: Class weights loaded: {'stunted': 1.8195, 'underweight': 2.2367, 'wasted': 4.3705}
2026-08-05 02:43:26  INFO      src.evaluation: stunted: recall=0.819 f1=0.751 roc_auc=0.858
2026-08-05 02:43:26  INFO      src.evaluation: underweight: recall=0.801 f1=0.747 roc_auc=0.874
2026-08-05 02:43:27  INFO      src.evaluation: wasted: recall=0.435 f1=0.462 roc_auc=0.760
2026-08-05 02:43:27  INFO      src.evaluation: Macro avg: recall=0.685
2026-08-05 02:43:27  INFO      src.federated.client: [Bihar] Eval recall: 0.6851
2026-08-05 02:43:27  INFO      src.model: Class weights loaded: {'stunted': 1.8195, 'underweight': 2.2367, 'wasted': 4.3705}
2026-08-05 02:43:27  INFO      src.federated.client: Client [Uttar_Pradesh] initialised: 23,736 local rows
2026-08-05 02:43:27  INFO      src.federated.client: Client [Madhya_Pradesh] initialised: 10,884 local rows
2026-08-05 02:43:27  INFO      src.evaluation: stunted: recall=0.637 f1=0.695 roc_auc=0.869
2026-08-05 02:43:27  INFO      src.evaluation: underweight: recall=0.738 f1=0.690 roc_auc=0.865
2026-08-05 02:43:27  INFO      src.evaluation: wasted: recall=0.501 f1=0.504 roc_auc=0.816
2026-08-05 02:43:27  INFO      src.evaluation: Macro avg: recall=0.625
2026-08-05 02:43:27  INFO      src.federated.client: [Madhya_Pradesh] Eval recall: 0.6253
2026-08-05 02:43:27  INFO      src.model: Class weights loaded: {'stunted': 1.8195, 'underweight': 2.2367, 'wasted': 4.3705}
2026-08-05 02:43:27  INFO      src.evaluation: stunted: recall=0.797 f1=0.747 roc_auc=0.870
2026-08-05 02:43:27  INFO      src.evaluation: underweight: recall=0.692 f1=0.733 roc_auc=0.914
2026-08-05 02:43:27  INFO      src.evaluation: wasted: recall=0.492 f1=0.561 roc_auc=0.871
2026-08-05 02:43:27  INFO      src.evaluation: Macro avg: recall=0.660
2026-08-05 02:43:27  INFO      src.federated.client: [Uttar_Pradesh] Eval recall: 0.6601
2026-08-05 02:43:28  INFO      src.federated.client: Client [Maharashtra] initialised: 6,405 local rows
2026-08-05 02:43:28  INFO      src.evaluation: stunted: recall=0.744 f1=0.735 roc_auc=0.874
2026-08-05 02:43:28  INFO      src.evaluation: underweight: recall=0.648 f1=0.695 roc_auc=0.860
2026-08-05 02:43:28  INFO      src.evaluation: wasted: recall=0.600 f1=0.665 roc_auc=0.910
2026-08-05 02:43:28  INFO      src.evaluation: Macro avg: recall=0.664
2026-08-05 02:43:28  INFO      src.federated.client: [Maharashtra] Eval recall: 0.6638
2026-08-05 02:43:28  INFO      src.model: Class weights loaded: {'stunted': 1.8195, 'underweight': 2.2367, 'wasted': 4.3705}
2026-08-05 02:43:28  INFO      src.model: Class weights loaded: {'stunted': 1.8195, 'underweight': 2.2367, 'wasted': 4.3705}
2026-08-05 02:43:29  INFO      src.federated.client: Client [Uttar_Pradesh] initialised: 23,736 local rows
2026-08-05 02:43:29  INFO      src.federated.client: [Uttar_Pradesh] Local training: 23,736 rows
2026-08-05 02:43:29  INFO      src.federated.client: Client [Bihar] initialised: 14,188 local rows
2026-08-05 02:43:29  INFO      src.federated.client: [Bihar] Local training: 14,188 rows
2026-08-05 02:43:33  INFO      src.model: Class weights loaded: {'stunted': 1.8195, 'underweight': 2.2367, 'wasted': 4.3705}
2026-08-05 02:43:33  INFO      src.federated.client: Client [Madhya_Pradesh] initialised: 10,884 local rows
2026-08-05 02:43:33  INFO      src.federated.client: [Madhya_Pradesh] Local training: 10,884 rows
2026-08-05 02:43:33  INFO      src.model: Class weights loaded: {'stunted': 1.8195, 'underweight': 2.2367, 'wasted': 4.3705}
2026-08-05 02:43:34  INFO      src.federated.client: Client [Rajasthan] initialised: 10,142 local rows
2026-08-05 02:43:34  INFO      src.federated.client: [Rajasthan] Local training: 10,142 rows
2026-08-05 02:43:35  INFO      src.model: Class weights loaded: {'stunted': 1.8195, 'underweight': 2.2367, 'wasted': 4.3705}
2026-08-05 02:43:35  INFO      src.federated.client: Client [Maharashtra] initialised: 6,405 local rows
2026-08-05 02:43:35  INFO      src.federated.client: [Maharashtra] Local training: 6,405 rows
2026-08-05 02:43:36  INFO      src.model: Class weights loaded: {'stunted': 1.8195, 'underweight': 2.2367, 'wasted': 4.3705}
2026-08-05 02:43:36  INFO      src.model: Class weights loaded: {'stunted': 1.8195, 'underweight': 2.2367, 'wasted': 4.3705}
2026-08-05 02:43:37  INFO      src.federated.client: Client [Rajasthan] initialised: 10,142 local rows
2026-08-05 02:43:37  INFO      src.federated.client: Client [Uttar_Pradesh] initialised: 23,736 local rows
2026-08-05 02:43:37  INFO      src.evaluation: stunted: recall=0.870 f1=0.739 roc_auc=0.904
2026-08-05 02:43:37  INFO      src.evaluation: underweight: recall=0.882 f1=0.730 roc_auc=0.919
2026-08-05 02:43:37  INFO      src.evaluation: wasted: recall=0.542 f1=0.643 roc_auc=0.909
2026-08-05 02:43:37  INFO      src.evaluation: Macro avg: recall=0.764
2026-08-05 02:43:37  INFO      src.federated.client: [Rajasthan] Eval recall: 0.7644
2026-08-05 02:43:37  INFO      src.model: Class weights loaded: {'stunted': 1.8195, 'underweight': 2.2367, 'wasted': 4.3705}
2026-08-05 02:43:37  INFO      src.evaluation: stunted: recall=0.797 f1=0.747 roc_auc=0.870
2026-08-05 02:43:38  INFO      src.evaluation: underweight: recall=0.692 f1=0.733 roc_auc=0.914
2026-08-05 02:43:38  INFO      src.evaluation: wasted: recall=0.492 f1=0.561 roc_auc=0.871
2026-08-05 02:43:38  INFO      src.evaluation: Macro avg: recall=0.660
2026-08-05 02:43:38  INFO      src.federated.client: [Uttar_Pradesh] Eval recall: 0.6601
2026-08-05 02:43:38  INFO      src.model: Class weights loaded: {'stunted': 1.8195, 'underweight': 2.2367, 'wasted': 4.3705}
2026-08-05 02:43:38  INFO      src.federated.client: Client [Madhya_Pradesh] initialised: 10,884 local rows
2026-08-05 02:43:38  INFO      src.evaluation: stunted: recall=0.637 f1=0.695 roc_auc=0.869
2026-08-05 02:43:38  INFO      src.evaluation: underweight: recall=0.738 f1=0.690 roc_auc=0.865
2026-08-05 02:43:38  INFO      src.evaluation: wasted: recall=0.501 f1=0.504 roc_auc=0.816
2026-08-05 02:43:38  INFO      src.evaluation: Macro avg: recall=0.625
2026-08-05 02:43:38  INFO      src.federated.client: [Madhya_Pradesh] Eval recall: 0.6253
2026-08-05 02:43:38  INFO      src.model: Class weights loaded: {'stunted': 1.8195, 'underweight': 2.2367, 'wasted': 4.3705}
2026-08-05 02:43:38  INFO      src.federated.client: Client [Maharashtra] initialised: 6,405 local rows
2026-08-05 02:43:38  INFO      src.evaluation: stunted: recall=0.744 f1=0.735 roc_auc=0.874
2026-08-05 02:43:38  INFO      src.evaluation: underweight: recall=0.648 f1=0.695 roc_auc=0.860
2026-08-05 02:43:38  INFO      src.evaluation: wasted: recall=0.600 f1=0.665 roc_auc=0.910
2026-08-05 02:43:38  INFO      src.evaluation: Macro avg: recall=0.664
2026-08-05 02:43:38  INFO      src.federated.client: [Maharashtra] Eval recall: 0.6638
2026-08-05 02:43:38  INFO      src.federated.client: Client [Bihar] initialised: 14,188 local rows
2026-08-05 02:43:38  INFO      src.evaluation: stunted: recall=0.819 f1=0.751 roc_auc=0.858
2026-08-05 02:43:38  INFO      src.evaluation: underweight: recall=0.801 f1=0.747 roc_auc=0.874
2026-08-05 02:43:38  INFO      src.evaluation: wasted: recall=0.435 f1=0.462 roc_auc=0.760
2026-08-05 02:43:38  INFO      src.evaluation: Macro avg: recall=0.685
2026-08-05 02:43:38  INFO      src.federated.client: [Bihar] Eval recall: 0.6851
2026-08-05 02:43:38  INFO      src.model: Class weights loaded: {'stunted': 1.8195, 'underweight': 2.2367, 'wasted': 4.3705}
2026-08-05 02:43:38  INFO      src.model: Class weights loaded: {'stunted': 1.8195, 'underweight': 2.2367, 'wasted': 4.3705}
2026-08-05 02:43:39  INFO      src.federated.client: Client [Rajasthan] initialised: 10,142 local rows
2026-08-05 02:43:39  INFO      src.federated.client: [Rajasthan] Local training: 10,142 rows
2026-08-05 02:43:39  INFO      src.federated.client: Client [Maharashtra] initialised: 6,405 local rows
2026-08-05 02:43:39  INFO      src.federated.client: [Maharashtra] Local training: 6,405 rows
2026-08-05 02:43:41  INFO      src.model: Class weights loaded: {'stunted': 1.8195, 'underweight': 2.2367, 'wasted': 4.3705}
2026-08-05 02:43:41  INFO      src.model: Class weights loaded: {'stunted': 1.8195, 'underweight': 2.2367, 'wasted': 4.3705}
2026-08-05 02:43:41  INFO      src.federated.client: Client [Madhya_Pradesh] initialised: 10,884 local rows
2026-08-05 02:43:41  INFO      src.federated.client: [Madhya_Pradesh] Local training: 10,884 rows
2026-08-05 02:43:41  INFO      src.federated.client: Client [Uttar_Pradesh] initialised: 23,736 local rows
2026-08-05 02:43:41  INFO      src.federated.client: [Uttar_Pradesh] Local training: 23,736 rows
2026-08-05 02:43:44  INFO      src.model: Class weights loaded: {'stunted': 1.8195, 'underweight': 2.2367, 'wasted': 4.3705}
2026-08-05 02:43:45  INFO      src.federated.client: Client [Bihar] initialised: 14,188 local rows
2026-08-05 02:43:45  INFO      src.federated.client: [Bihar] Local training: 14,188 rows
2026-08-05 02:43:48  INFO      src.model: Class weights loaded: {'stunted': 1.8195, 'underweight': 2.2367, 'wasted': 4.3705}
2026-08-05 02:43:48  INFO      src.model: Class weights loaded: {'stunted': 1.8195, 'underweight': 2.2367, 'wasted': 4.3705}
2026-08-05 02:43:48  INFO      src.federated.client: Client [Bihar] initialised: 14,188 local rows
2026-08-05 02:43:48  INFO      src.federated.client: Client [Rajasthan] initialised: 10,142 local rows
2026-08-05 02:43:48  INFO      src.evaluation: stunted: recall=0.819 f1=0.751 roc_auc=0.858
2026-08-05 02:43:48  INFO      src.evaluation: stunted: recall=0.870 f1=0.739 roc_auc=0.904
2026-08-05 02:43:48  INFO      src.evaluation: underweight: recall=0.882 f1=0.730 roc_auc=0.919
2026-08-05 02:43:48  INFO      src.evaluation: underweight: recall=0.801 f1=0.747 roc_auc=0.874
2026-08-05 02:43:48  INFO      src.evaluation: wasted: recall=0.542 f1=0.643 roc_auc=0.909
2026-08-05 02:43:48  INFO      src.evaluation: Macro avg: recall=0.764
2026-08-05 02:43:48  INFO      src.federated.client: [Rajasthan] Eval recall: 0.7644
2026-08-05 02:43:48  INFO      src.evaluation: wasted: recall=0.435 f1=0.462 roc_auc=0.760
2026-08-05 02:43:48  INFO      src.evaluation: Macro avg: recall=0.685
2026-08-05 02:43:48  INFO      src.federated.client: [Bihar] Eval recall: 0.6851
2026-08-05 02:43:48  INFO      src.model: Class weights loaded: {'stunted': 1.8195, 'underweight': 2.2367, 'wasted': 4.3705}
2026-08-05 02:43:48  INFO      src.model: Class weights loaded: {'stunted': 1.8195, 'underweight': 2.2367, 'wasted': 4.3705}
2026-08-05 02:43:49  INFO      src.federated.client: Client [Madhya_Pradesh] initialised: 10,884 local rows
2026-08-05 02:43:49  INFO      src.federated.client: Client [Uttar_Pradesh] initialised: 23,736 local rows
2026-08-05 02:43:49  INFO      src.evaluation: stunted: recall=0.637 f1=0.695 roc_auc=0.869
2026-08-05 02:43:49  INFO      src.evaluation: underweight: recall=0.738 f1=0.690 roc_auc=0.865
2026-08-05 02:43:49  INFO      src.evaluation: wasted: recall=0.501 f1=0.504 roc_auc=0.816
2026-08-05 02:43:49  INFO      src.evaluation: Macro avg: recall=0.625
2026-08-05 02:43:49  INFO      src.federated.client: [Madhya_Pradesh] Eval recall: 0.6253
2026-08-05 02:43:49  INFO      src.model: Class weights loaded: {'stunted': 1.8195, 'underweight': 2.2367, 'wasted': 4.3705}
2026-08-05 02:43:49  INFO      src.evaluation: stunted: recall=0.797 f1=0.747 roc_auc=0.870
2026-08-05 02:43:49  INFO      src.evaluation: underweight: recall=0.692 f1=0.733 roc_auc=0.914
2026-08-05 02:43:49  INFO      src.federated.client: Client [Maharashtra] initialised: 6,405 local rows
2026-08-05 02:43:49  INFO      src.evaluation: wasted: recall=0.492 f1=0.561 roc_auc=0.871
2026-08-05 02:43:49  INFO      src.evaluation: Macro avg: recall=0.660
2026-08-05 02:43:49  INFO      src.federated.client: [Uttar_Pradesh] Eval recall: 0.6601
2026-08-05 02:43:49  INFO      src.evaluation: stunted: recall=0.744 f1=0.735 roc_auc=0.874
2026-08-05 02:43:49  INFO      src.evaluation: underweight: recall=0.648 f1=0.695 roc_auc=0.860
2026-08-05 02:43:49  INFO      src.evaluation: wasted: recall=0.600 f1=0.665 roc_auc=0.910
2026-08-05 02:43:49  INFO      src.evaluation: Macro avg: recall=0.664
2026-08-05 02:43:49  INFO      src.federated.client: [Maharashtra] Eval recall: 0.6638
2026-08-05 02:43:49  INFO      src.model: Class weights loaded: {'stunted': 1.8195, 'underweight': 2.2367, 'wasted': 4.3705}
2026-08-05 02:43:49  INFO      src.model: Class weights loaded: {'stunted': 1.8195, 'underweight': 2.2367, 'wasted': 4.3705}
2026-08-05 02:43:50  INFO      src.federated.client: Client [Uttar_Pradesh] initialised: 23,736 local rows
2026-08-05 02:43:50  INFO      src.federated.client: [Uttar_Pradesh] Local training: 23,736 rows
2026-08-05 02:43:50  INFO      src.federated.client: Client [Madhya_Pradesh] initialised: 10,884 local rows
2026-08-05 02:43:50  INFO      src.federated.client: [Madhya_Pradesh] Local training: 10,884 rows
2026-08-05 02:43:53  INFO      src.model: Class weights loaded: {'stunted': 1.8195, 'underweight': 2.2367, 'wasted': 4.3705}
2026-08-05 02:43:53  INFO      src.federated.client: Client [Maharashtra] initialised: 6,405 local rows
2026-08-05 02:43:53  INFO      src.federated.client: [Maharashtra] Local training: 6,405 rows
2026-08-05 02:43:54  INFO      src.model: Class weights loaded: {'stunted': 1.8195, 'underweight': 2.2367, 'wasted': 4.3705}
2026-08-05 02:43:55  INFO      src.model: Class weights loaded: {'stunted': 1.8195, 'underweight': 2.2367, 'wasted': 4.3705}
2026-08-05 02:43:55  INFO      src.federated.client: Client [Bihar] initialised: 14,188 local rows
2026-08-05 02:43:55  INFO      src.federated.client: [Bihar] Local training: 14,188 rows
2026-08-05 02:43:55  INFO      src.federated.client: Client [Rajasthan] initialised: 10,142 local rows
2026-08-05 02:43:55  INFO      src.federated.client: [Rajasthan] Local training: 10,142 rows
2026-08-05 02:43:58  INFO      src.model: Class weights loaded: {'stunted': 1.8195, 'underweight': 2.2367, 'wasted': 4.3705}
2026-08-05 02:43:58  INFO      src.model: Class weights loaded: {'stunted': 1.8195, 'underweight': 2.2367, 'wasted': 4.3705}
2026-08-05 02:43:59  INFO      src.federated.client: Client [Rajasthan] initialised: 10,142 local rows
2026-08-05 02:43:59  INFO      src.federated.client: Client [Bihar] initialised: 14,188 local rows
2026-08-05 02:43:59  INFO      src.evaluation: stunted: recall=0.870 f1=0.739 roc_auc=0.904
2026-08-05 02:43:59  INFO      src.evaluation: underweight: recall=0.882 f1=0.730 roc_auc=0.919
2026-08-05 02:43:59  INFO      src.evaluation: wasted: recall=0.542 f1=0.643 roc_auc=0.909
2026-08-05 02:43:59  INFO      src.evaluation: Macro avg: recall=0.764
2026-08-05 02:43:59  INFO      src.federated.client: [Rajasthan] Eval recall: 0.7644
2026-08-05 02:43:59  INFO      src.model: Class weights loaded: {'stunted': 1.8195, 'underweight': 2.2367, 'wasted': 4.3705}
2026-08-05 02:43:59  INFO      src.evaluation: stunted: recall=0.819 f1=0.751 roc_auc=0.858
2026-08-05 02:43:59  INFO      src.evaluation: underweight: recall=0.801 f1=0.747 roc_auc=0.874
2026-08-05 02:43:59  INFO      src.evaluation: wasted: recall=0.435 f1=0.462 roc_auc=0.760
2026-08-05 02:43:59  INFO      src.evaluation: Macro avg: recall=0.685
2026-08-05 02:43:59  INFO      src.federated.client: [Bihar] Eval recall: 0.6851
2026-08-05 02:43:59  INFO      src.model: Class weights loaded: {'stunted': 1.8195, 'underweight': 2.2367, 'wasted': 4.3705}
2026-08-05 02:43:59  INFO      src.federated.client: Client [Uttar_Pradesh] initialised: 23,736 local rows
2026-08-05 02:44:00  INFO      src.federated.client: Client [Madhya_Pradesh] initialised: 10,884 local rows
2026-08-05 02:44:00  INFO      src.evaluation: stunted: recall=0.637 f1=0.695 roc_auc=0.869
2026-08-05 02:44:00  INFO      src.evaluation: stunted: recall=0.797 f1=0.747 roc_auc=0.870
2026-08-05 02:44:00  INFO      src.evaluation: underweight: recall=0.738 f1=0.690 roc_auc=0.865
2026-08-05 02:44:00  INFO      src.evaluation: underweight: recall=0.692 f1=0.733 roc_auc=0.914
2026-08-05 02:44:00  INFO      src.evaluation: wasted: recall=0.501 f1=0.504 roc_auc=0.816
2026-08-05 02:44:00  INFO      src.evaluation: Macro avg: recall=0.625
2026-08-05 02:44:00  INFO      src.federated.client: [Madhya_Pradesh] Eval recall: 0.6253
2026-08-05 02:44:00  INFO      src.evaluation: wasted: recall=0.492 f1=0.561 roc_auc=0.871
2026-08-05 02:44:00  INFO      src.evaluation: Macro avg: recall=0.660
2026-08-05 02:44:00  INFO      src.federated.client: [Uttar_Pradesh] Eval recall: 0.6601
2026-08-05 02:44:00  INFO      src.model: Class weights loaded: {'stunted': 1.8195, 'underweight': 2.2367, 'wasted': 4.3705}
2026-08-05 02:44:00  INFO      src.federated.client: Client [Maharashtra] initialised: 6,405 local rows
2026-08-05 02:44:00  INFO      src.evaluation: stunted: recall=0.744 f1=0.735 roc_auc=0.874
2026-08-05 02:44:00  INFO      src.evaluation: underweight: recall=0.648 f1=0.695 roc_auc=0.860
2026-08-05 02:44:00  INFO      src.evaluation: wasted: recall=0.600 f1=0.665 roc_auc=0.910
2026-08-05 02:44:00  INFO      src.evaluation: Macro avg: recall=0.664
2026-08-05 02:44:00  INFO      src.federated.client: [Maharashtra] Eval recall: 0.6638
2026-08-05 02:44:00  INFO      src.model: Class weights loaded: {'stunted': 1.8195, 'underweight': 2.2367, 'wasted': 4.3705}
2026-08-05 02:44:00  INFO      src.model: Class weights loaded: {'stunted': 1.8195, 'underweight': 2.2367, 'wasted': 4.3705}
2026-08-05 02:44:01  INFO      src.federated.client: Client [Bihar] initialised: 14,188 local rows
2026-08-05 02:44:01  INFO      src.federated.client: [Bihar] Local training: 14,188 rows
2026-08-05 02:44:01  INFO      src.federated.client: Client [Uttar_Pradesh] initialised: 23,736 local rows
2026-08-05 02:44:01  INFO      src.federated.client: [Uttar_Pradesh] Local training: 23,736 rows
2026-08-05 02:44:05  INFO      src.model: Class weights loaded: {'stunted': 1.8195, 'underweight': 2.2367, 'wasted': 4.3705}
2026-08-05 02:44:05  INFO      src.federated.client: Client [Madhya_Pradesh] initialised: 10,884 local rows
2026-08-05 02:44:05  INFO      src.federated.client: [Madhya_Pradesh] Local training: 10,884 rows
2026-08-05 02:44:05  INFO      src.model: Class weights loaded: {'stunted': 1.8195, 'underweight': 2.2367, 'wasted': 4.3705}
2026-08-05 02:44:06  INFO      src.federated.client: Client [Maharashtra] initialised: 6,405 local rows
2026-08-05 02:44:06  INFO      src.federated.client: [Maharashtra] Local training: 6,405 rows
2026-08-05 02:44:07  INFO      src.model: Class weights loaded: {'stunted': 1.8195, 'underweight': 2.2367, 'wasted': 4.3705}
2026-08-05 02:44:07  INFO      src.federated.client: Client [Rajasthan] initialised: 10,142 local rows
2026-08-05 02:44:07  INFO      src.federated.client: [Rajasthan] Local training: 10,142 rows
2026-08-05 02:44:08  INFO      src.model: Class weights loaded: {'stunted': 1.8195, 'underweight': 2.2367, 'wasted': 4.3705}
2026-08-05 02:44:08  INFO      src.model: Class weights loaded: {'stunted': 1.8195, 'underweight': 2.2367, 'wasted': 4.3705}
2026-08-05 02:44:09  INFO      src.federated.client: Client [Madhya_Pradesh] initialised: 10,884 local rows
2026-08-05 02:44:09  INFO      src.federated.client: Client [Uttar_Pradesh] initialised: 23,736 local rows
2026-08-05 02:44:09  INFO      src.evaluation: stunted: recall=0.637 f1=0.695 roc_auc=0.869
2026-08-05 02:44:09  INFO      src.evaluation: underweight: recall=0.738 f1=0.690 roc_auc=0.865
2026-08-05 02:44:09  INFO      src.evaluation: wasted: recall=0.501 f1=0.504 roc_auc=0.816
2026-08-05 02:44:09  INFO      src.evaluation: Macro avg: recall=0.625
2026-08-05 02:44:09  INFO      src.federated.client: [Madhya_Pradesh] Eval recall: 0.6253
2026-08-05 02:44:09  INFO      src.model: Class weights loaded: {'stunted': 1.8195, 'underweight': 2.2367, 'wasted': 4.3705}
2026-08-05 02:44:10  INFO      src.evaluation: stunted: recall=0.797 f1=0.747 roc_auc=0.870
2026-08-05 02:44:10  INFO      src.evaluation: underweight: recall=0.692 f1=0.733 roc_auc=0.914
2026-08-05 02:44:10  INFO      src.evaluation: wasted: recall=0.492 f1=0.561 roc_auc=0.871
2026-08-05 02:44:10  INFO      src.evaluation: Macro avg: recall=0.660
2026-08-05 02:44:10  INFO      src.federated.client: [Uttar_Pradesh] Eval recall: 0.6601
2026-08-05 02:44:10  INFO      src.model: Class weights loaded: {'stunted': 1.8195, 'underweight': 2.2367, 'wasted': 4.3705}
2026-08-05 02:44:10  INFO      src.federated.client: Client [Maharashtra] initialised: 6,405 local rows
2026-08-05 02:44:10  INFO      src.evaluation: stunted: recall=0.744 f1=0.735 roc_auc=0.874
2026-08-05 02:44:10  INFO      src.evaluation: underweight: recall=0.648 f1=0.695 roc_auc=0.860
2026-08-05 02:44:10  INFO      src.evaluation: wasted: recall=0.600 f1=0.665 roc_auc=0.910
2026-08-05 02:44:10  INFO      src.evaluation: Macro avg: recall=0.664
2026-08-05 02:44:10  INFO      src.federated.client: [Maharashtra] Eval recall: 0.6638
2026-08-05 02:44:10  INFO      src.model: Class weights loaded: {'stunted': 1.8195, 'underweight': 2.2367, 'wasted': 4.3705}
2026-08-05 02:44:10  INFO      src.federated.client: Client [Bihar] initialised: 14,188 local rows
2026-08-05 02:44:11  INFO      src.federated.client: Client [Rajasthan] initialised: 10,142 local rows
2026-08-05 02:44:11  INFO      src.evaluation: stunted: recall=0.819 f1=0.751 roc_auc=0.858
2026-08-05 02:44:11  INFO      src.evaluation: underweight: recall=0.801 f1=0.747 roc_auc=0.874
2026-08-05 02:44:11  INFO      src.evaluation: wasted: recall=0.435 f1=0.462 roc_auc=0.760
2026-08-05 02:44:11  INFO      src.evaluation: Macro avg: recall=0.685
2026-08-05 02:44:11  INFO      src.federated.client: [Bihar] Eval recall: 0.6851
2026-08-05 02:44:11  INFO      src.evaluation: stunted: recall=0.870 f1=0.739 roc_auc=0.904
2026-08-05 02:44:11  INFO      src.evaluation: underweight: recall=0.882 f1=0.730 roc_auc=0.919
2026-08-05 02:44:11  INFO      src.evaluation: wasted: recall=0.542 f1=0.643 roc_auc=0.909
2026-08-05 02:44:11  INFO      src.evaluation: Macro avg: recall=0.764
2026-08-05 02:44:11  INFO      src.federated.client: [Rajasthan] Eval recall: 0.7644
2026-08-05 02:44:11  INFO      src.model: Class weights loaded: {'stunted': 1.8195, 'underweight': 2.2367, 'wasted': 4.3705}
2026-08-05 02:44:11  INFO      src.model: Class weights loaded: {'stunted': 1.8195, 'underweight': 2.2367, 'wasted': 4.3705}
2026-08-05 02:44:11  INFO      src.federated.client: Client [Bihar] initialised: 14,188 local rows
2026-08-05 02:44:11  INFO      src.federated.client: [Bihar] Local training: 14,188 rows
2026-08-05 02:44:11  INFO      src.federated.client: Client [Madhya_Pradesh] initialised: 10,884 local rows
2026-08-05 02:44:11  INFO      src.federated.client: [Madhya_Pradesh] Local training: 10,884 rows
2026-08-05 02:44:13  INFO      src.model: Class weights loaded: {'stunted': 1.8195, 'underweight': 2.2367, 'wasted': 4.3705}
2026-08-05 02:44:14  INFO      src.federated.client: Client [Uttar_Pradesh] initialised: 23,736 local rows
2026-08-05 02:44:14  INFO      src.federated.client: [Uttar_Pradesh] Local training: 23,736 rows
2026-08-05 02:44:14  INFO      src.model: Class weights loaded: {'stunted': 1.8195, 'underweight': 2.2367, 'wasted': 4.3705}
2026-08-05 02:44:15  INFO      src.federated.client: Client [Rajasthan] initialised: 10,142 local rows
2026-08-05 02:44:15  INFO      src.federated.client: [Rajasthan] Local training: 10,142 rows
2026-08-05 02:44:17  INFO      src.model: Class weights loaded: {'stunted': 1.8195, 'underweight': 2.2367, 'wasted': 4.3705}
2026-08-05 02:44:17  INFO      src.federated.client: Client [Maharashtra] initialised: 6,405 local rows
2026-08-05 02:44:17  INFO      src.federated.client: [Maharashtra] Local training: 6,405 rows
2026-08-05 02:44:19  INFO      src.model: Class weights loaded: {'stunted': 1.8195, 'underweight': 2.2367, 'wasted': 4.3705}
2026-08-05 02:44:19  INFO      src.model: Class weights loaded: {'stunted': 1.8195, 'underweight': 2.2367, 'wasted': 4.3705}
2026-08-05 02:44:20  INFO      src.federated.client: Client [Maharashtra] initialised: 6,405 local rows
2026-08-05 02:44:20  INFO      src.federated.client: Client [Madhya_Pradesh] initialised: 10,884 local rows
2026-08-05 02:44:20  INFO      src.evaluation: stunted: recall=0.744 f1=0.735 roc_auc=0.874
2026-08-05 02:44:20  INFO      src.evaluation: underweight: recall=0.648 f1=0.695 roc_auc=0.860
2026-08-05 02:44:20  INFO      src.evaluation: wasted: recall=0.600 f1=0.665 roc_auc=0.910
2026-08-05 02:44:20  INFO      src.evaluation: Macro avg: recall=0.664
2026-08-05 02:44:20  INFO      src.federated.client: [Maharashtra] Eval recall: 0.6638
2026-08-05 02:44:20  INFO      src.model: Class weights loaded: {'stunted': 1.8195, 'underweight': 2.2367, 'wasted': 4.3705}
2026-08-05 02:44:20  INFO      src.evaluation: stunted: recall=0.637 f1=0.695 roc_auc=0.869
2026-08-05 02:44:20  INFO      src.evaluation: underweight: recall=0.738 f1=0.690 roc_auc=0.865
2026-08-05 02:44:20  INFO      src.evaluation: wasted: recall=0.501 f1=0.504 roc_auc=0.816
2026-08-05 02:44:20  INFO      src.evaluation: Macro avg: recall=0.625
2026-08-05 02:44:20  INFO      src.federated.client: [Madhya_Pradesh] Eval recall: 0.6253
2026-08-05 02:44:20  INFO      src.model: Class weights loaded: {'stunted': 1.8195, 'underweight': 2.2367, 'wasted': 4.3705}
2026-08-05 02:44:21  INFO      src.federated.client: Client [Rajasthan] initialised: 10,142 local rows
2026-08-05 02:44:21  INFO      src.evaluation: stunted: recall=0.870 f1=0.739 roc_auc=0.904
2026-08-05 02:44:21  INFO      src.federated.client: Client [Bihar] initialised: 14,188 local rows
2026-08-05 02:44:21  INFO      src.evaluation: underweight: recall=0.882 f1=0.730 roc_auc=0.919
2026-08-05 02:44:21  INFO      src.evaluation: wasted: recall=0.542 f1=0.643 roc_auc=0.909
2026-08-05 02:44:21  INFO      src.evaluation: Macro avg: recall=0.764
2026-08-05 02:44:21  INFO      src.federated.client: [Rajasthan] Eval recall: 0.7644
2026-08-05 02:44:21  INFO      src.model: Class weights loaded: {'stunted': 1.8195, 'underweight': 2.2367, 'wasted': 4.3705}
2026-08-05 02:44:21  INFO      src.evaluation: stunted: recall=0.819 f1=0.751 roc_auc=0.858
2026-08-05 02:44:21  INFO      src.evaluation: underweight: recall=0.801 f1=0.747 roc_auc=0.874
2026-08-05 02:44:21  INFO      src.evaluation: wasted: recall=0.435 f1=0.462 roc_auc=0.760
2026-08-05 02:44:21  INFO      src.evaluation: Macro avg: recall=0.685
2026-08-05 02:44:21  INFO      src.federated.client: [Bihar] Eval recall: 0.6851
2026-08-05 02:44:21  INFO      src.federated.client: Client [Uttar_Pradesh] initialised: 23,736 local rows
2026-08-05 02:44:21  INFO      src.evaluation: stunted: recall=0.797 f1=0.747 roc_auc=0.870
2026-08-05 02:44:21  INFO      src.evaluation: underweight: recall=0.692 f1=0.733 roc_auc=0.914
2026-08-05 02:44:21  INFO      src.evaluation: wasted: recall=0.492 f1=0.561 roc_auc=0.871
2026-08-05 02:44:21  INFO      src.evaluation: Macro avg: recall=0.660
2026-08-05 02:44:21  INFO      src.federated.client: [Uttar_Pradesh] Eval recall: 0.6601
2026-08-05 02:45:09  INFO      __main__: National test set: 39,760 rows
2026-08-05 02:45:37  INFO      __main__: Dataset loaded: 228,356 rows
2026-08-05 02:45:37  INFO      src.federated.partition: Uttar_Pradesh: 34,330 rows
2026-08-05 02:45:37  WARNING   src.preprocessing: Dropped 4,659 rows with missing target labels before train/test split.
2026-08-05 02:45:37  INFO      src.preprocessing: Train/test split: 23,736 train | 5,935 test (20% test, stratified on stunted)
2026-08-05 02:45:37  INFO      src.federated.partition: Bihar: 20,179 rows
2026-08-05 02:45:37  WARNING   src.preprocessing: Dropped 2,443 rows with missing target labels before train/test split.
2026-08-05 02:45:37  INFO      src.preprocessing: Train/test split: 14,188 train | 3,548 test (20% test, stratified on stunted)
2026-08-05 02:45:37  INFO      src.federated.partition: Madhya_Pradesh: 15,847 rows
2026-08-05 02:45:37  WARNING   src.preprocessing: Dropped 2,242 rows with missing target labels before train/test split.
2026-08-05 02:45:37  INFO      src.preprocessing: Train/test split: 10,884 train | 2,721 test (20% test, stratified on stunted)
2026-08-05 02:45:37  INFO      src.federated.partition: Rajasthan: 14,426 rows
2026-08-05 02:45:37  WARNING   src.preprocessing: Dropped 1,748 rows with missing target labels before train/test split.
2026-08-05 02:45:37  INFO      src.preprocessing: Train/test split: 10,142 train | 2,536 test (20% test, stratified on stunted)
2026-08-05 02:45:37  INFO      src.federated.partition: Maharashtra: 9,411 rows
2026-08-05 02:45:37  WARNING   src.preprocessing: Dropped 1,404 rows with missing target labels before train/test split.
2026-08-05 02:45:37  INFO      src.preprocessing: Train/test split: 6,405 train | 1,602 test (20% test, stratified on stunted)
2026-08-05 02:45:37  INFO      src.federated.partition: Created 5 state partitions
2026-08-05 02:45:37  INFO      __main__: Starting FL simulation: 10 rounds, 5 clients
2026-08-05 02:45:58  INFO      src.model: Class weights loaded: {'stunted': 1.8195, 'underweight': 2.2367, 'wasted': 4.3705}
2026-08-05 02:46:01  INFO      src.federated.client: Client [Uttar_Pradesh] initialised: 23,736 local rows
2026-08-05 02:46:01  INFO      src.model: Class weights loaded: {'stunted': 1.8195, 'underweight': 2.2367, 'wasted': 4.3705}
2026-08-05 02:46:02  INFO      src.federated.client: Client [Maharashtra] initialised: 6,405 local rows
2026-08-05 02:46:02  INFO      src.federated.client: [Maharashtra] Local training: 6,405 rows
2026-08-05 02:46:04  INFO      src.model: Class weights loaded: {'stunted': 1.8195, 'underweight': 2.2367, 'wasted': 4.3705}
2026-08-05 02:46:04  INFO      src.federated.client: Client [Bihar] initialised: 14,188 local rows
2026-08-05 02:46:04  INFO      src.federated.client: [Bihar] Local training: 14,188 rows
2026-08-05 02:46:06  INFO      src.model: Class weights loaded: {'stunted': 1.8195, 'underweight': 2.2367, 'wasted': 4.3705}
2026-08-05 02:46:07  INFO      src.model: Class weights loaded: {'stunted': 1.8195, 'underweight': 2.2367, 'wasted': 4.3705}
2026-08-05 02:46:08  INFO      src.federated.client: Client [Madhya_Pradesh] initialised: 10,884 local rows
2026-08-05 02:46:08  INFO      src.federated.client: [Madhya_Pradesh] Local training: 10,884 rows
2026-08-05 02:46:11  INFO      src.model: Class weights loaded: {'stunted': 1.8195, 'underweight': 2.2367, 'wasted': 4.3705}
2026-08-05 02:46:12  INFO      src.federated.client: Client [Rajasthan] initialised: 10,142 local rows
2026-08-05 02:46:12  INFO      src.federated.client: [Rajasthan] Local training: 10,142 rows
2026-08-05 02:46:12  INFO      src.federated.client: Client [Uttar_Pradesh] initialised: 23,736 local rows
2026-08-05 02:46:12  INFO      src.federated.client: [Uttar_Pradesh] Local training: 23,736 rows
2026-08-05 02:46:16  INFO      src.model: Class weights loaded: {'stunted': 1.8195, 'underweight': 2.2367, 'wasted': 4.3705}
2026-08-05 02:46:16  INFO      src.model: Class weights loaded: {'stunted': 1.8195, 'underweight': 2.2367, 'wasted': 4.3705}
2026-08-05 02:46:17  INFO      src.federated.client: Client [Bihar] initialised: 14,188 local rows
2026-08-05 02:46:17  INFO      src.evaluation: stunted: recall=0.819 f1=0.751 roc_auc=0.858
2026-08-05 02:46:17  INFO      src.evaluation: underweight: recall=0.801 f1=0.747 roc_auc=0.874
2026-08-05 02:46:17  INFO      src.federated.client: Client [Rajasthan] initialised: 10,142 local rows
2026-08-05 02:46:17  INFO      src.evaluation: wasted: recall=0.435 f1=0.462 roc_auc=0.760
2026-08-05 02:46:17  INFO      src.evaluation: Macro avg: recall=0.685
2026-08-05 02:46:17  INFO      src.federated.client: [Bihar] Eval recall: 0.6851
2026-08-05 02:46:17  INFO      src.model: Class weights loaded: {'stunted': 1.8195, 'underweight': 2.2367, 'wasted': 4.3705}
2026-08-05 02:46:17  INFO      src.evaluation: stunted: recall=0.870 f1=0.739 roc_auc=0.904
2026-08-05 02:46:17  INFO      src.evaluation: underweight: recall=0.882 f1=0.730 roc_auc=0.919
2026-08-05 02:46:17  INFO      src.evaluation: wasted: recall=0.542 f1=0.643 roc_auc=0.909
2026-08-05 02:46:17  INFO      src.evaluation: Macro avg: recall=0.764
2026-08-05 02:46:17  INFO      src.federated.client: [Rajasthan] Eval recall: 0.7644
2026-08-05 02:46:17  INFO      src.model: Class weights loaded: {'stunted': 1.8195, 'underweight': 2.2367, 'wasted': 4.3705}
2026-08-05 02:46:17  INFO      src.federated.client: Client [Maharashtra] initialised: 6,405 local rows
2026-08-05 02:46:18  INFO      src.evaluation: stunted: recall=0.744 f1=0.735 roc_auc=0.874
2026-08-05 02:46:18  INFO      src.evaluation: underweight: recall=0.648 f1=0.695 roc_auc=0.860
2026-08-05 02:46:18  INFO      src.evaluation: wasted: recall=0.600 f1=0.665 roc_auc=0.910
2026-08-05 02:46:18  INFO      src.evaluation: Macro avg: recall=0.664
2026-08-05 02:46:18  INFO      src.federated.client: [Maharashtra] Eval recall: 0.6638
2026-08-05 02:46:18  INFO      src.model: Class weights loaded: {'stunted': 1.8195, 'underweight': 2.2367, 'wasted': 4.3705}
2026-08-05 02:46:18  INFO      src.federated.client: Client [Madhya_Pradesh] initialised: 10,884 local rows
2026-08-05 02:46:18  INFO      src.evaluation: stunted: recall=0.637 f1=0.695 roc_auc=0.869
2026-08-05 02:46:18  INFO      src.evaluation: underweight: recall=0.738 f1=0.690 roc_auc=0.865
2026-08-05 02:46:18  INFO      src.evaluation: wasted: recall=0.501 f1=0.504 roc_auc=0.816
2026-08-05 02:46:18  INFO      src.evaluation: Macro avg: recall=0.625
2026-08-05 02:46:18  INFO      src.federated.client: [Madhya_Pradesh] Eval recall: 0.6253
2026-08-05 02:46:18  INFO      src.federated.client: Client [Uttar_Pradesh] initialised: 23,736 local rows
2026-08-05 02:46:18  INFO      src.evaluation: stunted: recall=0.797 f1=0.747 roc_auc=0.870
2026-08-05 02:46:18  INFO      src.evaluation: underweight: recall=0.692 f1=0.733 roc_auc=0.914
2026-08-05 02:46:18  INFO      src.evaluation: wasted: recall=0.492 f1=0.561 roc_auc=0.871
2026-08-05 02:46:18  INFO      src.evaluation: Macro avg: recall=0.660
2026-08-05 02:46:18  INFO      src.federated.client: [Uttar_Pradesh] Eval recall: 0.6601
2026-08-05 02:46:18  INFO      src.model: Class weights loaded: {'stunted': 1.8195, 'underweight': 2.2367, 'wasted': 4.3705}
2026-08-05 02:46:18  INFO      src.model: Class weights loaded: {'stunted': 1.8195, 'underweight': 2.2367, 'wasted': 4.3705}
2026-08-05 02:46:19  INFO      src.federated.client: Client [Madhya_Pradesh] initialised: 10,884 local rows
2026-08-05 02:46:19  INFO      src.federated.client: [Madhya_Pradesh] Local training: 10,884 rows
2026-08-05 02:46:19  INFO      src.federated.client: Client [Rajasthan] initialised: 10,142 local rows
2026-08-05 02:46:19  INFO      src.federated.client: [Rajasthan] Local training: 10,142 rows
2026-08-05 02:46:21  INFO      src.model: Class weights loaded: {'stunted': 1.8195, 'underweight': 2.2367, 'wasted': 4.3705}
2026-08-05 02:46:21  INFO      src.model: Class weights loaded: {'stunted': 1.8195, 'underweight': 2.2367, 'wasted': 4.3705}
2026-08-05 02:46:22  INFO      src.federated.client: Client [Maharashtra] initialised: 6,405 local rows
2026-08-05 02:46:22  INFO      src.federated.client: [Maharashtra] Local training: 6,405 rows
2026-08-05 02:46:22  INFO      src.federated.client: Client [Bihar] initialised: 14,188 local rows
2026-08-05 02:46:22  INFO      src.federated.client: [Bihar] Local training: 14,188 rows
2026-08-05 02:46:24  INFO      src.model: Class weights loaded: {'stunted': 1.8195, 'underweight': 2.2367, 'wasted': 4.3705}
2026-08-05 02:46:24  INFO      src.federated.client: Client [Uttar_Pradesh] initialised: 23,736 local rows
2026-08-05 02:46:24  INFO      src.federated.client: [Uttar_Pradesh] Local training: 23,736 rows
2026-08-05 02:46:28  INFO      src.model: Class weights loaded: {'stunted': 1.8195, 'underweight': 2.2367, 'wasted': 4.3705}
2026-08-05 02:46:28  INFO      src.model: Class weights loaded: {'stunted': 1.8195, 'underweight': 2.2367, 'wasted': 4.3705}
2026-08-05 02:46:28  INFO      src.federated.client: Client [Maharashtra] initialised: 6,405 local rows
2026-08-05 02:46:28  INFO      src.federated.client: Client [Madhya_Pradesh] initialised: 10,884 local rows
2026-08-05 02:46:28  INFO      src.evaluation: stunted: recall=0.744 f1=0.735 roc_auc=0.874
2026-08-05 02:46:28  INFO      src.evaluation: underweight: recall=0.648 f1=0.695 roc_auc=0.860
2026-08-05 02:46:28  INFO      src.evaluation: wasted: recall=0.600 f1=0.665 roc_auc=0.910
2026-08-05 02:46:28  INFO      src.evaluation: Macro avg: recall=0.664
2026-08-05 02:46:28  INFO      src.federated.client: [Maharashtra] Eval recall: 0.6638
2026-08-05 02:46:28  INFO      src.model: Class weights loaded: {'stunted': 1.8195, 'underweight': 2.2367, 'wasted': 4.3705}
2026-08-05 02:46:28  INFO      src.evaluation: stunted: recall=0.637 f1=0.695 roc_auc=0.869
2026-08-05 02:46:28  INFO      src.evaluation: underweight: recall=0.738 f1=0.690 roc_auc=0.865
2026-08-05 02:46:29  INFO      src.evaluation: wasted: recall=0.501 f1=0.504 roc_auc=0.816
2026-08-05 02:46:29  INFO      src.evaluation: Macro avg: recall=0.625
2026-08-05 02:46:29  INFO      src.federated.client: [Madhya_Pradesh] Eval recall: 0.6253
2026-08-05 02:46:29  INFO      src.model: Class weights loaded: {'stunted': 1.8195, 'underweight': 2.2367, 'wasted': 4.3705}
2026-08-05 02:46:29  INFO      src.federated.client: Client [Bihar] initialised: 14,188 local rows
2026-08-05 02:46:29  INFO      src.federated.client: Client [Uttar_Pradesh] initialised: 23,736 local rows
2026-08-05 02:46:29  INFO      src.evaluation: stunted: recall=0.819 f1=0.751 roc_auc=0.858
2026-08-05 02:46:29  INFO      src.evaluation: underweight: recall=0.801 f1=0.747 roc_auc=0.874
2026-08-05 02:46:29  INFO      src.evaluation: wasted: recall=0.435 f1=0.462 roc_auc=0.760
2026-08-05 02:46:29  INFO      src.evaluation: Macro avg: recall=0.685
2026-08-05 02:46:29  INFO      src.federated.client: [Bihar] Eval recall: 0.6851
2026-08-05 02:46:29  INFO      src.model: Class weights loaded: {'stunted': 1.8195, 'underweight': 2.2367, 'wasted': 4.3705}
2026-08-05 02:46:29  INFO      src.evaluation: stunted: recall=0.797 f1=0.747 roc_auc=0.870
2026-08-05 02:46:29  INFO      src.evaluation: underweight: recall=0.692 f1=0.733 roc_auc=0.914
2026-08-05 02:46:29  INFO      src.evaluation: wasted: recall=0.492 f1=0.561 roc_auc=0.871
2026-08-05 02:46:29  INFO      src.evaluation: Macro avg: recall=0.660
2026-08-05 02:46:29  INFO      src.federated.client: [Uttar_Pradesh] Eval recall: 0.6601
2026-08-05 02:46:29  INFO      src.federated.client: Client [Rajasthan] initialised: 10,142 local rows
2026-08-05 02:46:30  INFO      src.evaluation: stunted: recall=0.870 f1=0.739 roc_auc=0.904
2026-08-05 02:46:30  INFO      src.evaluation: underweight: recall=0.882 f1=0.730 roc_auc=0.919
2026-08-05 02:46:30  INFO      src.evaluation: wasted: recall=0.542 f1=0.643 roc_auc=0.909
2026-08-05 02:46:30  INFO      src.evaluation: Macro avg: recall=0.764
2026-08-05 02:46:30  INFO      src.federated.client: [Rajasthan] Eval recall: 0.7644
2026-08-05 02:46:30  INFO      src.model: Class weights loaded: {'stunted': 1.8195, 'underweight': 2.2367, 'wasted': 4.3705}
2026-08-05 02:46:30  INFO      src.model: Class weights loaded: {'stunted': 1.8195, 'underweight': 2.2367, 'wasted': 4.3705}
2026-08-05 02:46:30  INFO      src.federated.client: Client [Uttar_Pradesh] initialised: 23,736 local rows
2026-08-05 02:46:30  INFO      src.federated.client: [Uttar_Pradesh] Local training: 23,736 rows
2026-08-05 02:46:30  INFO      src.federated.client: Client [Madhya_Pradesh] initialised: 10,884 local rows
2026-08-05 02:46:30  INFO      src.federated.client: [Madhya_Pradesh] Local training: 10,884 rows
2026-08-05 02:46:32  INFO      src.model: Class weights loaded: {'stunted': 1.8195, 'underweight': 2.2367, 'wasted': 4.3705}
2026-08-05 02:46:33  INFO      src.federated.client: Client [Maharashtra] initialised: 6,405 local rows
2026-08-05 02:46:33  INFO      src.federated.client: [Maharashtra] Local training: 6,405 rows
2026-08-05 02:46:34  INFO      src.model: Class weights loaded: {'stunted': 1.8195, 'underweight': 2.2367, 'wasted': 4.3705}
2026-08-05 02:46:35  INFO      src.federated.client: Client [Rajasthan] initialised: 10,142 local rows
2026-08-05 02:46:35  INFO      src.federated.client: [Rajasthan] Local training: 10,142 rows
2026-08-05 02:46:35  INFO      src.model: Class weights loaded: {'stunted': 1.8195, 'underweight': 2.2367, 'wasted': 4.3705}
2026-08-05 02:46:36  INFO      src.federated.client: Client [Bihar] initialised: 14,188 local rows
2026-08-05 02:46:36  INFO      src.federated.client: [Bihar] Local training: 14,188 rows
2026-08-05 02:46:38  INFO      src.model: Class weights loaded: {'stunted': 1.8195, 'underweight': 2.2367, 'wasted': 4.3705}
2026-08-05 02:46:38  INFO      src.model: Class weights loaded: {'stunted': 1.8195, 'underweight': 2.2367, 'wasted': 4.3705}
2026-08-05 02:46:39  INFO      src.federated.client: Client [Madhya_Pradesh] initialised: 10,884 local rows
2026-08-05 02:46:39  INFO      src.federated.client: Client [Uttar_Pradesh] initialised: 23,736 local rows
2026-08-05 02:46:39  INFO      src.evaluation: stunted: recall=0.637 f1=0.695 roc_auc=0.869
2026-08-05 02:46:39  INFO      src.evaluation: underweight: recall=0.738 f1=0.690 roc_auc=0.865
2026-08-05 02:46:39  INFO      src.evaluation: wasted: recall=0.501 f1=0.504 roc_auc=0.816
2026-08-05 02:46:39  INFO      src.evaluation: Macro avg: recall=0.625
2026-08-05 02:46:39  INFO      src.federated.client: [Madhya_Pradesh] Eval recall: 0.6253
2026-08-05 02:46:39  INFO      src.model: Class weights loaded: {'stunted': 1.8195, 'underweight': 2.2367, 'wasted': 4.3705}
2026-08-05 02:46:39  INFO      src.evaluation: stunted: recall=0.797 f1=0.747 roc_auc=0.870
2026-08-05 02:46:39  INFO      src.evaluation: underweight: recall=0.692 f1=0.733 roc_auc=0.914
2026-08-05 02:46:39  INFO      src.evaluation: wasted: recall=0.492 f1=0.561 roc_auc=0.871
2026-08-05 02:46:39  INFO      src.evaluation: Macro avg: recall=0.660
2026-08-05 02:46:39  INFO      src.federated.client: [Uttar_Pradesh] Eval recall: 0.6601
2026-08-05 02:46:39  INFO      src.model: Class weights loaded: {'stunted': 1.8195, 'underweight': 2.2367, 'wasted': 4.3705}
2026-08-05 02:46:39  INFO      src.federated.client: Client [Rajasthan] initialised: 10,142 local rows
2026-08-05 02:46:39  INFO      src.evaluation: stunted: recall=0.870 f1=0.739 roc_auc=0.904
2026-08-05 02:46:39  INFO      src.evaluation: underweight: recall=0.882 f1=0.730 roc_auc=0.919
2026-08-05 02:46:39  INFO      src.evaluation: wasted: recall=0.542 f1=0.643 roc_auc=0.909
2026-08-05 02:46:39  INFO      src.evaluation: Macro avg: recall=0.764
2026-08-05 02:46:39  INFO      src.federated.client: [Rajasthan] Eval recall: 0.7644
2026-08-05 02:46:39  INFO      src.model: Class weights loaded: {'stunted': 1.8195, 'underweight': 2.2367, 'wasted': 4.3705}
2026-08-05 02:46:39  INFO      src.federated.client: Client [Bihar] initialised: 14,188 local rows
2026-08-05 02:46:40  INFO      src.evaluation: stunted: recall=0.819 f1=0.751 roc_auc=0.858
2026-08-05 02:46:40  INFO      src.evaluation: underweight: recall=0.801 f1=0.747 roc_auc=0.874
2026-08-05 02:46:40  INFO      src.federated.client: Client [Maharashtra] initialised: 6,405 local rows
2026-08-05 02:46:40  INFO      src.evaluation: wasted: recall=0.435 f1=0.462 roc_auc=0.760
2026-08-05 02:46:40  INFO      src.evaluation: Macro avg: recall=0.685
2026-08-05 02:46:40  INFO      src.federated.client: [Bihar] Eval recall: 0.6851
2026-08-05 02:46:40  INFO      src.evaluation: stunted: recall=0.744 f1=0.735 roc_auc=0.874
2026-08-05 02:46:40  INFO      src.evaluation: underweight: recall=0.648 f1=0.695 roc_auc=0.860
2026-08-05 02:46:40  INFO      src.evaluation: wasted: recall=0.600 f1=0.665 roc_auc=0.910
2026-08-05 02:46:40  INFO      src.evaluation: Macro avg: recall=0.664
2026-08-05 02:46:40  INFO      src.federated.client: [Maharashtra] Eval recall: 0.6638
2026-08-05 02:46:40  INFO      src.model: Class weights loaded: {'stunted': 1.8195, 'underweight': 2.2367, 'wasted': 4.3705}
2026-08-05 02:46:40  INFO      src.model: Class weights loaded: {'stunted': 1.8195, 'underweight': 2.2367, 'wasted': 4.3705}
2026-08-05 02:46:40  INFO      src.federated.client: Client [Bihar] initialised: 14,188 local rows
2026-08-05 02:46:40  INFO      src.federated.client: [Bihar] Local training: 14,188 rows
2026-08-05 02:46:40  INFO      src.federated.client: Client [Maharashtra] initialised: 6,405 local rows
2026-08-05 02:46:40  INFO      src.federated.client: [Maharashtra] Local training: 6,405 rows
2026-08-05 02:46:42  INFO      src.model: Class weights loaded: {'stunted': 1.8195, 'underweight': 2.2367, 'wasted': 4.3705}
2026-08-05 02:46:42  INFO      src.federated.client: Client [Madhya_Pradesh] initialised: 10,884 local rows
2026-08-05 02:46:42  INFO      src.federated.client: [Madhya_Pradesh] Local training: 10,884 rows
2026-08-05 02:46:43  INFO      src.model: Class weights loaded: {'stunted': 1.8195, 'underweight': 2.2367, 'wasted': 4.3705}
2026-08-05 02:46:44  INFO      src.federated.client: Client [Uttar_Pradesh] initialised: 23,736 local rows
2026-08-05 02:46:44  INFO      src.federated.client: [Uttar_Pradesh] Local training: 23,736 rows
2026-08-05 02:46:44  INFO      src.model: Class weights loaded: {'stunted': 1.8195, 'underweight': 2.2367, 'wasted': 4.3705}
2026-08-05 02:46:45  INFO      src.federated.client: Client [Rajasthan] initialised: 10,142 local rows
2026-08-05 02:46:45  INFO      src.federated.client: [Rajasthan] Local training: 10,142 rows
2026-08-05 02:46:49  INFO      src.model: Class weights loaded: {'stunted': 1.8195, 'underweight': 2.2367, 'wasted': 4.3705}
2026-08-05 02:46:49  INFO      src.model: Class weights loaded: {'stunted': 1.8195, 'underweight': 2.2367, 'wasted': 4.3705}
2026-08-05 02:46:50  INFO      src.federated.client: Client [Maharashtra] initialised: 6,405 local rows
2026-08-05 02:46:50  INFO      src.evaluation: stunted: recall=0.744 f1=0.735 roc_auc=0.874
2026-08-05 02:46:50  INFO      src.evaluation: underweight: recall=0.648 f1=0.695 roc_auc=0.860
2026-08-05 02:46:50  INFO      src.federated.client: Client [Rajasthan] initialised: 10,142 local rows
2026-08-05 02:46:50  INFO      src.evaluation: wasted: recall=0.600 f1=0.665 roc_auc=0.910
2026-08-05 02:46:50  INFO      src.evaluation: Macro avg: recall=0.664
2026-08-05 02:46:50  INFO      src.federated.client: [Maharashtra] Eval recall: 0.6638
2026-08-05 02:46:50  INFO      src.model: Class weights loaded: {'stunted': 1.8195, 'underweight': 2.2367, 'wasted': 4.3705}
2026-08-05 02:46:50  INFO      src.evaluation: stunted: recall=0.870 f1=0.739 roc_auc=0.904
2026-08-05 02:46:50  INFO      src.evaluation: underweight: recall=0.882 f1=0.730 roc_auc=0.919
2026-08-05 02:46:50  INFO      src.evaluation: wasted: recall=0.542 f1=0.643 roc_auc=0.909
2026-08-05 02:46:50  INFO      src.evaluation: Macro avg: recall=0.764
2026-08-05 02:46:50  INFO      src.federated.client: [Rajasthan] Eval recall: 0.7644
2026-08-05 02:46:50  INFO      src.model: Class weights loaded: {'stunted': 1.8195, 'underweight': 2.2367, 'wasted': 4.3705}
2026-08-05 02:46:50  INFO      src.federated.client: Client [Madhya_Pradesh] initialised: 10,884 local rows
2026-08-05 02:46:51  INFO      src.federated.client: Client [Bihar] initialised: 14,188 local rows
2026-08-05 02:46:51  INFO      src.evaluation: stunted: recall=0.637 f1=0.695 roc_auc=0.869
2026-08-05 02:46:51  INFO      src.evaluation: underweight: recall=0.738 f1=0.690 roc_auc=0.865
2026-08-05 02:46:51  INFO      src.evaluation: wasted: recall=0.501 f1=0.504 roc_auc=0.816
2026-08-05 02:46:51  INFO      src.evaluation: Macro avg: recall=0.625
2026-08-05 02:46:51  INFO      src.federated.client: [Madhya_Pradesh] Eval recall: 0.6253
2026-08-05 02:46:51  INFO      src.model: Class weights loaded: {'stunted': 1.8195, 'underweight': 2.2367, 'wasted': 4.3705}
2026-08-05 02:46:51  INFO      src.evaluation: stunted: recall=0.819 f1=0.751 roc_auc=0.858
2026-08-05 02:46:51  INFO      src.evaluation: underweight: recall=0.801 f1=0.747 roc_auc=0.874
2026-08-05 02:46:51  INFO      src.evaluation: wasted: recall=0.435 f1=0.462 roc_auc=0.760
2026-08-05 02:46:51  INFO      src.evaluation: Macro avg: recall=0.685
2026-08-05 02:46:51  INFO      src.federated.client: [Bihar] Eval recall: 0.6851
2026-08-05 02:46:51  INFO      src.federated.client: Client [Uttar_Pradesh] initialised: 23,736 local rows
2026-08-05 02:46:51  INFO      src.evaluation: stunted: recall=0.797 f1=0.747 roc_auc=0.870
2026-08-05 02:46:51  INFO      src.evaluation: underweight: recall=0.692 f1=0.733 roc_auc=0.914
2026-08-05 02:46:51  INFO      src.evaluation: wasted: recall=0.492 f1=0.561 roc_auc=0.871
2026-08-05 02:46:51  INFO      src.evaluation: Macro avg: recall=0.660
2026-08-05 02:46:51  INFO      src.federated.client: [Uttar_Pradesh] Eval recall: 0.6601
2026-08-05 02:46:51  INFO      src.model: Class weights loaded: {'stunted': 1.8195, 'underweight': 2.2367, 'wasted': 4.3705}
2026-08-05 02:46:51  INFO      src.model: Class weights loaded: {'stunted': 1.8195, 'underweight': 2.2367, 'wasted': 4.3705}
2026-08-05 02:46:51  INFO      src.federated.client: Client [Rajasthan] initialised: 10,142 local rows
2026-08-05 02:46:51  INFO      src.federated.client: [Rajasthan] Local training: 10,142 rows
2026-08-05 02:46:52  INFO      src.federated.client: Client [Maharashtra] initialised: 6,405 local rows
2026-08-05 02:46:52  INFO      src.federated.client: [Maharashtra] Local training: 6,405 rows
2026-08-05 02:46:53  INFO      src.model: Class weights loaded: {'stunted': 1.8195, 'underweight': 2.2367, 'wasted': 4.3705}
2026-08-05 02:46:54  INFO      src.model: Class weights loaded: {'stunted': 1.8195, 'underweight': 2.2367, 'wasted': 4.3705}
2026-08-05 02:46:54  INFO      src.federated.client: Client [Uttar_Pradesh] initialised: 23,736 local rows
2026-08-05 02:46:54  INFO      src.federated.client: [Uttar_Pradesh] Local training: 23,736 rows
2026-08-05 02:46:54  INFO      src.federated.client: Client [Madhya_Pradesh] initialised: 10,884 local rows
2026-08-05 02:46:54  INFO      src.federated.client: [Madhya_Pradesh] Local training: 10,884 rows
2026-08-05 02:46:57  INFO      src.model: Class weights loaded: {'stunted': 1.8195, 'underweight': 2.2367, 'wasted': 4.3705}
2026-08-05 02:46:57  INFO      src.federated.client: Client [Bihar] initialised: 14,188 local rows
2026-08-05 02:46:57  INFO      src.federated.client: [Bihar] Local training: 14,188 rows
2026-08-05 02:47:00  INFO      src.model: Class weights loaded: {'stunted': 1.8195, 'underweight': 2.2367, 'wasted': 4.3705}
2026-08-05 02:47:00  INFO      src.model: Class weights loaded: {'stunted': 1.8195, 'underweight': 2.2367, 'wasted': 4.3705}
2026-08-05 02:47:01  INFO      src.federated.client: Client [Maharashtra] initialised: 6,405 local rows
2026-08-05 02:47:01  INFO      src.evaluation: stunted: recall=0.744 f1=0.735 roc_auc=0.874
2026-08-05 02:47:01  INFO      src.evaluation: underweight: recall=0.648 f1=0.695 roc_auc=0.860
2026-08-05 02:47:01  INFO      src.federated.client: Client [Rajasthan] initialised: 10,142 local rows
2026-08-05 02:47:01  INFO      src.evaluation: wasted: recall=0.600 f1=0.665 roc_auc=0.910
2026-08-05 02:47:01  INFO      src.evaluation: Macro avg: recall=0.664
2026-08-05 02:47:01  INFO      src.federated.client: [Maharashtra] Eval recall: 0.6638
2026-08-05 02:47:01  INFO      src.model: Class weights loaded: {'stunted': 1.8195, 'underweight': 2.2367, 'wasted': 4.3705}
2026-08-05 02:47:01  INFO      src.evaluation: stunted: recall=0.870 f1=0.739 roc_auc=0.904
2026-08-05 02:47:01  INFO      src.evaluation: underweight: recall=0.882 f1=0.730 roc_auc=0.919
2026-08-05 02:47:01  INFO      src.evaluation: wasted: recall=0.542 f1=0.643 roc_auc=0.909
2026-08-05 02:47:01  INFO      src.evaluation: Macro avg: recall=0.764
2026-08-05 02:47:01  INFO      src.federated.client: [Rajasthan] Eval recall: 0.7644
2026-08-05 02:47:01  INFO      src.model: Class weights loaded: {'stunted': 1.8195, 'underweight': 2.2367, 'wasted': 4.3705}
2026-08-05 02:47:02  INFO      src.federated.client: Client [Uttar_Pradesh] initialised: 23,736 local rows
2026-08-05 02:47:02  INFO      src.federated.client: Client [Madhya_Pradesh] initialised: 10,884 local rows
2026-08-05 02:47:02  INFO      src.evaluation: stunted: recall=0.797 f1=0.747 roc_auc=0.870
2026-08-05 02:47:02  INFO      src.evaluation: stunted: recall=0.637 f1=0.695 roc_auc=0.869
2026-08-05 02:47:02  INFO      src.evaluation: underweight: recall=0.692 f1=0.733 roc_auc=0.914
2026-08-05 02:47:02  INFO      src.evaluation: underweight: recall=0.738 f1=0.690 roc_auc=0.865
2026-08-05 02:47:02  INFO      src.evaluation: wasted: recall=0.501 f1=0.504 roc_auc=0.816
2026-08-05 02:47:02  INFO      src.evaluation: Macro avg: recall=0.625
2026-08-05 02:47:02  INFO      src.federated.client: [Madhya_Pradesh] Eval recall: 0.6253
2026-08-05 02:47:02  INFO      src.evaluation: wasted: recall=0.492 f1=0.561 roc_auc=0.871
2026-08-05 02:47:02  INFO      src.evaluation: Macro avg: recall=0.660
2026-08-05 02:47:02  INFO      src.federated.client: [Uttar_Pradesh] Eval recall: 0.6601
2026-08-05 02:47:02  INFO      src.model: Class weights loaded: {'stunted': 1.8195, 'underweight': 2.2367, 'wasted': 4.3705}
2026-08-05 02:47:02  INFO      src.federated.client: Client [Bihar] initialised: 14,188 local rows
2026-08-05 02:47:03  INFO      src.evaluation: stunted: recall=0.819 f1=0.751 roc_auc=0.858
2026-08-05 02:47:03  INFO      src.evaluation: underweight: recall=0.801 f1=0.747 roc_auc=0.874
2026-08-05 02:47:03  INFO      src.evaluation: wasted: recall=0.435 f1=0.462 roc_auc=0.760
2026-08-05 02:47:03  INFO      src.evaluation: Macro avg: recall=0.685
2026-08-05 02:47:03  INFO      src.federated.client: [Bihar] Eval recall: 0.6851
2026-08-05 02:47:03  INFO      src.model: Class weights loaded: {'stunted': 1.8195, 'underweight': 2.2367, 'wasted': 4.3705}
2026-08-05 02:47:03  INFO      src.model: Class weights loaded: {'stunted': 1.8195, 'underweight': 2.2367, 'wasted': 4.3705}
2026-08-05 02:47:03  INFO      src.federated.client: Client [Madhya_Pradesh] initialised: 10,884 local rows
2026-08-05 02:47:03  INFO      src.federated.client: [Madhya_Pradesh] Local training: 10,884 rows
2026-08-05 02:47:03  INFO      src.federated.client: Client [Maharashtra] initialised: 6,405 local rows
2026-08-05 02:47:03  INFO      src.federated.client: [Maharashtra] Local training: 6,405 rows
2026-08-05 02:47:08  INFO      src.model: Class weights loaded: {'stunted': 1.8195, 'underweight': 2.2367, 'wasted': 4.3705}
2026-08-05 02:47:08  INFO      src.model: Class weights loaded: {'stunted': 1.8195, 'underweight': 2.2367, 'wasted': 4.3705}
2026-08-05 02:47:08  INFO      src.federated.client: Client [Bihar] initialised: 14,188 local rows
2026-08-05 02:47:08  INFO      src.federated.client: [Bihar] Local training: 14,188 rows
2026-08-05 02:47:09  INFO      src.federated.client: Client [Rajasthan] initialised: 10,142 local rows
2026-08-05 02:47:09  INFO      src.federated.client: [Rajasthan] Local training: 10,142 rows
2026-08-05 02:47:11  INFO      src.model: Class weights loaded: {'stunted': 1.8195, 'underweight': 2.2367, 'wasted': 4.3705}
2026-08-05 02:47:11  INFO      src.federated.client: Client [Uttar_Pradesh] initialised: 23,736 local rows
2026-08-05 02:47:11  INFO      src.federated.client: [Uttar_Pradesh] Local training: 23,736 rows
2026-08-05 02:47:14  INFO      src.model: Class weights loaded: {'stunted': 1.8195, 'underweight': 2.2367, 'wasted': 4.3705}
2026-08-05 02:47:14  INFO      src.model: Class weights loaded: {'stunted': 1.8195, 'underweight': 2.2367, 'wasted': 4.3705}
2026-08-05 02:47:15  INFO      src.federated.client: Client [Madhya_Pradesh] initialised: 10,884 local rows
2026-08-05 02:47:15  INFO      src.federated.client: Client [Maharashtra] initialised: 6,405 local rows
2026-08-05 02:47:15  INFO      src.evaluation: stunted: recall=0.637 f1=0.695 roc_auc=0.869
2026-08-05 02:47:15  INFO      src.evaluation: underweight: recall=0.738 f1=0.690 roc_auc=0.865
2026-08-05 02:47:15  INFO      src.evaluation: wasted: recall=0.501 f1=0.504 roc_auc=0.816
2026-08-05 02:47:15  INFO      src.evaluation: Macro avg: recall=0.625
2026-08-05 02:47:15  INFO      src.federated.client: [Madhya_Pradesh] Eval recall: 0.6253
2026-08-05 02:47:15  INFO      src.evaluation: stunted: recall=0.744 f1=0.735 roc_auc=0.874
2026-08-05 02:47:15  INFO      src.model: Class weights loaded: {'stunted': 1.8195, 'underweight': 2.2367, 'wasted': 4.3705}
2026-08-05 02:47:15  INFO      src.evaluation: underweight: recall=0.648 f1=0.695 roc_auc=0.860
2026-08-05 02:47:15  INFO      src.evaluation: wasted: recall=0.600 f1=0.665 roc_auc=0.910
2026-08-05 02:47:15  INFO      src.evaluation: Macro avg: recall=0.664
2026-08-05 02:47:15  INFO      src.federated.client: [Maharashtra] Eval recall: 0.6638
2026-08-05 02:47:15  INFO      src.model: Class weights loaded: {'stunted': 1.8195, 'underweight': 2.2367, 'wasted': 4.3705}
2026-08-05 02:47:15  INFO      src.federated.client: Client [Bihar] initialised: 14,188 local rows
2026-08-05 02:47:15  INFO      src.evaluation: stunted: recall=0.819 f1=0.751 roc_auc=0.858
2026-08-05 02:47:15  INFO      src.evaluation: underweight: recall=0.801 f1=0.747 roc_auc=0.874
2026-08-05 02:47:15  INFO      src.evaluation: wasted: recall=0.435 f1=0.462 roc_auc=0.760
2026-08-05 02:47:15  INFO      src.evaluation: Macro avg: recall=0.685
2026-08-05 02:47:15  INFO      src.federated.client: [Bihar] Eval recall: 0.6851
2026-08-05 02:47:15  INFO      src.federated.client: Client [Uttar_Pradesh] initialised: 23,736 local rows
2026-08-05 02:47:15  INFO      src.model: Class weights loaded: {'stunted': 1.8195, 'underweight': 2.2367, 'wasted': 4.3705}
2026-08-05 02:47:15  INFO      src.federated.client: Client [Rajasthan] initialised: 10,142 local rows
2026-08-05 02:47:15  INFO      src.evaluation: stunted: recall=0.797 f1=0.747 roc_auc=0.870
2026-08-05 02:47:16  INFO      src.evaluation: underweight: recall=0.692 f1=0.733 roc_auc=0.914
2026-08-05 02:47:16  INFO      src.evaluation: wasted: recall=0.492 f1=0.561 roc_auc=0.871
2026-08-05 02:47:16  INFO      src.evaluation: Macro avg: recall=0.660
2026-08-05 02:47:16  INFO      src.federated.client: [Uttar_Pradesh] Eval recall: 0.6601
2026-08-05 02:47:16  INFO      src.evaluation: stunted: recall=0.870 f1=0.739 roc_auc=0.904
2026-08-05 02:47:16  INFO      src.evaluation: underweight: recall=0.882 f1=0.730 roc_auc=0.919
2026-08-05 02:47:16  INFO      src.evaluation: wasted: recall=0.542 f1=0.643 roc_auc=0.909
2026-08-05 02:47:16  INFO      src.evaluation: Macro avg: recall=0.764
2026-08-05 02:47:16  INFO      src.federated.client: [Rajasthan] Eval recall: 0.7644
2026-08-05 02:47:16  INFO      src.model: Class weights loaded: {'stunted': 1.8195, 'underweight': 2.2367, 'wasted': 4.3705}
2026-08-05 02:47:16  INFO      src.model: Class weights loaded: {'stunted': 1.8195, 'underweight': 2.2367, 'wasted': 4.3705}
2026-08-05 02:47:16  INFO      src.federated.client: Client [Madhya_Pradesh] initialised: 10,884 local rows
2026-08-05 02:47:16  INFO      src.federated.client: [Madhya_Pradesh] Local training: 10,884 rows
2026-08-05 02:47:16  INFO      src.federated.client: Client [Rajasthan] initialised: 10,142 local rows
2026-08-05 02:47:16  INFO      src.federated.client: [Rajasthan] Local training: 10,142 rows
2026-08-05 02:47:20  INFO      src.model: Class weights loaded: {'stunted': 1.8195, 'underweight': 2.2367, 'wasted': 4.3705}
2026-08-05 02:47:22  INFO      src.federated.client: Client [Bihar] initialised: 14,188 local rows
2026-08-05 02:47:22  INFO      src.federated.client: [Bihar] Local training: 14,188 rows
2026-08-05 02:47:23  INFO      src.model: Class weights loaded: {'stunted': 1.8195, 'underweight': 2.2367, 'wasted': 4.3705}
2026-08-05 02:47:25  INFO      src.federated.client: Client [Maharashtra] initialised: 6,405 local rows
2026-08-05 02:47:25  INFO      src.federated.client: [Maharashtra] Local training: 6,405 rows
2026-08-05 02:47:31  INFO      src.model: Class weights loaded: {'stunted': 1.8195, 'underweight': 2.2367, 'wasted': 4.3705}
2026-08-05 02:47:31  INFO      src.federated.client: Client [Uttar_Pradesh] initialised: 23,736 local rows
2026-08-05 02:47:31  INFO      src.federated.client: [Uttar_Pradesh] Local training: 23,736 rows
2026-08-05 02:47:38  INFO      src.model: Class weights loaded: {'stunted': 1.8195, 'underweight': 2.2367, 'wasted': 4.3705}
2026-08-05 02:47:38  INFO      src.model: Class weights loaded: {'stunted': 1.8195, 'underweight': 2.2367, 'wasted': 4.3705}
2026-08-05 02:47:38  INFO      src.federated.client: Client [Madhya_Pradesh] initialised: 10,884 local rows
2026-08-05 02:47:38  INFO      src.federated.client: Client [Rajasthan] initialised: 10,142 local rows
2026-08-05 02:47:38  INFO      src.evaluation: stunted: recall=0.637 f1=0.695 roc_auc=0.869
2026-08-05 02:47:38  INFO      src.evaluation: stunted: recall=0.870 f1=0.739 roc_auc=0.904
2026-08-05 02:47:38  INFO      src.evaluation: underweight: recall=0.738 f1=0.690 roc_auc=0.865
2026-08-05 02:47:38  INFO      src.evaluation: underweight: recall=0.882 f1=0.730 roc_auc=0.919
2026-08-05 02:47:38  INFO      src.evaluation: wasted: recall=0.501 f1=0.504 roc_auc=0.816
2026-08-05 02:47:38  INFO      src.evaluation: Macro avg: recall=0.625
2026-08-05 02:47:38  INFO      src.federated.client: [Madhya_Pradesh] Eval recall: 0.6253
2026-08-05 02:47:38  INFO      src.evaluation: wasted: recall=0.542 f1=0.643 roc_auc=0.909
2026-08-05 02:47:38  INFO      src.evaluation: Macro avg: recall=0.764
2026-08-05 02:47:38  INFO      src.federated.client: [Rajasthan] Eval recall: 0.7644
2026-08-05 02:47:38  INFO      src.model: Class weights loaded: {'stunted': 1.8195, 'underweight': 2.2367, 'wasted': 4.3705}
2026-08-05 02:47:38  INFO      src.model: Class weights loaded: {'stunted': 1.8195, 'underweight': 2.2367, 'wasted': 4.3705}
2026-08-05 02:47:39  INFO      src.federated.client: Client [Maharashtra] initialised: 6,405 local rows
2026-08-05 02:47:39  INFO      src.federated.client: Client [Bihar] initialised: 14,188 local rows
2026-08-05 02:47:39  INFO      src.evaluation: stunted: recall=0.744 f1=0.735 roc_auc=0.874
2026-08-05 02:47:39  INFO      src.evaluation: underweight: recall=0.648 f1=0.695 roc_auc=0.860
2026-08-05 02:47:39  INFO      src.evaluation: wasted: recall=0.600 f1=0.665 roc_auc=0.910
2026-08-05 02:47:39  INFO      src.evaluation: Macro avg: recall=0.664
2026-08-05 02:47:39  INFO      src.federated.client: [Maharashtra] Eval recall: 0.6638
2026-08-05 02:47:39  INFO      src.model: Class weights loaded: {'stunted': 1.8195, 'underweight': 2.2367, 'wasted': 4.3705}
2026-08-05 02:47:39  INFO      src.evaluation: stunted: recall=0.819 f1=0.751 roc_auc=0.858
2026-08-05 02:47:39  INFO      src.evaluation: underweight: recall=0.801 f1=0.747 roc_auc=0.874
2026-08-05 02:47:39  INFO      src.evaluation: wasted: recall=0.435 f1=0.462 roc_auc=0.760
2026-08-05 02:47:39  INFO      src.evaluation: Macro avg: recall=0.685
2026-08-05 02:47:39  INFO      src.federated.client: [Bihar] Eval recall: 0.6851
2026-08-05 02:47:39  INFO      src.federated.client: Client [Uttar_Pradesh] initialised: 23,736 local rows
2026-08-05 02:47:39  INFO      src.evaluation: stunted: recall=0.797 f1=0.747 roc_auc=0.870
2026-08-05 02:47:39  INFO      src.evaluation: underweight: recall=0.692 f1=0.733 roc_auc=0.914
2026-08-05 02:47:39  INFO      src.evaluation: wasted: recall=0.492 f1=0.561 roc_auc=0.871
2026-08-05 02:47:39  INFO      src.evaluation: Macro avg: recall=0.660
2026-08-05 02:47:39  INFO      src.federated.client: [Uttar_Pradesh] Eval recall: 0.6601
2026-08-05 02:47:39  INFO      src.model: Class weights loaded: {'stunted': 1.8195, 'underweight': 2.2367, 'wasted': 4.3705}
2026-08-05 02:47:39  INFO      src.model: Class weights loaded: {'stunted': 1.8195, 'underweight': 2.2367, 'wasted': 4.3705}
2026-08-05 02:47:40  INFO      src.federated.client: Client [Bihar] initialised: 14,188 local rows
2026-08-05 02:47:40  INFO      src.federated.client: [Bihar] Local training: 14,188 rows
2026-08-05 02:47:40  INFO      src.federated.client: Client [Uttar_Pradesh] initialised: 23,736 local rows
2026-08-05 02:47:40  INFO      src.federated.client: [Uttar_Pradesh] Local training: 23,736 rows
2026-08-05 02:47:44  INFO      src.model: Class weights loaded: {'stunted': 1.8195, 'underweight': 2.2367, 'wasted': 4.3705}
2026-08-05 02:47:44  INFO      src.federated.client: Client [Madhya_Pradesh] initialised: 10,884 local rows
2026-08-05 02:47:44  INFO      src.federated.client: [Madhya_Pradesh] Local training: 10,884 rows
2026-08-05 02:47:45  INFO      src.model: Class weights loaded: {'stunted': 1.8195, 'underweight': 2.2367, 'wasted': 4.3705}
2026-08-05 02:47:45  INFO      src.federated.client: Client [Maharashtra] initialised: 6,405 local rows
2026-08-05 02:47:45  INFO      src.federated.client: [Maharashtra] Local training: 6,405 rows
2026-08-05 02:47:47  INFO      src.model: Class weights loaded: {'stunted': 1.8195, 'underweight': 2.2367, 'wasted': 4.3705}
2026-08-05 02:47:47  INFO      src.federated.client: Client [Rajasthan] initialised: 10,142 local rows
2026-08-05 02:47:47  INFO      src.federated.client: [Rajasthan] Local training: 10,142 rows
2026-08-05 02:47:49  INFO      src.model: Class weights loaded: {'stunted': 1.8195, 'underweight': 2.2367, 'wasted': 4.3705}
2026-08-05 02:47:49  INFO      src.model: Class weights loaded: {'stunted': 1.8195, 'underweight': 2.2367, 'wasted': 4.3705}
2026-08-05 02:47:49  INFO      src.federated.client: Client [Rajasthan] initialised: 10,142 local rows
2026-08-05 02:47:49  INFO      src.federated.client: Client [Uttar_Pradesh] initialised: 23,736 local rows
2026-08-05 02:47:49  INFO      src.evaluation: stunted: recall=0.870 f1=0.739 roc_auc=0.904
2026-08-05 02:47:49  INFO      src.evaluation: underweight: recall=0.882 f1=0.730 roc_auc=0.919
2026-08-05 02:47:49  INFO      src.evaluation: wasted: recall=0.542 f1=0.643 roc_auc=0.909
2026-08-05 02:47:49  INFO      src.evaluation: Macro avg: recall=0.764
2026-08-05 02:47:49  INFO      src.federated.client: [Rajasthan] Eval recall: 0.7644
2026-08-05 02:47:49  INFO      src.model: Class weights loaded: {'stunted': 1.8195, 'underweight': 2.2367, 'wasted': 4.3705}
2026-08-05 02:47:49  INFO      src.evaluation: stunted: recall=0.797 f1=0.747 roc_auc=0.870
2026-08-05 02:47:49  INFO      src.evaluation: underweight: recall=0.692 f1=0.733 roc_auc=0.914
2026-08-05 02:47:49  INFO      src.evaluation: wasted: recall=0.492 f1=0.561 roc_auc=0.871
2026-08-05 02:47:49  INFO      src.evaluation: Macro avg: recall=0.660
2026-08-05 02:47:49  INFO      src.federated.client: [Uttar_Pradesh] Eval recall: 0.6601
2026-08-05 02:47:49  INFO      src.model: Class weights loaded: {'stunted': 1.8195, 'underweight': 2.2367, 'wasted': 4.3705}
2026-08-05 02:47:50  INFO      src.federated.client: Client [Maharashtra] initialised: 6,405 local rows
2026-08-05 02:47:50  INFO      src.evaluation: stunted: recall=0.744 f1=0.735 roc_auc=0.874
2026-08-05 02:47:50  INFO      src.evaluation: underweight: recall=0.648 f1=0.695 roc_auc=0.860
2026-08-05 02:47:50  INFO      src.evaluation: wasted: recall=0.600 f1=0.665 roc_auc=0.910
2026-08-05 02:47:50  INFO      src.evaluation: Macro avg: recall=0.664
2026-08-05 02:47:50  INFO      src.federated.client: [Maharashtra] Eval recall: 0.6638
2026-08-05 02:47:50  INFO      src.federated.client: Client [Madhya_Pradesh] initialised: 10,884 local rows
2026-08-05 02:47:50  INFO      src.model: Class weights loaded: {'stunted': 1.8195, 'underweight': 2.2367, 'wasted': 4.3705}
2026-08-05 02:47:50  INFO      src.evaluation: stunted: recall=0.637 f1=0.695 roc_auc=0.869
2026-08-05 02:47:50  INFO      src.evaluation: underweight: recall=0.738 f1=0.690 roc_auc=0.865
2026-08-05 02:47:50  INFO      src.evaluation: wasted: recall=0.501 f1=0.504 roc_auc=0.816
2026-08-05 02:47:50  INFO      src.evaluation: Macro avg: recall=0.625
2026-08-05 02:47:50  INFO      src.federated.client: [Madhya_Pradesh] Eval recall: 0.6253
2026-08-05 02:47:50  INFO      src.federated.client: Client [Bihar] initialised: 14,188 local rows
2026-08-05 02:47:50  INFO      src.evaluation: stunted: recall=0.819 f1=0.751 roc_auc=0.858
2026-08-05 02:47:50  INFO      src.evaluation: underweight: recall=0.801 f1=0.747 roc_auc=0.874
2026-08-05 02:47:50  INFO      src.evaluation: wasted: recall=0.435 f1=0.462 roc_auc=0.760
2026-08-05 02:47:50  INFO      src.evaluation: Macro avg: recall=0.685
2026-08-05 02:47:50  INFO      src.federated.client: [Bihar] Eval recall: 0.6851
2026-08-05 02:47:51  INFO      src.model: Class weights loaded: {'stunted': 1.8195, 'underweight': 2.2367, 'wasted': 4.3705}
2026-08-05 02:47:51  INFO      src.model: Class weights loaded: {'stunted': 1.8195, 'underweight': 2.2367, 'wasted': 4.3705}
2026-08-05 02:47:51  INFO      src.federated.client: Client [Bihar] initialised: 14,188 local rows
2026-08-05 02:47:51  INFO      src.federated.client: [Bihar] Local training: 14,188 rows
2026-08-05 02:47:51  INFO      src.federated.client: Client [Madhya_Pradesh] initialised: 10,884 local rows
2026-08-05 02:47:51  INFO      src.federated.client: [Madhya_Pradesh] Local training: 10,884 rows
2026-08-05 02:47:54  INFO      src.model: Class weights loaded: {'stunted': 1.8195, 'underweight': 2.2367, 'wasted': 4.3705}
2026-08-05 02:47:54  INFO      src.federated.client: Client [Rajasthan] initialised: 10,142 local rows
2026-08-05 02:47:54  INFO      src.federated.client: [Rajasthan] Local training: 10,142 rows
2026-08-05 02:47:55  INFO      src.model: Class weights loaded: {'stunted': 1.8195, 'underweight': 2.2367, 'wasted': 4.3705}
2026-08-05 02:47:56  INFO      src.federated.client: Client [Maharashtra] initialised: 6,405 local rows
2026-08-05 02:47:56  INFO      src.federated.client: [Maharashtra] Local training: 6,405 rows
2026-08-05 02:47:56  INFO      src.model: Class weights loaded: {'stunted': 1.8195, 'underweight': 2.2367, 'wasted': 4.3705}
2026-08-05 02:47:57  INFO      src.federated.client: Client [Uttar_Pradesh] initialised: 23,736 local rows
2026-08-05 02:47:57  INFO      src.federated.client: [Uttar_Pradesh] Local training: 23,736 rows
2026-08-05 02:48:01  INFO      src.model: Class weights loaded: {'stunted': 1.8195, 'underweight': 2.2367, 'wasted': 4.3705}
2026-08-05 02:48:01  INFO      src.model: Class weights loaded: {'stunted': 1.8195, 'underweight': 2.2367, 'wasted': 4.3705}
2026-08-05 02:48:01  INFO      src.federated.client: Client [Bihar] initialised: 14,188 local rows
2026-08-05 02:48:01  INFO      src.federated.client: Client [Madhya_Pradesh] initialised: 10,884 local rows
2026-08-05 02:48:01  INFO      src.evaluation: stunted: recall=0.819 f1=0.751 roc_auc=0.858
2026-08-05 02:48:01  INFO      src.evaluation: underweight: recall=0.801 f1=0.747 roc_auc=0.874
2026-08-05 02:48:01  INFO      src.evaluation: stunted: recall=0.637 f1=0.695 roc_auc=0.869
2026-08-05 02:48:01  INFO      src.evaluation: wasted: recall=0.435 f1=0.462 roc_auc=0.760
2026-08-05 02:48:01  INFO      src.evaluation: Macro avg: recall=0.685
2026-08-05 02:48:01  INFO      src.federated.client: [Bihar] Eval recall: 0.6851
2026-08-05 02:48:01  INFO      src.model: Class weights loaded: {'stunted': 1.8195, 'underweight': 2.2367, 'wasted': 4.3705}
2026-08-05 02:48:01  INFO      src.evaluation: underweight: recall=0.738 f1=0.690 roc_auc=0.865
2026-08-05 02:48:01  INFO      src.evaluation: wasted: recall=0.501 f1=0.504 roc_auc=0.816
2026-08-05 02:48:01  INFO      src.evaluation: Macro avg: recall=0.625
2026-08-05 02:48:01  INFO      src.federated.client: [Madhya_Pradesh] Eval recall: 0.6253
2026-08-05 02:48:02  INFO      src.model: Class weights loaded: {'stunted': 1.8195, 'underweight': 2.2367, 'wasted': 4.3705}
2026-08-05 02:48:02  INFO      src.federated.client: Client [Uttar_Pradesh] initialised: 23,736 local rows
2026-08-05 02:48:02  INFO      src.federated.client: Client [Rajasthan] initialised: 10,142 local rows
2026-08-05 02:48:02  INFO      src.evaluation: stunted: recall=0.870 f1=0.739 roc_auc=0.904
2026-08-05 02:48:02  INFO      src.evaluation: underweight: recall=0.882 f1=0.730 roc_auc=0.919
2026-08-05 02:48:02  INFO      src.evaluation: wasted: recall=0.542 f1=0.643 roc_auc=0.909
2026-08-05 02:48:02  INFO      src.evaluation: Macro avg: recall=0.764
2026-08-05 02:48:02  INFO      src.federated.client: [Rajasthan] Eval recall: 0.7644
2026-08-05 02:48:02  INFO      src.model: Class weights loaded: {'stunted': 1.8195, 'underweight': 2.2367, 'wasted': 4.3705}
2026-08-05 02:48:02  INFO      src.evaluation: stunted: recall=0.797 f1=0.747 roc_auc=0.870
2026-08-05 02:48:02  INFO      src.evaluation: underweight: recall=0.692 f1=0.733 roc_auc=0.914
2026-08-05 02:48:02  INFO      src.evaluation: wasted: recall=0.492 f1=0.561 roc_auc=0.871
2026-08-05 02:48:02  INFO      src.evaluation: Macro avg: recall=0.660
2026-08-05 02:48:02  INFO      src.federated.client: [Uttar_Pradesh] Eval recall: 0.6601
2026-08-05 02:48:02  INFO      src.federated.client: Client [Maharashtra] initialised: 6,405 local rows
2026-08-05 02:48:02  INFO      src.evaluation: stunted: recall=0.744 f1=0.735 roc_auc=0.874
2026-08-05 02:48:02  INFO      src.evaluation: underweight: recall=0.648 f1=0.695 roc_auc=0.860
2026-08-05 02:48:02  INFO      src.evaluation: wasted: recall=0.600 f1=0.665 roc_auc=0.910
2026-08-05 02:48:02  INFO      src.evaluation: Macro avg: recall=0.664
2026-08-05 02:48:02  INFO      src.federated.client: [Maharashtra] Eval recall: 0.6638
2026-08-05 02:48:02  INFO      src.model: Class weights loaded: {'stunted': 1.8195, 'underweight': 2.2367, 'wasted': 4.3705}
2026-08-05 02:48:02  INFO      src.model: Class weights loaded: {'stunted': 1.8195, 'underweight': 2.2367, 'wasted': 4.3705}
2026-08-05 02:48:03  INFO      src.federated.client: Client [Maharashtra] initialised: 6,405 local rows
2026-08-05 02:48:03  INFO      src.federated.client: [Maharashtra] Local training: 6,405 rows
2026-08-05 02:48:03  INFO      src.federated.client: Client [Bihar] initialised: 14,188 local rows
2026-08-05 02:48:03  INFO      src.federated.client: [Bihar] Local training: 14,188 rows
2026-08-05 02:48:05  INFO      src.model: Class weights loaded: {'stunted': 1.8195, 'underweight': 2.2367, 'wasted': 4.3705}
2026-08-05 02:48:05  INFO      src.federated.client: Client [Rajasthan] initialised: 10,142 local rows
2026-08-05 02:48:05  INFO      src.federated.client: [Rajasthan] Local training: 10,142 rows
2026-08-05 02:48:06  INFO      src.model: Class weights loaded: {'stunted': 1.8195, 'underweight': 2.2367, 'wasted': 4.3705}
2026-08-05 02:48:07  INFO      src.federated.client: Client [Uttar_Pradesh] initialised: 23,736 local rows
2026-08-05 02:48:07  INFO      src.federated.client: [Uttar_Pradesh] Local training: 23,736 rows
2026-08-05 02:48:07  INFO      src.model: Class weights loaded: {'stunted': 1.8195, 'underweight': 2.2367, 'wasted': 4.3705}
2026-08-05 02:48:08  INFO      src.federated.client: Client [Madhya_Pradesh] initialised: 10,884 local rows
2026-08-05 02:48:08  INFO      src.federated.client: [Madhya_Pradesh] Local training: 10,884 rows
2026-08-05 02:48:12  INFO      src.model: Class weights loaded: {'stunted': 1.8195, 'underweight': 2.2367, 'wasted': 4.3705}
2026-08-05 02:48:12  INFO      src.model: Class weights loaded: {'stunted': 1.8195, 'underweight': 2.2367, 'wasted': 4.3705}
2026-08-05 02:48:13  INFO      src.federated.client: Client [Rajasthan] initialised: 10,142 local rows
2026-08-05 02:48:13  INFO      src.federated.client: Client [Maharashtra] initialised: 6,405 local rows
2026-08-05 02:48:13  INFO      src.evaluation: stunted: recall=0.870 f1=0.739 roc_auc=0.904
2026-08-05 02:48:13  INFO      src.evaluation: underweight: recall=0.882 f1=0.730 roc_auc=0.919
2026-08-05 02:48:13  INFO      src.evaluation: wasted: recall=0.542 f1=0.643 roc_auc=0.909
2026-08-05 02:48:13  INFO      src.evaluation: Macro avg: recall=0.764
2026-08-05 02:48:13  INFO      src.federated.client: [Rajasthan] Eval recall: 0.7644
2026-08-05 02:48:13  INFO      src.evaluation: stunted: recall=0.744 f1=0.735 roc_auc=0.874
2026-08-05 02:48:13  INFO      src.evaluation: underweight: recall=0.648 f1=0.695 roc_auc=0.860
2026-08-05 02:48:13  INFO      src.model: Class weights loaded: {'stunted': 1.8195, 'underweight': 2.2367, 'wasted': 4.3705}
2026-08-05 02:48:13  INFO      src.evaluation: wasted: recall=0.600 f1=0.665 roc_auc=0.910
2026-08-05 02:48:13  INFO      src.evaluation: Macro avg: recall=0.664
2026-08-05 02:48:13  INFO      src.federated.client: [Maharashtra] Eval recall: 0.6638
2026-08-05 02:48:13  INFO      src.model: Class weights loaded: {'stunted': 1.8195, 'underweight': 2.2367, 'wasted': 4.3705}
2026-08-05 02:48:13  INFO      src.federated.client: Client [Madhya_Pradesh] initialised: 10,884 local rows
2026-08-05 02:48:13  INFO      src.evaluation: stunted: recall=0.637 f1=0.695 roc_auc=0.869
2026-08-05 02:48:13  INFO      src.evaluation: underweight: recall=0.738 f1=0.690 roc_auc=0.865
2026-08-05 02:48:13  INFO      src.evaluation: wasted: recall=0.501 f1=0.504 roc_auc=0.816
2026-08-05 02:48:13  INFO      src.evaluation: Macro avg: recall=0.625
2026-08-05 02:48:13  INFO      src.federated.client: [Madhya_Pradesh] Eval recall: 0.6253
2026-08-05 02:48:13  INFO      src.model: Class weights loaded: {'stunted': 1.8195, 'underweight': 2.2367, 'wasted': 4.3705}
2026-08-05 02:48:13  INFO      src.federated.client: Client [Bihar] initialised: 14,188 local rows
2026-08-05 02:48:14  INFO      src.evaluation: stunted: recall=0.819 f1=0.751 roc_auc=0.858
2026-08-05 02:48:14  INFO      src.evaluation: underweight: recall=0.801 f1=0.747 roc_auc=0.874
2026-08-05 02:48:14  INFO      src.evaluation: wasted: recall=0.435 f1=0.462 roc_auc=0.760
2026-08-05 02:48:14  INFO      src.evaluation: Macro avg: recall=0.685
2026-08-05 02:48:14  INFO      src.federated.client: [Bihar] Eval recall: 0.6851
2026-08-05 02:48:14  INFO      src.federated.client: Client [Uttar_Pradesh] initialised: 23,736 local rows
2026-08-05 02:48:14  INFO      src.evaluation: stunted: recall=0.797 f1=0.747 roc_auc=0.870
2026-08-05 02:48:14  INFO      src.evaluation: underweight: recall=0.692 f1=0.733 roc_auc=0.914
2026-08-05 02:48:14  INFO      src.evaluation: wasted: recall=0.492 f1=0.561 roc_auc=0.871
2026-08-05 02:48:14  INFO      src.evaluation: Macro avg: recall=0.660
2026-08-05 02:48:14  INFO      src.federated.client: [Uttar_Pradesh] Eval recall: 0.6601
2026-08-05 02:48:46  INFO      __main__: National test set: 39,760 rows
2026-08-05 02:53:02  INFO      __main__: Dataset loaded: 228,356 rows
2026-08-05 02:53:02  INFO      src.federated.partition: Uttar_Pradesh: 34,330 rows
2026-08-05 02:53:02  WARNING   src.preprocessing: Dropped 4,659 rows with missing target labels before train/test split.
2026-08-05 02:53:02  INFO      src.preprocessing: Train/test split: 23,736 train | 5,935 test (20% test, stratified on stunted)
2026-08-05 02:53:02  INFO      src.federated.partition: Bihar: 20,179 rows
2026-08-05 02:53:02  WARNING   src.preprocessing: Dropped 2,443 rows with missing target labels before train/test split.
2026-08-05 02:53:02  INFO      src.preprocessing: Train/test split: 14,188 train | 3,548 test (20% test, stratified on stunted)
2026-08-05 02:53:02  INFO      src.federated.partition: Madhya_Pradesh: 15,847 rows
2026-08-05 02:53:02  WARNING   src.preprocessing: Dropped 2,242 rows with missing target labels before train/test split.
2026-08-05 02:53:02  INFO      src.preprocessing: Train/test split: 10,884 train | 2,721 test (20% test, stratified on stunted)
2026-08-05 02:53:02  INFO      src.federated.partition: Rajasthan: 14,426 rows
2026-08-05 02:53:02  WARNING   src.preprocessing: Dropped 1,748 rows with missing target labels before train/test split.
2026-08-05 02:53:02  INFO      src.preprocessing: Train/test split: 10,142 train | 2,536 test (20% test, stratified on stunted)
2026-08-05 02:53:02  INFO      src.federated.partition: Maharashtra: 9,411 rows
2026-08-05 02:53:02  WARNING   src.preprocessing: Dropped 1,404 rows with missing target labels before train/test split.
2026-08-05 02:53:02  INFO      src.preprocessing: Train/test split: 6,405 train | 1,602 test (20% test, stratified on stunted)
2026-08-05 02:53:02  INFO      src.federated.partition: Created 5 state partitions
2026-08-05 02:53:02  INFO      __main__: Starting FL simulation: 10 rounds, 5 clients
2026-08-05 02:53:25  INFO      src.model: Class weights loaded: {'stunted': 1.8195, 'underweight': 2.2367, 'wasted': 4.3705}
2026-08-05 02:53:29  INFO      src.federated.client: Client [Uttar_Pradesh] initialised: 23,736 local rows
2026-08-05 02:53:29  INFO      src.model: Class weights loaded: {'stunted': 1.8195, 'underweight': 2.2367, 'wasted': 4.3705}
2026-08-05 02:53:29  INFO      src.federated.client: Client [Uttar_Pradesh] initialised: 23,736 local rows
2026-08-05 02:53:29  INFO      src.federated.client: [Uttar_Pradesh] Local training: 23,736 rows
2026-08-05 02:53:34  INFO      src.model: Class weights loaded: {'stunted': 1.8195, 'underweight': 2.2367, 'wasted': 4.3705}
2026-08-05 02:53:35  INFO      src.model: Class weights loaded: {'stunted': 1.8195, 'underweight': 2.2367, 'wasted': 4.3705}
2026-08-05 02:53:35  INFO      src.federated.client: Client [Rajasthan] initialised: 10,142 local rows
2026-08-05 02:53:35  INFO      src.federated.client: [Rajasthan] Local training: 10,142 rows
2026-08-05 02:53:39  INFO      src.model: Class weights loaded: {'stunted': 1.8195, 'underweight': 2.2367, 'wasted': 4.3705}
2026-08-05 02:53:40  INFO      src.federated.client: Client [Madhya_Pradesh] initialised: 10,884 local rows
2026-08-05 02:53:40  INFO      src.federated.client: [Madhya_Pradesh] Local training: 10,884 rows
2026-08-05 02:53:40  INFO      src.federated.client: Client [Bihar] initialised: 14,188 local rows
2026-08-05 02:53:40  INFO      src.federated.client: [Bihar] Local training: 14,188 rows
2026-08-05 02:53:42  INFO      src.model: Class weights loaded: {'stunted': 1.8195, 'underweight': 2.2367, 'wasted': 4.3705}
2026-08-05 02:53:42  INFO      src.federated.client: Client [Maharashtra] initialised: 6,405 local rows
2026-08-05 02:53:42  INFO      src.federated.client: [Maharashtra] Local training: 6,405 rows
2026-08-05 02:53:45  INFO      src.model: Class weights loaded: {'stunted': 1.8195, 'underweight': 2.2367, 'wasted': 4.3705}
2026-08-05 02:53:45  INFO      src.model: Class weights loaded: {'stunted': 1.8195, 'underweight': 2.2367, 'wasted': 4.3705}
2026-08-05 02:53:45  INFO      src.federated.client: Client [Uttar_Pradesh] initialised: 23,736 local rows
2026-08-05 02:53:45  INFO      src.federated.client: Client [Bihar] initialised: 14,188 local rows
2026-08-05 02:53:45  INFO      src.evaluation: stunted: recall=0.797 f1=0.747 roc_auc=0.870
2026-08-05 02:53:45  INFO      src.evaluation: stunted: recall=0.819 f1=0.751 roc_auc=0.858
2026-08-05 02:53:45  INFO      src.evaluation: underweight: recall=0.692 f1=0.733 roc_auc=0.914
2026-08-05 02:53:45  INFO      src.evaluation: underweight: recall=0.801 f1=0.747 roc_auc=0.874
2026-08-05 02:53:46  INFO      src.evaluation: wasted: recall=0.492 f1=0.561 roc_auc=0.871
2026-08-05 02:53:46  INFO      src.evaluation: Macro avg: recall=0.660
2026-08-05 02:53:46  INFO      src.federated.client: [Uttar_Pradesh] Eval recall: 0.6601
2026-08-05 02:53:46  INFO      src.evaluation: wasted: recall=0.435 f1=0.462 roc_auc=0.760
2026-08-05 02:53:46  INFO      src.evaluation: Macro avg: recall=0.685
2026-08-05 02:53:46  INFO      src.federated.client: [Bihar] Eval recall: 0.6851
2026-08-05 02:53:46  INFO      src.model: Class weights loaded: {'stunted': 1.8195, 'underweight': 2.2367, 'wasted': 4.3705}
2026-08-05 02:53:46  INFO      src.model: Class weights loaded: {'stunted': 1.8195, 'underweight': 2.2367, 'wasted': 4.3705}
2026-08-05 02:53:46  INFO      src.federated.client: Client [Rajasthan] initialised: 10,142 local rows
2026-08-05 02:53:46  INFO      src.federated.client: Client [Madhya_Pradesh] initialised: 10,884 local rows
2026-08-05 02:53:46  INFO      src.evaluation: stunted: recall=0.870 f1=0.739 roc_auc=0.904
2026-08-05 02:53:46  INFO      src.evaluation: underweight: recall=0.882 f1=0.730 roc_auc=0.919
2026-08-05 02:53:46  INFO      src.evaluation: wasted: recall=0.542 f1=0.643 roc_auc=0.909
2026-08-05 02:53:46  INFO      src.evaluation: stunted: recall=0.637 f1=0.695 roc_auc=0.869
2026-08-05 02:53:46  INFO      src.evaluation: Macro avg: recall=0.764
2026-08-05 02:53:46  INFO      src.federated.client: [Rajasthan] Eval recall: 0.7644
2026-08-05 02:53:46  INFO      src.model: Class weights loaded: {'stunted': 1.8195, 'underweight': 2.2367, 'wasted': 4.3705}
2026-08-05 02:53:46  INFO      src.evaluation: underweight: recall=0.738 f1=0.690 roc_auc=0.865
2026-08-05 02:53:46  INFO      src.evaluation: wasted: recall=0.501 f1=0.504 roc_auc=0.816
2026-08-05 02:53:46  INFO      src.evaluation: Macro avg: recall=0.625
2026-08-05 02:53:46  INFO      src.federated.client: [Madhya_Pradesh] Eval recall: 0.6253
2026-08-05 02:53:46  INFO      src.federated.client: Client [Maharashtra] initialised: 6,405 local rows
2026-08-05 02:53:46  INFO      src.evaluation: stunted: recall=0.744 f1=0.735 roc_auc=0.874
2026-08-05 02:53:46  INFO      src.evaluation: underweight: recall=0.648 f1=0.695 roc_auc=0.860
2026-08-05 02:53:46  INFO      src.evaluation: wasted: recall=0.600 f1=0.665 roc_auc=0.910
2026-08-05 02:53:46  INFO      src.evaluation: Macro avg: recall=0.664
2026-08-05 02:53:46  INFO      src.federated.client: [Maharashtra] Eval recall: 0.6638
2026-08-05 02:53:47  INFO      src.model: Class weights loaded: {'stunted': 1.8195, 'underweight': 2.2367, 'wasted': 4.3705}
2026-08-05 02:53:47  INFO      src.model: Class weights loaded: {'stunted': 1.8195, 'underweight': 2.2367, 'wasted': 4.3705}
2026-08-05 02:53:47  INFO      src.federated.client: Client [Uttar_Pradesh] initialised: 23,736 local rows
2026-08-05 02:53:47  INFO      src.federated.client: [Uttar_Pradesh] Local training: 23,736 rows
2026-08-05 02:53:47  INFO      src.federated.client: Client [Maharashtra] initialised: 6,405 local rows
2026-08-05 02:53:47  INFO      src.federated.client: [Maharashtra] Local training: 6,405 rows
2026-08-05 02:53:49  INFO      src.model: Class weights loaded: {'stunted': 1.8195, 'underweight': 2.2367, 'wasted': 4.3705}
2026-08-05 02:53:50  INFO      src.federated.client: Client [Rajasthan] initialised: 10,142 local rows
2026-08-05 02:53:50  INFO      src.federated.client: [Rajasthan] Local training: 10,142 rows
2026-08-05 02:53:52  INFO      src.model: Class weights loaded: {'stunted': 1.8195, 'underweight': 2.2367, 'wasted': 4.3705}
2026-08-05 02:53:52  INFO      src.federated.client: Client [Madhya_Pradesh] initialised: 10,884 local rows
2026-08-05 02:53:52  INFO      src.federated.client: [Madhya_Pradesh] Local training: 10,884 rows
2026-08-05 02:53:52  INFO      src.model: Class weights loaded: {'stunted': 1.8195, 'underweight': 2.2367, 'wasted': 4.3705}
2026-08-05 02:53:53  INFO      src.federated.client: Client [Bihar] initialised: 14,188 local rows
2026-08-05 02:53:53  INFO      src.federated.client: [Bihar] Local training: 14,188 rows
2026-08-05 02:53:56  INFO      src.model: Class weights loaded: {'stunted': 1.8195, 'underweight': 2.2367, 'wasted': 4.3705}
2026-08-05 02:53:56  INFO      src.model: Class weights loaded: {'stunted': 1.8195, 'underweight': 2.2367, 'wasted': 4.3705}
2026-08-05 02:53:57  INFO      src.federated.client: Client [Bihar] initialised: 14,188 local rows
2026-08-05 02:53:57  INFO      src.federated.client: Client [Rajasthan] initialised: 10,142 local rows
2026-08-05 02:53:57  INFO      src.evaluation: stunted: recall=0.870 f1=0.739 roc_auc=0.904
2026-08-05 02:53:57  INFO      src.evaluation: stunted: recall=0.819 f1=0.751 roc_auc=0.858
2026-08-05 02:53:57  INFO      src.evaluation: underweight: recall=0.882 f1=0.730 roc_auc=0.919
2026-08-05 02:53:57  INFO      src.evaluation: wasted: recall=0.542 f1=0.643 roc_auc=0.909
2026-08-05 02:53:57  INFO      src.evaluation: Macro avg: recall=0.764
2026-08-05 02:53:57  INFO      src.federated.client: [Rajasthan] Eval recall: 0.7644
2026-08-05 02:53:57  INFO      src.evaluation: underweight: recall=0.801 f1=0.747 roc_auc=0.874
2026-08-05 02:53:57  INFO      src.model: Class weights loaded: {'stunted': 1.8195, 'underweight': 2.2367, 'wasted': 4.3705}
2026-08-05 02:53:57  INFO      src.evaluation: wasted: recall=0.435 f1=0.462 roc_auc=0.760
2026-08-05 02:53:57  INFO      src.evaluation: Macro avg: recall=0.685
2026-08-05 02:53:57  INFO      src.federated.client: [Bihar] Eval recall: 0.6851
2026-08-05 02:53:57  INFO      src.model: Class weights loaded: {'stunted': 1.8195, 'underweight': 2.2367, 'wasted': 4.3705}
2026-08-05 02:53:57  INFO      src.federated.client: Client [Maharashtra] initialised: 6,405 local rows
2026-08-05 02:53:57  INFO      src.evaluation: stunted: recall=0.744 f1=0.735 roc_auc=0.874
2026-08-05 02:53:57  INFO      src.evaluation: underweight: recall=0.648 f1=0.695 roc_auc=0.860
2026-08-05 02:53:57  INFO      src.evaluation: wasted: recall=0.600 f1=0.665 roc_auc=0.910
2026-08-05 02:53:57  INFO      src.evaluation: Macro avg: recall=0.664
2026-08-05 02:53:57  INFO      src.federated.client: [Maharashtra] Eval recall: 0.6638
2026-08-05 02:53:57  INFO      src.model: Class weights loaded: {'stunted': 1.8195, 'underweight': 2.2367, 'wasted': 4.3705}
2026-08-05 02:53:57  INFO      src.federated.client: Client [Madhya_Pradesh] initialised: 10,884 local rows
2026-08-05 02:53:57  INFO      src.evaluation: stunted: recall=0.637 f1=0.695 roc_auc=0.869
2026-08-05 02:53:57  INFO      src.evaluation: underweight: recall=0.738 f1=0.690 roc_auc=0.865
2026-08-05 02:53:57  INFO      src.evaluation: wasted: recall=0.501 f1=0.504 roc_auc=0.816
2026-08-05 02:53:57  INFO      src.evaluation: Macro avg: recall=0.625
2026-08-05 02:53:57  INFO      src.federated.client: [Madhya_Pradesh] Eval recall: 0.6253
2026-08-05 02:53:58  INFO      src.federated.client: Client [Uttar_Pradesh] initialised: 23,736 local rows
2026-08-05 02:53:58  INFO      src.evaluation: stunted: recall=0.797 f1=0.747 roc_auc=0.870
2026-08-05 02:53:58  INFO      src.evaluation: underweight: recall=0.692 f1=0.733 roc_auc=0.914
2026-08-05 02:53:58  INFO      src.evaluation: wasted: recall=0.492 f1=0.561 roc_auc=0.871
2026-08-05 02:53:58  INFO      src.evaluation: Macro avg: recall=0.660
2026-08-05 02:53:58  INFO      src.federated.client: [Uttar_Pradesh] Eval recall: 0.6601
2026-08-05 02:53:58  INFO      src.model: Class weights loaded: {'stunted': 1.8195, 'underweight': 2.2367, 'wasted': 4.3705}
2026-08-05 02:53:58  INFO      src.model: Class weights loaded: {'stunted': 1.8195, 'underweight': 2.2367, 'wasted': 4.3705}
2026-08-05 02:53:58  INFO      src.federated.client: Client [Bihar] initialised: 14,188 local rows
2026-08-05 02:53:58  INFO      src.federated.client: [Bihar] Local training: 14,188 rows
2026-08-05 02:53:58  INFO      src.federated.client: Client [Rajasthan] initialised: 10,142 local rows
2026-08-05 02:53:58  INFO      src.federated.client: [Rajasthan] Local training: 10,142 rows
2026-08-05 02:54:01  INFO      src.model: Class weights loaded: {'stunted': 1.8195, 'underweight': 2.2367, 'wasted': 4.3705}
2026-08-05 02:54:01  INFO      src.federated.client: Client [Madhya_Pradesh] initialised: 10,884 local rows
2026-08-05 02:54:01  INFO      src.federated.client: [Madhya_Pradesh] Local training: 10,884 rows
2026-08-05 02:54:02  INFO      src.model: Class weights loaded: {'stunted': 1.8195, 'underweight': 2.2367, 'wasted': 4.3705}
2026-08-05 02:54:03  INFO      src.federated.client: Client [Maharashtra] initialised: 6,405 local rows
2026-08-05 02:54:03  INFO      src.federated.client: [Maharashtra] Local training: 6,405 rows
2026-08-05 02:54:03  INFO      src.model: Class weights loaded: {'stunted': 1.8195, 'underweight': 2.2367, 'wasted': 4.3705}
2026-08-05 02:54:03  INFO      src.federated.client: Client [Uttar_Pradesh] initialised: 23,736 local rows
2026-08-05 02:54:03  INFO      src.federated.client: [Uttar_Pradesh] Local training: 23,736 rows
2026-08-05 02:54:08  INFO      src.model: Class weights loaded: {'stunted': 1.8195, 'underweight': 2.2367, 'wasted': 4.3705}
2026-08-05 02:54:08  INFO      src.model: Class weights loaded: {'stunted': 1.8195, 'underweight': 2.2367, 'wasted': 4.3705}
2026-08-05 02:54:08  INFO      src.federated.client: Client [Uttar_Pradesh] initialised: 23,736 local rows
2026-08-05 02:54:08  INFO      src.federated.client: Client [Rajasthan] initialised: 10,142 local rows
2026-08-05 02:54:08  INFO      src.evaluation: stunted: recall=0.870 f1=0.739 roc_auc=0.904
2026-08-05 02:54:08  INFO      src.evaluation: underweight: recall=0.882 f1=0.730 roc_auc=0.919
2026-08-05 02:54:08  INFO      src.evaluation: wasted: recall=0.542 f1=0.643 roc_auc=0.909
2026-08-05 02:54:08  INFO      src.evaluation: Macro avg: recall=0.764
2026-08-05 02:54:08  INFO      src.federated.client: [Rajasthan] Eval recall: 0.7644
2026-08-05 02:54:08  INFO      src.model: Class weights loaded: {'stunted': 1.8195, 'underweight': 2.2367, 'wasted': 4.3705}
2026-08-05 02:54:08  INFO      src.evaluation: stunted: recall=0.797 f1=0.747 roc_auc=0.870
2026-08-05 02:54:08  INFO      src.evaluation: underweight: recall=0.692 f1=0.733 roc_auc=0.914
2026-08-05 02:54:08  INFO      src.evaluation: wasted: recall=0.492 f1=0.561 roc_auc=0.871
2026-08-05 02:54:08  INFO      src.evaluation: Macro avg: recall=0.660
2026-08-05 02:54:08  INFO      src.federated.client: [Uttar_Pradesh] Eval recall: 0.6601
2026-08-05 02:54:08  INFO      src.model: Class weights loaded: {'stunted': 1.8195, 'underweight': 2.2367, 'wasted': 4.3705}
2026-08-05 02:54:09  INFO      src.federated.client: Client [Maharashtra] initialised: 6,405 local rows
2026-08-05 02:54:09  INFO      src.federated.client: Client [Bihar] initialised: 14,188 local rows
2026-08-05 02:54:09  INFO      src.evaluation: stunted: recall=0.744 f1=0.735 roc_auc=0.874
2026-08-05 02:54:09  INFO      src.evaluation: underweight: recall=0.648 f1=0.695 roc_auc=0.860
2026-08-05 02:54:09  INFO      src.evaluation: wasted: recall=0.600 f1=0.665 roc_auc=0.910
2026-08-05 02:54:09  INFO      src.evaluation: Macro avg: recall=0.664
2026-08-05 02:54:09  INFO      src.federated.client: [Maharashtra] Eval recall: 0.6638
2026-08-05 02:54:09  INFO      src.model: Class weights loaded: {'stunted': 1.8195, 'underweight': 2.2367, 'wasted': 4.3705}
2026-08-05 02:54:09  INFO      src.evaluation: stunted: recall=0.819 f1=0.751 roc_auc=0.858
2026-08-05 02:54:09  INFO      src.evaluation: underweight: recall=0.801 f1=0.747 roc_auc=0.874
2026-08-05 02:54:09  INFO      src.evaluation: wasted: recall=0.435 f1=0.462 roc_auc=0.760
2026-08-05 02:54:09  INFO      src.evaluation: Macro avg: recall=0.685
2026-08-05 02:54:09  INFO      src.federated.client: [Bihar] Eval recall: 0.6851
2026-08-05 02:54:09  INFO      src.federated.client: Client [Madhya_Pradesh] initialised: 10,884 local rows
2026-08-05 02:54:10  INFO      src.evaluation: stunted: recall=0.637 f1=0.695 roc_auc=0.869
2026-08-05 02:54:10  INFO      src.evaluation: underweight: recall=0.738 f1=0.690 roc_auc=0.865
2026-08-05 02:54:10  INFO      src.evaluation: wasted: recall=0.501 f1=0.504 roc_auc=0.816
2026-08-05 02:54:10  INFO      src.evaluation: Macro avg: recall=0.625
2026-08-05 02:54:10  INFO      src.federated.client: [Madhya_Pradesh] Eval recall: 0.6253
2026-08-05 02:54:10  INFO      src.model: Class weights loaded: {'stunted': 1.8195, 'underweight': 2.2367, 'wasted': 4.3705}
2026-08-05 02:54:10  INFO      src.model: Class weights loaded: {'stunted': 1.8195, 'underweight': 2.2367, 'wasted': 4.3705}
2026-08-05 02:54:10  INFO      src.federated.client: Client [Madhya_Pradesh] initialised: 10,884 local rows
2026-08-05 02:54:10  INFO      src.federated.client: [Madhya_Pradesh] Local training: 10,884 rows
2026-08-05 02:54:10  INFO      src.federated.client: Client [Maharashtra] initialised: 6,405 local rows
2026-08-05 02:54:10  INFO      src.federated.client: [Maharashtra] Local training: 6,405 rows
2026-08-05 02:54:12  INFO      src.model: Class weights loaded: {'stunted': 1.8195, 'underweight': 2.2367, 'wasted': 4.3705}
2026-08-05 02:54:12  INFO      src.model: Class weights loaded: {'stunted': 1.8195, 'underweight': 2.2367, 'wasted': 4.3705}
2026-08-05 02:54:13  INFO      src.federated.client: Client [Bihar] initialised: 14,188 local rows
2026-08-05 02:54:13  INFO      src.federated.client: [Bihar] Local training: 14,188 rows
2026-08-05 02:54:13  INFO      src.federated.client: Client [Rajasthan] initialised: 10,142 local rows
2026-08-05 02:54:13  INFO      src.federated.client: [Rajasthan] Local training: 10,142 rows
2026-08-05 02:54:16  INFO      src.model: Class weights loaded: {'stunted': 1.8195, 'underweight': 2.2367, 'wasted': 4.3705}
2026-08-05 02:54:16  INFO      src.federated.client: Client [Uttar_Pradesh] initialised: 23,736 local rows
2026-08-05 02:54:16  INFO      src.federated.client: [Uttar_Pradesh] Local training: 23,736 rows
2026-08-05 02:54:19  INFO      src.model: Class weights loaded: {'stunted': 1.8195, 'underweight': 2.2367, 'wasted': 4.3705}
2026-08-05 02:54:19  INFO      src.model: Class weights loaded: {'stunted': 1.8195, 'underweight': 2.2367, 'wasted': 4.3705}
2026-08-05 02:54:20  INFO      src.federated.client: Client [Maharashtra] initialised: 6,405 local rows
2026-08-05 02:54:20  INFO      src.evaluation: stunted: recall=0.744 f1=0.735 roc_auc=0.874
2026-08-05 02:54:20  INFO      src.evaluation: underweight: recall=0.648 f1=0.695 roc_auc=0.860
2026-08-05 02:54:20  INFO      src.evaluation: wasted: recall=0.600 f1=0.665 roc_auc=0.910
2026-08-05 02:54:20  INFO      src.evaluation: Macro avg: recall=0.664
2026-08-05 02:54:20  INFO      src.federated.client: [Maharashtra] Eval recall: 0.6638
2026-08-05 02:54:20  INFO      src.model: Class weights loaded: {'stunted': 1.8195, 'underweight': 2.2367, 'wasted': 4.3705}
2026-08-05 02:54:20  INFO      src.federated.client: Client [Bihar] initialised: 14,188 local rows
2026-08-05 02:54:20  INFO      src.evaluation: stunted: recall=0.819 f1=0.751 roc_auc=0.858
2026-08-05 02:54:20  INFO      src.evaluation: underweight: recall=0.801 f1=0.747 roc_auc=0.874
2026-08-05 02:54:20  INFO      src.evaluation: wasted: recall=0.435 f1=0.462 roc_auc=0.760
2026-08-05 02:54:20  INFO      src.evaluation: Macro avg: recall=0.685
2026-08-05 02:54:20  INFO      src.federated.client: [Bihar] Eval recall: 0.6851
2026-08-05 02:54:20  INFO      src.model: Class weights loaded: {'stunted': 1.8195, 'underweight': 2.2367, 'wasted': 4.3705}
2026-08-05 02:54:21  INFO      src.federated.client: Client [Rajasthan] initialised: 10,142 local rows
2026-08-05 02:54:21  INFO      src.evaluation: stunted: recall=0.870 f1=0.739 roc_auc=0.904
2026-08-05 02:54:21  INFO      src.evaluation: underweight: recall=0.882 f1=0.730 roc_auc=0.919
2026-08-05 02:54:21  INFO      src.evaluation: wasted: recall=0.542 f1=0.643 roc_auc=0.909
2026-08-05 02:54:21  INFO      src.evaluation: Macro avg: recall=0.764
2026-08-05 02:54:21  INFO      src.federated.client: [Rajasthan] Eval recall: 0.7644
2026-08-05 02:54:21  INFO      src.model: Class weights loaded: {'stunted': 1.8195, 'underweight': 2.2367, 'wasted': 4.3705}
2026-08-05 02:54:21  INFO      src.federated.client: Client [Madhya_Pradesh] initialised: 10,884 local rows
2026-08-05 02:54:21  INFO      src.evaluation: stunted: recall=0.637 f1=0.695 roc_auc=0.869
2026-08-05 02:54:21  INFO      src.evaluation: underweight: recall=0.738 f1=0.690 roc_auc=0.865
2026-08-05 02:54:22  INFO      src.evaluation: wasted: recall=0.501 f1=0.504 roc_auc=0.816
2026-08-05 02:54:22  INFO      src.evaluation: Macro avg: recall=0.625
2026-08-05 02:54:22  INFO      src.federated.client: [Madhya_Pradesh] Eval recall: 0.6253
2026-08-05 02:54:22  INFO      src.federated.client: Client [Uttar_Pradesh] initialised: 23,736 local rows
2026-08-05 02:54:22  INFO      src.evaluation: stunted: recall=0.797 f1=0.747 roc_auc=0.870
2026-08-05 02:54:22  INFO      src.evaluation: underweight: recall=0.692 f1=0.733 roc_auc=0.914
2026-08-05 02:54:22  INFO      src.evaluation: wasted: recall=0.492 f1=0.561 roc_auc=0.871
2026-08-05 02:54:22  INFO      src.evaluation: Macro avg: recall=0.660
2026-08-05 02:54:22  INFO      src.federated.client: [Uttar_Pradesh] Eval recall: 0.6601
2026-08-05 02:54:22  INFO      src.model: Class weights loaded: {'stunted': 1.8195, 'underweight': 2.2367, 'wasted': 4.3705}
2026-08-05 02:54:22  INFO      src.model: Class weights loaded: {'stunted': 1.8195, 'underweight': 2.2367, 'wasted': 4.3705}
2026-08-05 02:54:22  INFO      src.federated.client: Client [Maharashtra] initialised: 6,405 local rows
2026-08-05 02:54:22  INFO      src.federated.client: [Maharashtra] Local training: 6,405 rows
2026-08-05 02:54:22  INFO      src.federated.client: Client [Madhya_Pradesh] initialised: 10,884 local rows
2026-08-05 02:54:22  INFO      src.federated.client: [Madhya_Pradesh] Local training: 10,884 rows
2026-08-05 02:54:25  INFO      src.model: Class weights loaded: {'stunted': 1.8195, 'underweight': 2.2367, 'wasted': 4.3705}
2026-08-05 02:54:25  INFO      src.federated.client: Client [Rajasthan] initialised: 10,142 local rows
2026-08-05 02:54:25  INFO      src.federated.client: [Rajasthan] Local training: 10,142 rows
2026-08-05 02:54:26  INFO      src.model: Class weights loaded: {'stunted': 1.8195, 'underweight': 2.2367, 'wasted': 4.3705}
2026-08-05 02:54:27  INFO      src.federated.client: Client [Uttar_Pradesh] initialised: 23,736 local rows
2026-08-05 02:54:27  INFO      src.federated.client: [Uttar_Pradesh] Local training: 23,736 rows
2026-08-05 02:54:27  INFO      src.model: Class weights loaded: {'stunted': 1.8195, 'underweight': 2.2367, 'wasted': 4.3705}
2026-08-05 02:54:28  INFO      src.federated.client: Client [Bihar] initialised: 14,188 local rows
2026-08-05 02:54:28  INFO      src.federated.client: [Bihar] Local training: 14,188 rows
2026-08-05 02:54:32  INFO      src.model: Class weights loaded: {'stunted': 1.8195, 'underweight': 2.2367, 'wasted': 4.3705}
2026-08-05 02:54:32  INFO      src.model: Class weights loaded: {'stunted': 1.8195, 'underweight': 2.2367, 'wasted': 4.3705}
2026-08-05 02:54:32  INFO      src.federated.client: Client [Rajasthan] initialised: 10,142 local rows
2026-08-05 02:54:32  INFO      src.federated.client: Client [Bihar] initialised: 14,188 local rows
2026-08-05 02:54:32  INFO      src.evaluation: stunted: recall=0.870 f1=0.739 roc_auc=0.904
2026-08-05 02:54:32  INFO      src.evaluation: underweight: recall=0.882 f1=0.730 roc_auc=0.919
2026-08-05 02:54:32  INFO      src.evaluation: wasted: recall=0.542 f1=0.643 roc_auc=0.909
2026-08-05 02:54:32  INFO      src.evaluation: Macro avg: recall=0.764
2026-08-05 02:54:32  INFO      src.federated.client: [Rajasthan] Eval recall: 0.7644
2026-08-05 02:54:33  INFO      src.model: Class weights loaded: {'stunted': 1.8195, 'underweight': 2.2367, 'wasted': 4.3705}
2026-08-05 02:54:33  INFO      src.evaluation: stunted: recall=0.819 f1=0.751 roc_auc=0.858
2026-08-05 02:54:33  INFO      src.evaluation: underweight: recall=0.801 f1=0.747 roc_auc=0.874
2026-08-05 02:54:33  INFO      src.evaluation: wasted: recall=0.435 f1=0.462 roc_auc=0.760
2026-08-05 02:54:33  INFO      src.evaluation: Macro avg: recall=0.685
2026-08-05 02:54:33  INFO      src.federated.client: [Bihar] Eval recall: 0.6851
2026-08-05 02:54:33  INFO      src.model: Class weights loaded: {'stunted': 1.8195, 'underweight': 2.2367, 'wasted': 4.3705}
2026-08-05 02:54:33  INFO      src.federated.client: Client [Uttar_Pradesh] initialised: 23,736 local rows
2026-08-05 02:54:33  INFO      src.federated.client: Client [Maharashtra] initialised: 6,405 local rows
2026-08-05 02:54:33  INFO      src.evaluation: stunted: recall=0.744 f1=0.735 roc_auc=0.874
2026-08-05 02:54:33  INFO      src.evaluation: underweight: recall=0.648 f1=0.695 roc_auc=0.860
2026-08-05 02:54:33  INFO      src.evaluation: wasted: recall=0.600 f1=0.665 roc_auc=0.910
2026-08-05 02:54:33  INFO      src.evaluation: Macro avg: recall=0.664
2026-08-05 02:54:33  INFO      src.federated.client: [Maharashtra] Eval recall: 0.6638
2026-08-05 02:54:33  INFO      src.model: Class weights loaded: {'stunted': 1.8195, 'underweight': 2.2367, 'wasted': 4.3705}
2026-08-05 02:54:33  INFO      src.evaluation: stunted: recall=0.797 f1=0.747 roc_auc=0.870
2026-08-05 02:54:33  INFO      src.evaluation: underweight: recall=0.692 f1=0.733 roc_auc=0.914
2026-08-05 02:54:33  INFO      src.evaluation: wasted: recall=0.492 f1=0.561 roc_auc=0.871
2026-08-05 02:54:33  INFO      src.evaluation: Macro avg: recall=0.660
2026-08-05 02:54:33  INFO      src.federated.client: [Uttar_Pradesh] Eval recall: 0.6601
2026-08-05 02:54:33  INFO      src.federated.client: Client [Madhya_Pradesh] initialised: 10,884 local rows
2026-08-05 02:54:33  INFO      src.evaluation: stunted: recall=0.637 f1=0.695 roc_auc=0.869
2026-08-05 02:54:33  INFO      src.evaluation: underweight: recall=0.738 f1=0.690 roc_auc=0.865
2026-08-05 02:54:33  INFO      src.evaluation: wasted: recall=0.501 f1=0.504 roc_auc=0.816
2026-08-05 02:54:33  INFO      src.evaluation: Macro avg: recall=0.625
2026-08-05 02:54:33  INFO      src.federated.client: [Madhya_Pradesh] Eval recall: 0.6253
2026-08-05 02:54:33  INFO      src.model: Class weights loaded: {'stunted': 1.8195, 'underweight': 2.2367, 'wasted': 4.3705}
2026-08-05 02:54:33  INFO      src.model: Class weights loaded: {'stunted': 1.8195, 'underweight': 2.2367, 'wasted': 4.3705}
2026-08-05 02:54:34  INFO      src.federated.client: Client [Uttar_Pradesh] initialised: 23,736 local rows
2026-08-05 02:54:34  INFO      src.federated.client: [Uttar_Pradesh] Local training: 23,736 rows
2026-08-05 02:54:34  INFO      src.federated.client: Client [Rajasthan] initialised: 10,142 local rows
2026-08-05 02:54:34  INFO      src.federated.client: [Rajasthan] Local training: 10,142 rows
2026-08-05 02:54:37  INFO      src.model: Class weights loaded: {'stunted': 1.8195, 'underweight': 2.2367, 'wasted': 4.3705}
2026-08-05 02:54:37  INFO      src.federated.client: Client [Bihar] initialised: 14,188 local rows
2026-08-05 02:54:37  INFO      src.federated.client: [Bihar] Local training: 14,188 rows
2026-08-05 02:54:40  INFO      src.model: Class weights loaded: {'stunted': 1.8195, 'underweight': 2.2367, 'wasted': 4.3705}
2026-08-05 02:54:40  INFO      src.federated.client: Client [Maharashtra] initialised: 6,405 local rows
2026-08-05 02:54:40  INFO      src.federated.client: [Maharashtra] Local training: 6,405 rows
2026-08-05 02:54:40  INFO      src.model: Class weights loaded: {'stunted': 1.8195, 'underweight': 2.2367, 'wasted': 4.3705}
2026-08-05 02:54:41  INFO      src.federated.client: Client [Madhya_Pradesh] initialised: 10,884 local rows
2026-08-05 02:54:41  INFO      src.federated.client: [Madhya_Pradesh] Local training: 10,884 rows
2026-08-05 02:54:43  INFO      src.model: Class weights loaded: {'stunted': 1.8195, 'underweight': 2.2367, 'wasted': 4.3705}
2026-08-05 02:54:43  INFO      src.model: Class weights loaded: {'stunted': 1.8195, 'underweight': 2.2367, 'wasted': 4.3705}
2026-08-05 02:54:43  INFO      src.federated.client: Client [Madhya_Pradesh] initialised: 10,884 local rows
2026-08-05 02:54:43  INFO      src.federated.client: Client [Uttar_Pradesh] initialised: 23,736 local rows
2026-08-05 02:54:43  INFO      src.evaluation: stunted: recall=0.637 f1=0.695 roc_auc=0.869
2026-08-05 02:54:43  INFO      src.evaluation: underweight: recall=0.738 f1=0.690 roc_auc=0.865
2026-08-05 02:54:43  INFO      src.evaluation: wasted: recall=0.501 f1=0.504 roc_auc=0.816
2026-08-05 02:54:43  INFO      src.evaluation: Macro avg: recall=0.625
2026-08-05 02:54:43  INFO      src.federated.client: [Madhya_Pradesh] Eval recall: 0.6253
2026-08-05 02:54:43  INFO      src.model: Class weights loaded: {'stunted': 1.8195, 'underweight': 2.2367, 'wasted': 4.3705}
2026-08-05 02:54:44  INFO      src.evaluation: stunted: recall=0.797 f1=0.747 roc_auc=0.870
2026-08-05 02:54:44  INFO      src.evaluation: underweight: recall=0.692 f1=0.733 roc_auc=0.914
2026-08-05 02:54:44  INFO      src.evaluation: wasted: recall=0.492 f1=0.561 roc_auc=0.871
2026-08-05 02:54:44  INFO      src.evaluation: Macro avg: recall=0.660
2026-08-05 02:54:44  INFO      src.federated.client: [Uttar_Pradesh] Eval recall: 0.6601
2026-08-05 02:54:44  INFO      src.model: Class weights loaded: {'stunted': 1.8195, 'underweight': 2.2367, 'wasted': 4.3705}
2026-08-05 02:54:44  INFO      src.federated.client: Client [Maharashtra] initialised: 6,405 local rows
2026-08-05 02:54:44  INFO      src.evaluation: stunted: recall=0.744 f1=0.735 roc_auc=0.874
2026-08-05 02:54:44  INFO      src.evaluation: underweight: recall=0.648 f1=0.695 roc_auc=0.860
2026-08-05 02:54:44  INFO      src.evaluation: wasted: recall=0.600 f1=0.665 roc_auc=0.910
2026-08-05 02:54:44  INFO      src.evaluation: Macro avg: recall=0.664
2026-08-05 02:54:44  INFO      src.federated.client: [Maharashtra] Eval recall: 0.6638
2026-08-05 02:54:44  INFO      src.model: Class weights loaded: {'stunted': 1.8195, 'underweight': 2.2367, 'wasted': 4.3705}
2026-08-05 02:54:44  INFO      src.federated.client: Client [Bihar] initialised: 14,188 local rows
2026-08-05 02:54:45  INFO      src.evaluation: stunted: recall=0.819 f1=0.751 roc_auc=0.858
2026-08-05 02:54:45  INFO      src.evaluation: underweight: recall=0.801 f1=0.747 roc_auc=0.874
2026-08-05 02:54:45  INFO      src.federated.client: Client [Rajasthan] initialised: 10,142 local rows
2026-08-05 02:54:45  INFO      src.evaluation: wasted: recall=0.435 f1=0.462 roc_auc=0.760
2026-08-05 02:54:45  INFO      src.evaluation: Macro avg: recall=0.685
2026-08-05 02:54:45  INFO      src.federated.client: [Bihar] Eval recall: 0.6851
2026-08-05 02:54:45  INFO      src.evaluation: stunted: recall=0.870 f1=0.739 roc_auc=0.904
2026-08-05 02:54:45  INFO      src.evaluation: underweight: recall=0.882 f1=0.730 roc_auc=0.919
2026-08-05 02:54:45  INFO      src.evaluation: wasted: recall=0.542 f1=0.643 roc_auc=0.909
2026-08-05 02:54:45  INFO      src.evaluation: Macro avg: recall=0.764
2026-08-05 02:54:45  INFO      src.federated.client: [Rajasthan] Eval recall: 0.7644
2026-08-05 02:54:45  INFO      src.model: Class weights loaded: {'stunted': 1.8195, 'underweight': 2.2367, 'wasted': 4.3705}
2026-08-05 02:54:45  INFO      src.model: Class weights loaded: {'stunted': 1.8195, 'underweight': 2.2367, 'wasted': 4.3705}
2026-08-05 02:54:45  INFO      src.federated.client: Client [Bihar] initialised: 14,188 local rows
2026-08-05 02:54:45  INFO      src.federated.client: [Bihar] Local training: 14,188 rows
2026-08-05 02:54:45  INFO      src.federated.client: Client [Madhya_Pradesh] initialised: 10,884 local rows
2026-08-05 02:54:45  INFO      src.federated.client: [Madhya_Pradesh] Local training: 10,884 rows
2026-08-05 02:54:48  INFO      src.model: Class weights loaded: {'stunted': 1.8195, 'underweight': 2.2367, 'wasted': 4.3705}
2026-08-05 02:54:49  INFO      src.federated.client: Client [Rajasthan] initialised: 10,142 local rows
2026-08-05 02:54:49  INFO      src.federated.client: [Rajasthan] Local training: 10,142 rows
2026-08-05 02:54:49  INFO      src.model: Class weights loaded: {'stunted': 1.8195, 'underweight': 2.2367, 'wasted': 4.3705}
2026-08-05 02:54:50  INFO      src.federated.client: Client [Maharashtra] initialised: 6,405 local rows
2026-08-05 02:54:50  INFO      src.federated.client: [Maharashtra] Local training: 6,405 rows
2026-08-05 02:54:51  INFO      src.model: Class weights loaded: {'stunted': 1.8195, 'underweight': 2.2367, 'wasted': 4.3705}
2026-08-05 02:54:51  INFO      src.federated.client: Client [Uttar_Pradesh] initialised: 23,736 local rows
2026-08-05 02:54:51  INFO      src.federated.client: [Uttar_Pradesh] Local training: 23,736 rows
2026-08-05 02:54:55  INFO      src.model: Class weights loaded: {'stunted': 1.8195, 'underweight': 2.2367, 'wasted': 4.3705}
2026-08-05 02:54:55  INFO      src.model: Class weights loaded: {'stunted': 1.8195, 'underweight': 2.2367, 'wasted': 4.3705}
2026-08-05 02:54:55  INFO      src.federated.client: Client [Madhya_Pradesh] initialised: 10,884 local rows
2026-08-05 02:54:55  INFO      src.federated.client: Client [Rajasthan] initialised: 10,142 local rows
2026-08-05 02:54:55  INFO      src.evaluation: stunted: recall=0.637 f1=0.695 roc_auc=0.869
2026-08-05 02:54:55  INFO      src.evaluation: stunted: recall=0.870 f1=0.739 roc_auc=0.904
2026-08-05 02:54:55  INFO      src.evaluation: underweight: recall=0.738 f1=0.690 roc_auc=0.865
2026-08-05 02:54:55  INFO      src.evaluation: underweight: recall=0.882 f1=0.730 roc_auc=0.919
2026-08-05 02:54:55  INFO      src.evaluation: wasted: recall=0.501 f1=0.504 roc_auc=0.816
2026-08-05 02:54:55  INFO      src.evaluation: Macro avg: recall=0.625
2026-08-05 02:54:55  INFO      src.federated.client: [Madhya_Pradesh] Eval recall: 0.6253
2026-08-05 02:54:55  INFO      src.evaluation: wasted: recall=0.542 f1=0.643 roc_auc=0.909
2026-08-05 02:54:55  INFO      src.evaluation: Macro avg: recall=0.764
2026-08-05 02:54:55  INFO      src.federated.client: [Rajasthan] Eval recall: 0.7644
2026-08-05 02:54:55  INFO      src.model: Class weights loaded: {'stunted': 1.8195, 'underweight': 2.2367, 'wasted': 4.3705}
2026-08-05 02:54:55  INFO      src.model: Class weights loaded: {'stunted': 1.8195, 'underweight': 2.2367, 'wasted': 4.3705}
2026-08-05 02:54:56  INFO      src.federated.client: Client [Uttar_Pradesh] initialised: 23,736 local rows
2026-08-05 02:54:56  INFO      src.federated.client: Client [Maharashtra] initialised: 6,405 local rows
2026-08-05 02:54:56  INFO      src.evaluation: stunted: recall=0.744 f1=0.735 roc_auc=0.874
2026-08-05 02:54:56  INFO      src.evaluation: underweight: recall=0.648 f1=0.695 roc_auc=0.860
2026-08-05 02:54:56  INFO      src.evaluation: stunted: recall=0.797 f1=0.747 roc_auc=0.870
2026-08-05 02:54:56  INFO      src.evaluation: wasted: recall=0.600 f1=0.665 roc_auc=0.910
2026-08-05 02:54:56  INFO      src.evaluation: Macro avg: recall=0.664
2026-08-05 02:54:56  INFO      src.federated.client: [Maharashtra] Eval recall: 0.6638
2026-08-05 02:54:56  INFO      src.model: Class weights loaded: {'stunted': 1.8195, 'underweight': 2.2367, 'wasted': 4.3705}
2026-08-05 02:54:56  INFO      src.evaluation: underweight: recall=0.692 f1=0.733 roc_auc=0.914
2026-08-05 02:54:56  INFO      src.evaluation: wasted: recall=0.492 f1=0.561 roc_auc=0.871
2026-08-05 02:54:56  INFO      src.evaluation: Macro avg: recall=0.660
2026-08-05 02:54:56  INFO      src.federated.client: [Uttar_Pradesh] Eval recall: 0.6601
2026-08-05 02:54:56  INFO      src.federated.client: Client [Bihar] initialised: 14,188 local rows
2026-08-05 02:54:56  INFO      src.evaluation: stunted: recall=0.819 f1=0.751 roc_auc=0.858
2026-08-05 02:54:56  INFO      src.evaluation: underweight: recall=0.801 f1=0.747 roc_auc=0.874
2026-08-05 02:54:56  INFO      src.evaluation: wasted: recall=0.435 f1=0.462 roc_auc=0.760
2026-08-05 02:54:56  INFO      src.evaluation: Macro avg: recall=0.685
2026-08-05 02:54:56  INFO      src.federated.client: [Bihar] Eval recall: 0.6851
2026-08-05 02:54:56  INFO      src.model: Class weights loaded: {'stunted': 1.8195, 'underweight': 2.2367, 'wasted': 4.3705}
2026-08-05 02:54:56  INFO      src.model: Class weights loaded: {'stunted': 1.8195, 'underweight': 2.2367, 'wasted': 4.3705}
2026-08-05 02:54:57  INFO      src.federated.client: Client [Maharashtra] initialised: 6,405 local rows
2026-08-05 02:54:57  INFO      src.federated.client: [Maharashtra] Local training: 6,405 rows
2026-08-05 02:54:57  INFO      src.federated.client: Client [Uttar_Pradesh] initialised: 23,736 local rows
2026-08-05 02:54:57  INFO      src.federated.client: [Uttar_Pradesh] Local training: 23,736 rows
2026-08-05 02:54:59  INFO      src.model: Class weights loaded: {'stunted': 1.8195, 'underweight': 2.2367, 'wasted': 4.3705}
2026-08-05 02:55:00  INFO      src.federated.client: Client [Rajasthan] initialised: 10,142 local rows
2026-08-05 02:55:00  INFO      src.federated.client: [Rajasthan] Local training: 10,142 rows
2026-08-05 02:55:01  INFO      src.model: Class weights loaded: {'stunted': 1.8195, 'underweight': 2.2367, 'wasted': 4.3705}
2026-08-05 02:55:02  INFO      src.federated.client: Client [Bihar] initialised: 14,188 local rows
2026-08-05 02:55:02  INFO      src.federated.client: [Bihar] Local training: 14,188 rows
2026-08-05 02:55:02  INFO      src.model: Class weights loaded: {'stunted': 1.8195, 'underweight': 2.2367, 'wasted': 4.3705}
2026-08-05 02:55:03  INFO      src.federated.client: Client [Madhya_Pradesh] initialised: 10,884 local rows
2026-08-05 02:55:03  INFO      src.federated.client: [Madhya_Pradesh] Local training: 10,884 rows
2026-08-05 02:55:06  INFO      src.model: Class weights loaded: {'stunted': 1.8195, 'underweight': 2.2367, 'wasted': 4.3705}
2026-08-05 02:55:06  INFO      src.model: Class weights loaded: {'stunted': 1.8195, 'underweight': 2.2367, 'wasted': 4.3705}
2026-08-05 02:55:06  INFO      src.federated.client: Client [Bihar] initialised: 14,188 local rows
2026-08-05 02:55:06  INFO      src.federated.client: Client [Maharashtra] initialised: 6,405 local rows
2026-08-05 02:55:06  INFO      src.evaluation: stunted: recall=0.744 f1=0.735 roc_auc=0.874
2026-08-05 02:55:06  INFO      src.evaluation: underweight: recall=0.648 f1=0.695 roc_auc=0.860
2026-08-05 02:55:06  INFO      src.evaluation: wasted: recall=0.600 f1=0.665 roc_auc=0.910
2026-08-05 02:55:06  INFO      src.evaluation: Macro avg: recall=0.664
2026-08-05 02:55:06  INFO      src.federated.client: [Maharashtra] Eval recall: 0.6638
2026-08-05 02:55:06  INFO      src.evaluation: stunted: recall=0.819 f1=0.751 roc_auc=0.858
2026-08-05 02:55:06  INFO      src.model: Class weights loaded: {'stunted': 1.8195, 'underweight': 2.2367, 'wasted': 4.3705}
2026-08-05 02:55:06  INFO      src.evaluation: underweight: recall=0.801 f1=0.747 roc_auc=0.874
2026-08-05 02:55:06  INFO      src.evaluation: wasted: recall=0.435 f1=0.462 roc_auc=0.760
2026-08-05 02:55:06  INFO      src.evaluation: Macro avg: recall=0.685
2026-08-05 02:55:06  INFO      src.federated.client: [Bihar] Eval recall: 0.6851
2026-08-05 02:55:06  INFO      src.model: Class weights loaded: {'stunted': 1.8195, 'underweight': 2.2367, 'wasted': 4.3705}
2026-08-05 02:55:06  INFO      src.federated.client: Client [Madhya_Pradesh] initialised: 10,884 local rows
2026-08-05 02:55:07  INFO      src.evaluation: stunted: recall=0.637 f1=0.695 roc_auc=0.869
2026-08-05 02:55:07  INFO      src.federated.client: Client [Uttar_Pradesh] initialised: 23,736 local rows
2026-08-05 02:55:07  INFO      src.evaluation: underweight: recall=0.738 f1=0.690 roc_auc=0.865
2026-08-05 02:55:07  INFO      src.evaluation: wasted: recall=0.501 f1=0.504 roc_auc=0.816
2026-08-05 02:55:07  INFO      src.evaluation: Macro avg: recall=0.625
2026-08-05 02:55:07  INFO      src.federated.client: [Madhya_Pradesh] Eval recall: 0.6253
2026-08-05 02:55:07  INFO      src.model: Class weights loaded: {'stunted': 1.8195, 'underweight': 2.2367, 'wasted': 4.3705}
2026-08-05 02:55:07  INFO      src.evaluation: stunted: recall=0.797 f1=0.747 roc_auc=0.870
2026-08-05 02:55:07  INFO      src.evaluation: underweight: recall=0.692 f1=0.733 roc_auc=0.914
2026-08-05 02:55:07  INFO      src.evaluation: wasted: recall=0.492 f1=0.561 roc_auc=0.871
2026-08-05 02:55:07  INFO      src.evaluation: Macro avg: recall=0.660
2026-08-05 02:55:07  INFO      src.federated.client: [Uttar_Pradesh] Eval recall: 0.6601
2026-08-05 02:55:07  INFO      src.federated.client: Client [Rajasthan] initialised: 10,142 local rows
2026-08-05 02:55:07  INFO      src.evaluation: stunted: recall=0.870 f1=0.739 roc_auc=0.904
2026-08-05 02:55:07  INFO      src.evaluation: underweight: recall=0.882 f1=0.730 roc_auc=0.919
2026-08-05 02:55:07  INFO      src.evaluation: wasted: recall=0.542 f1=0.643 roc_auc=0.909
2026-08-05 02:55:07  INFO      src.evaluation: Macro avg: recall=0.764
2026-08-05 02:55:07  INFO      src.federated.client: [Rajasthan] Eval recall: 0.7644
2026-08-05 02:55:07  INFO      src.model: Class weights loaded: {'stunted': 1.8195, 'underweight': 2.2367, 'wasted': 4.3705}
2026-08-05 02:55:07  INFO      src.model: Class weights loaded: {'stunted': 1.8195, 'underweight': 2.2367, 'wasted': 4.3705}
2026-08-05 02:55:08  INFO      src.federated.client: Client [Maharashtra] initialised: 6,405 local rows
2026-08-05 02:55:08  INFO      src.federated.client: Client [Madhya_Pradesh] initialised: 10,884 local rows
2026-08-05 02:55:08  INFO      src.federated.client: [Maharashtra] Local training: 6,405 rows
2026-08-05 02:55:08  INFO      src.federated.client: [Madhya_Pradesh] Local training: 10,884 rows
2026-08-05 02:55:10  INFO      src.model: Class weights loaded: {'stunted': 1.8195, 'underweight': 2.2367, 'wasted': 4.3705}
2026-08-05 02:55:10  INFO      src.model: Class weights loaded: {'stunted': 1.8195, 'underweight': 2.2367, 'wasted': 4.3705}
2026-08-05 02:55:11  INFO      src.federated.client: Client [Uttar_Pradesh] initialised: 23,736 local rows
2026-08-05 02:55:11  INFO      src.federated.client: [Uttar_Pradesh] Local training: 23,736 rows
2026-08-05 02:55:11  INFO      src.federated.client: Client [Rajasthan] initialised: 10,142 local rows
2026-08-05 02:55:11  INFO      src.federated.client: [Rajasthan] Local training: 10,142 rows
2026-08-05 02:55:14  INFO      src.model: Class weights loaded: {'stunted': 1.8195, 'underweight': 2.2367, 'wasted': 4.3705}
2026-08-05 02:55:14  INFO      src.federated.client: Client [Bihar] initialised: 14,188 local rows
2026-08-05 02:55:14  INFO      src.federated.client: [Bihar] Local training: 14,188 rows
2026-08-05 02:55:17  INFO      src.model: Class weights loaded: {'stunted': 1.8195, 'underweight': 2.2367, 'wasted': 4.3705}
2026-08-05 02:55:17  INFO      src.model: Class weights loaded: {'stunted': 1.8195, 'underweight': 2.2367, 'wasted': 4.3705}
2026-08-05 02:55:17  INFO      src.federated.client: Client [Rajasthan] initialised: 10,142 local rows
2026-08-05 02:55:18  INFO      src.federated.client: Client [Uttar_Pradesh] initialised: 23,736 local rows
2026-08-05 02:55:18  INFO      src.evaluation: stunted: recall=0.870 f1=0.739 roc_auc=0.904
2026-08-05 02:55:18  INFO      src.evaluation: underweight: recall=0.882 f1=0.730 roc_auc=0.919
2026-08-05 02:55:18  INFO      src.evaluation: wasted: recall=0.542 f1=0.643 roc_auc=0.909
2026-08-05 02:55:18  INFO      src.evaluation: Macro avg: recall=0.764
2026-08-05 02:55:18  INFO      src.federated.client: [Rajasthan] Eval recall: 0.7644
2026-08-05 02:55:18  INFO      src.model: Class weights loaded: {'stunted': 1.8195, 'underweight': 2.2367, 'wasted': 4.3705}
2026-08-05 02:55:18  INFO      src.evaluation: stunted: recall=0.797 f1=0.747 roc_auc=0.870
2026-08-05 02:55:18  INFO      src.evaluation: underweight: recall=0.692 f1=0.733 roc_auc=0.914
2026-08-05 02:55:18  INFO      src.evaluation: wasted: recall=0.492 f1=0.561 roc_auc=0.871
2026-08-05 02:55:18  INFO      src.evaluation: Macro avg: recall=0.660
2026-08-05 02:55:18  INFO      src.federated.client: [Uttar_Pradesh] Eval recall: 0.6601
2026-08-05 02:55:18  INFO      src.model: Class weights loaded: {'stunted': 1.8195, 'underweight': 2.2367, 'wasted': 4.3705}
2026-08-05 02:55:18  INFO      src.federated.client: Client [Madhya_Pradesh] initialised: 10,884 local rows
2026-08-05 02:55:18  INFO      src.evaluation: stunted: recall=0.637 f1=0.695 roc_auc=0.869
2026-08-05 02:55:18  INFO      src.evaluation: underweight: recall=0.738 f1=0.690 roc_auc=0.865
2026-08-05 02:55:18  INFO      src.evaluation: wasted: recall=0.501 f1=0.504 roc_auc=0.816
2026-08-05 02:55:18  INFO      src.evaluation: Macro avg: recall=0.625
2026-08-05 02:55:18  INFO      src.federated.client: [Madhya_Pradesh] Eval recall: 0.6253
2026-08-05 02:55:18  INFO      src.model: Class weights loaded: {'stunted': 1.8195, 'underweight': 2.2367, 'wasted': 4.3705}
2026-08-05 02:55:18  INFO      src.federated.client: Client [Bihar] initialised: 14,188 local rows
2026-08-05 02:55:19  INFO      src.evaluation: stunted: recall=0.819 f1=0.751 roc_auc=0.858
2026-08-05 02:55:19  INFO      src.evaluation: underweight: recall=0.801 f1=0.747 roc_auc=0.874
2026-08-05 02:55:19  INFO      src.federated.client: Client [Maharashtra] initialised: 6,405 local rows
2026-08-05 02:55:19  INFO      src.evaluation: wasted: recall=0.435 f1=0.462 roc_auc=0.760
2026-08-05 02:55:19  INFO      src.evaluation: Macro avg: recall=0.685
2026-08-05 02:55:19  INFO      src.federated.client: [Bihar] Eval recall: 0.6851
2026-08-05 02:55:19  INFO      src.evaluation: stunted: recall=0.744 f1=0.735 roc_auc=0.874
2026-08-05 02:55:19  INFO      src.evaluation: underweight: recall=0.648 f1=0.695 roc_auc=0.860
2026-08-05 02:55:19  INFO      src.evaluation: wasted: recall=0.600 f1=0.665 roc_auc=0.910
2026-08-05 02:55:19  INFO      src.evaluation: Macro avg: recall=0.664
2026-08-05 02:55:19  INFO      src.federated.client: [Maharashtra] Eval recall: 0.6638
2026-08-05 02:55:19  INFO      src.model: Class weights loaded: {'stunted': 1.8195, 'underweight': 2.2367, 'wasted': 4.3705}
2026-08-05 02:55:19  INFO      src.model: Class weights loaded: {'stunted': 1.8195, 'underweight': 2.2367, 'wasted': 4.3705}
2026-08-05 02:55:19  INFO      src.federated.client: Client [Madhya_Pradesh] initialised: 10,884 local rows
2026-08-05 02:55:19  INFO      src.federated.client: [Madhya_Pradesh] Local training: 10,884 rows
2026-08-05 02:55:19  INFO      src.federated.client: Client [Rajasthan] initialised: 10,142 local rows
2026-08-05 02:55:19  INFO      src.federated.client: [Rajasthan] Local training: 10,142 rows
2026-08-05 02:55:22  INFO      src.model: Class weights loaded: {'stunted': 1.8195, 'underweight': 2.2367, 'wasted': 4.3705}
2026-08-05 02:55:22  INFO      src.model: Class weights loaded: {'stunted': 1.8195, 'underweight': 2.2367, 'wasted': 4.3705}
2026-08-05 02:55:22  INFO      src.federated.client: Client [Maharashtra] initialised: 6,405 local rows
2026-08-05 02:55:22  INFO      src.federated.client: [Maharashtra] Local training: 6,405 rows
2026-08-05 02:55:22  INFO      src.federated.client: Client [Uttar_Pradesh] initialised: 23,736 local rows
2026-08-05 02:55:22  INFO      src.federated.client: [Uttar_Pradesh] Local training: 23,736 rows
2026-08-05 02:55:24  INFO      src.model: Class weights loaded: {'stunted': 1.8195, 'underweight': 2.2367, 'wasted': 4.3705}
2026-08-05 02:55:25  INFO      src.federated.client: Client [Bihar] initialised: 14,188 local rows
2026-08-05 02:55:25  INFO      src.federated.client: [Bihar] Local training: 14,188 rows
2026-08-05 02:55:28  INFO      src.model: Class weights loaded: {'stunted': 1.8195, 'underweight': 2.2367, 'wasted': 4.3705}
2026-08-05 02:55:28  INFO      src.model: Class weights loaded: {'stunted': 1.8195, 'underweight': 2.2367, 'wasted': 4.3705}
2026-08-05 02:55:29  INFO      src.federated.client: Client [Madhya_Pradesh] initialised: 10,884 local rows
2026-08-05 02:55:29  INFO      src.federated.client: Client [Rajasthan] initialised: 10,142 local rows
2026-08-05 02:55:29  INFO      src.evaluation: stunted: recall=0.637 f1=0.695 roc_auc=0.869
2026-08-05 02:55:29  INFO      src.evaluation: underweight: recall=0.738 f1=0.690 roc_auc=0.865
2026-08-05 02:55:29  INFO      src.evaluation: wasted: recall=0.501 f1=0.504 roc_auc=0.816
2026-08-05 02:55:29  INFO      src.evaluation: Macro avg: recall=0.625
2026-08-05 02:55:29  INFO      src.federated.client: [Madhya_Pradesh] Eval recall: 0.6253
2026-08-05 02:55:29  INFO      src.model: Class weights loaded: {'stunted': 1.8195, 'underweight': 2.2367, 'wasted': 4.3705}
2026-08-05 02:55:29  INFO      src.evaluation: stunted: recall=0.870 f1=0.739 roc_auc=0.904
2026-08-05 02:55:29  INFO      src.evaluation: underweight: recall=0.882 f1=0.730 roc_auc=0.919
2026-08-05 02:55:29  INFO      src.evaluation: wasted: recall=0.542 f1=0.643 roc_auc=0.909
2026-08-05 02:55:29  INFO      src.evaluation: Macro avg: recall=0.764
2026-08-05 02:55:29  INFO      src.federated.client: [Rajasthan] Eval recall: 0.7644
2026-08-05 02:55:29  INFO      src.model: Class weights loaded: {'stunted': 1.8195, 'underweight': 2.2367, 'wasted': 4.3705}
2026-08-05 02:55:29  INFO      src.federated.client: Client [Uttar_Pradesh] initialised: 23,736 local rows
2026-08-05 02:55:29  INFO      src.federated.client: Client [Bihar] initialised: 14,188 local rows
2026-08-05 02:55:29  INFO      src.evaluation: stunted: recall=0.797 f1=0.747 roc_auc=0.870
2026-08-05 02:55:29  INFO      src.evaluation: stunted: recall=0.819 f1=0.751 roc_auc=0.858
2026-08-05 02:55:29  INFO      src.evaluation: underweight: recall=0.692 f1=0.733 roc_auc=0.914
2026-08-05 02:55:29  INFO      src.evaluation: underweight: recall=0.801 f1=0.747 roc_auc=0.874
2026-08-05 02:55:29  INFO      src.evaluation: wasted: recall=0.492 f1=0.561 roc_auc=0.871
2026-08-05 02:55:29  INFO      src.evaluation: Macro avg: recall=0.660
2026-08-05 02:55:29  INFO      src.federated.client: [Uttar_Pradesh] Eval recall: 0.6601
2026-08-05 02:55:29  INFO      src.evaluation: wasted: recall=0.435 f1=0.462 roc_auc=0.760
2026-08-05 02:55:29  INFO      src.evaluation: Macro avg: recall=0.685
2026-08-05 02:55:29  INFO      src.federated.client: [Bihar] Eval recall: 0.6851
2026-08-05 02:55:29  INFO      src.model: Class weights loaded: {'stunted': 1.8195, 'underweight': 2.2367, 'wasted': 4.3705}
2026-08-05 02:55:30  INFO      src.federated.client: Client [Maharashtra] initialised: 6,405 local rows
2026-08-05 02:55:30  INFO      src.evaluation: stunted: recall=0.744 f1=0.735 roc_auc=0.874
2026-08-05 02:55:30  INFO      src.evaluation: underweight: recall=0.648 f1=0.695 roc_auc=0.860
2026-08-05 02:55:30  INFO      src.evaluation: wasted: recall=0.600 f1=0.665 roc_auc=0.910
2026-08-05 02:55:30  INFO      src.evaluation: Macro avg: recall=0.664
2026-08-05 02:55:30  INFO      src.federated.client: [Maharashtra] Eval recall: 0.6638
2026-08-05 02:55:30  INFO      src.model: Class weights loaded: {'stunted': 1.8195, 'underweight': 2.2367, 'wasted': 4.3705}
2026-08-05 02:55:39  INFO      src.model: Model saved: /workspaces/malnutrisense/models/fl_global_model.pkl  (4.8 MB)
2026-08-05 02:55:39  INFO      __main__: Federated global model saved: /workspaces/malnutrisense/models/fl_global_model.pkl
2026-08-05 02:55:44  INFO      __main__: National test set: 39,760 rows
2026-08-05 02:55:44  INFO      src.model: Model loaded: /workspaces/malnutrisense/models/fl_global_model.pkl
2026-08-05 02:55:44  INFO      __main__: Federated global model loaded
2026-08-05 02:57:07  INFO      __main__: National test set: 39,760 rows
2026-08-05 02:57:07  INFO      src.model: Model loaded: /workspaces/malnutrisense/models/fl_global_model.pkl
2026-08-05 02:57:07  INFO      __main__: Federated global model loaded
2026-08-05 02:57:07  WARNING   __main__: X_test missing 1 model feature columns; adding as NaN. Sample: ['V024']
2026-08-05 02:57:07  INFO      src.evaluation: stunted: recall=0.993 f1=0.967 roc_auc=0.999
2026-08-05 02:57:07  INFO      src.evaluation: underweight: recall=0.992 f1=0.967 roc_auc=0.999
2026-08-05 02:57:07  INFO      src.evaluation: wasted: recall=0.989 f1=0.966 roc_auc=0.999
2026-08-05 02:57:07  INFO      src.evaluation: Macro avg: recall=0.991
2026-08-05 02:57:48  INFO      __main__: National test set: 39,760 rows
2026-08-05 02:57:48  INFO      src.model: Model loaded: /workspaces/malnutrisense/models/fl_global_model.pkl
2026-08-05 02:57:48  INFO      __main__: Federated global model loaded
2026-08-05 02:57:48  WARNING   __main__: X_test missing 1 model feature columns; adding as NaN. Sample: ['V024']
2026-08-05 02:57:49  INFO      src.evaluation: stunted: recall=0.993 f1=0.967 roc_auc=0.999
2026-08-05 02:57:49  INFO      src.evaluation: underweight: recall=0.992 f1=0.967 roc_auc=0.999
2026-08-05 02:57:49  INFO      src.evaluation: wasted: recall=0.989 f1=0.966 roc_auc=0.999
2026-08-05 02:57:49  INFO      src.evaluation: Macro avg: recall=0.991
2026-08-05 03:06:27  INFO      src.model: Model loaded: /workspaces/malnutrisense/models/fl_global_model.pkl
2026-08-05 03:06:27  INFO      src.federated.partition: Uttar_Pradesh: 34,330 rows
2026-08-05 03:06:27  WARNING   src.preprocessing: Dropped 4,659 rows with missing target labels before train/test split.
2026-08-05 03:06:27  INFO      src.preprocessing: Train/test split: 23,736 train | 5,935 test (20% test, stratified on stunted)
2026-08-05 03:06:27  INFO      src.federated.partition: Bihar: 20,179 rows
2026-08-05 03:06:27  WARNING   src.preprocessing: Dropped 2,443 rows with missing target labels before train/test split.
2026-08-05 03:06:27  INFO      src.preprocessing: Train/test split: 14,188 train | 3,548 test (20% test, stratified on stunted)
2026-08-05 03:06:27  INFO      src.federated.partition: Madhya_Pradesh: 15,847 rows
2026-08-05 03:06:27  WARNING   src.preprocessing: Dropped 2,242 rows with missing target labels before train/test split.
2026-08-05 03:06:27  INFO      src.preprocessing: Train/test split: 10,884 train | 2,721 test (20% test, stratified on stunted)
2026-08-05 03:06:27  INFO      src.federated.partition: Rajasthan: 14,426 rows
2026-08-05 03:06:27  WARNING   src.preprocessing: Dropped 1,748 rows with missing target labels before train/test split.
2026-08-05 03:06:27  INFO      src.preprocessing: Train/test split: 10,142 train | 2,536 test (20% test, stratified on stunted)
2026-08-05 03:06:27  INFO      src.federated.partition: Maharashtra: 9,411 rows
2026-08-05 03:06:27  WARNING   src.preprocessing: Dropped 1,404 rows with missing target labels before train/test split.
2026-08-05 03:06:27  INFO      src.preprocessing: Train/test split: 6,405 train | 1,602 test (20% test, stratified on stunted)
2026-08-05 03:06:27  INFO      src.federated.partition: Created 5 state partitions
2026-08-05 03:06:27  INFO      src.evaluation: stunted: recall=0.993 f1=0.969 roc_auc=0.999
2026-08-05 03:06:28  INFO      src.evaluation: underweight: recall=0.991 f1=0.966 roc_auc=0.999
2026-08-05 03:06:28  INFO      src.evaluation: wasted: recall=0.984 f1=0.966 roc_auc=0.999
2026-08-05 03:06:28  INFO      src.evaluation: Macro avg: recall=0.989
2026-08-05 03:06:28  INFO      src.evaluation: stunted: recall=0.991 f1=0.967 roc_auc=0.998
2026-08-05 03:06:28  INFO      src.evaluation: underweight: recall=0.988 f1=0.969 roc_auc=0.999
2026-08-05 03:06:28  INFO      src.evaluation: wasted: recall=0.988 f1=0.963 roc_auc=0.999
2026-08-05 03:06:28  INFO      src.evaluation: Macro avg: recall=0.989
2026-08-05 03:06:28  INFO      src.evaluation: stunted: recall=0.991 f1=0.960 roc_auc=0.998
2026-08-05 03:06:28  INFO      src.evaluation: underweight: recall=0.987 f1=0.959 roc_auc=0.998
2026-08-05 03:06:28  INFO      src.evaluation: wasted: recall=0.984 f1=0.951 roc_auc=0.999
2026-08-05 03:06:28  INFO      src.evaluation: Macro avg: recall=0.987
2026-08-05 03:06:28  INFO      src.evaluation: stunted: recall=0.987 f1=0.959 roc_auc=0.998
2026-08-05 03:06:28  INFO      src.evaluation: underweight: recall=0.985 f1=0.954 roc_auc=0.999
2026-08-05 03:06:28  INFO      src.evaluation: wasted: recall=0.980 f1=0.962 roc_auc=0.999
2026-08-05 03:06:28  INFO      src.evaluation: Macro avg: recall=0.984
2026-08-05 03:06:28  INFO      src.evaluation: stunted: recall=0.990 f1=0.963 roc_auc=0.999
2026-08-05 03:06:28  INFO      src.evaluation: underweight: recall=0.995 f1=0.973 roc_auc=0.999
2026-08-05 03:06:28  INFO      src.evaluation: wasted: recall=0.988 f1=0.965 roc_auc=0.999
2026-08-05 03:06:28  INFO      src.evaluation: Macro avg: recall=0.991
2026-08-05 03:10:50  INFO      src.model: Model loaded: /workspaces/malnutrisense/models/mltp_xgb_v1.pkl
2026-08-05 03:10:50  INFO      src.model: Model loaded: /workspaces/malnutrisense/models/fl_global_model.pkl
2026-08-05 03:10:50  INFO      __main__: Running centralised fairness audit...
2026-08-05 03:10:51  INFO      src.fairness: FairnessAuditor initialised: 39,760 test rows
2026-08-05 03:10:51  WARNING   src.fairness: HV270 not in df_meta — skipping
2026-08-05 03:10:51  WARNING   src.fairness: B4 not in df_meta — skipping
2026-08-05 03:10:51  WARNING   src.fairness: is_aspirational not in df_meta — skipping
2026-08-05 03:10:51  WARNING   src.fairness: HV270 not in df_meta — skipping
2026-08-05 03:10:51  WARNING   src.fairness: B4 not in df_meta — skipping
2026-08-05 03:10:51  WARNING   src.fairness: is_aspirational not in df_meta — skipping
2026-08-05 03:10:51  WARNING   src.fairness: HV270 not in df_meta — skipping
2026-08-05 03:10:51  WARNING   src.fairness: B4 not in df_meta — skipping
2026-08-05 03:10:51  WARNING   src.fairness: is_aspirational not in df_meta — skipping
2026-08-05 03:10:51  INFO      src.fairness: Equity report: 0 rows
2026-08-05 03:10:51  INFO      __main__: Running federated fairness audit...
2026-08-05 03:14:13  INFO      src.model: Model loaded: /workspaces/malnutrisense/models/mltp_xgb_v1.pkl
2026-08-05 03:14:13  INFO      src.model: Model loaded: /workspaces/malnutrisense/models/fl_global_model.pkl
2026-08-05 03:14:13  INFO      __main__: Running centralised fairness audit...
2026-08-05 03:14:14  INFO      src.fairness: FairnessAuditor initialised: 39,760 test rows
2026-08-05 03:14:14  WARNING   src.fairness: HV270 not in df_meta — skipping
2026-08-05 03:14:14  WARNING   src.fairness: B4 not in df_meta — skipping
2026-08-05 03:14:14  WARNING   src.fairness: is_aspirational not in df_meta — skipping
2026-08-05 03:14:14  WARNING   src.fairness: HV270 not in df_meta — skipping
2026-08-05 03:14:14  WARNING   src.fairness: B4 not in df_meta — skipping
2026-08-05 03:14:14  WARNING   src.fairness: is_aspirational not in df_meta — skipping
2026-08-05 03:14:14  WARNING   src.fairness: HV270 not in df_meta — skipping
2026-08-05 03:14:14  WARNING   src.fairness: B4 not in df_meta — skipping
2026-08-05 03:14:14  WARNING   src.fairness: is_aspirational not in df_meta — skipping
2026-08-05 03:14:14  INFO      src.fairness: Equity report: 0 rows
2026-08-05 03:14:14  INFO      __main__: Running federated fairness audit...
2026-08-05 03:15:13  INFO      src.model: Model loaded: /workspaces/malnutrisense/models/mltp_xgb_v1.pkl
2026-08-05 03:15:14  INFO      src.model: Model loaded: /workspaces/malnutrisense/models/fl_global_model.pkl
2026-08-05 03:15:14  INFO      __main__: Running centralised fairness audit...
2026-08-05 03:15:14  INFO      src.fairness: FairnessAuditor initialised: 39,760 test rows
2026-08-05 03:15:14  WARNING   src.fairness: HV270 not in df_meta — skipping
2026-08-05 03:15:15  INFO      src.fairness: stunted/child_sex: FNR overall=0.008
2026-08-05 03:15:15  WARNING   src.fairness: is_aspirational not in df_meta — skipping
2026-08-05 03:15:15  WARNING   src.fairness: HV270 not in df_meta — skipping
2026-08-05 03:15:15  INFO      src.fairness: underweight/child_sex: FNR overall=0.008
2026-08-05 03:15:15  WARNING   src.fairness: is_aspirational not in df_meta — skipping
2026-08-05 03:15:15  WARNING   src.fairness: HV270 not in df_meta — skipping
2026-08-05 03:15:15  INFO      src.fairness: wasted/child_sex: FNR overall=0.009
2026-08-05 03:15:15  WARNING   src.fairness: is_aspirational not in df_meta — skipping
2026-08-05 03:15:15  INFO      src.fairness: Equity report: 6 rows
2026-08-05 03:15:15  INFO      __main__: Running federated fairness audit...
2026-08-05 03:15:16  INFO      src.fairness: FairnessAuditor initialised: 39,760 test rows
2026-08-05 03:15:16  WARNING   src.fairness: HV270 not in df_meta — skipping
2026-08-05 03:15:16  INFO      src.fairness: stunted/child_sex: FNR overall=0.007
2026-08-05 03:15:16  WARNING   src.fairness: is_aspirational not in df_meta — skipping
2026-08-05 03:15:16  WARNING   src.fairness: HV270 not in df_meta — skipping
2026-08-05 03:15:16  INFO      src.fairness: underweight/child_sex: FNR overall=0.008
2026-08-05 03:15:16  WARNING   src.fairness: is_aspirational not in df_meta — skipping
2026-08-05 03:15:16  WARNING   src.fairness: HV270 not in df_meta — skipping
2026-08-05 03:15:17  INFO      src.fairness: wasted/child_sex: FNR overall=0.009
2026-08-05 03:15:17  WARNING   src.fairness: is_aspirational not in df_meta — skipping
2026-08-05 03:15:17  INFO      src.fairness: Equity report: 6 rows
2026-08-05 03:15:17  INFO      __main__: Fairness comparison saved: /workspaces/malnutrisense/reports/tables/fl_fairness_comparison.csv
2026-08-05 03:16:13  INFO      src.model: Model loaded: /workspaces/malnutrisense/models/mltp_xgb_v1.pkl
2026-08-05 03:16:13  INFO      src.model: Model loaded: /workspaces/malnutrisense/models/fl_global_model.pkl
2026-08-05 03:16:13  INFO      __main__: Running centralised fairness audit...
2026-08-05 03:16:14  INFO      src.fairness: FairnessAuditor initialised: 39,760 test rows
2026-08-05 03:16:14  WARNING   src.fairness: HV270 not in df_meta — skipping
2026-08-05 03:16:14  INFO      src.fairness: stunted/child_sex: FNR overall=0.008
2026-08-05 03:16:14  WARNING   src.fairness: is_aspirational not in df_meta — skipping
2026-08-05 03:16:14  WARNING   src.fairness: HV270 not in df_meta — skipping
2026-08-05 03:16:14  INFO      src.fairness: underweight/child_sex: FNR overall=0.008
2026-08-05 03:16:14  WARNING   src.fairness: is_aspirational not in df_meta — skipping
2026-08-05 03:16:14  WARNING   src.fairness: HV270 not in df_meta — skipping
2026-08-05 03:16:14  INFO      src.fairness: wasted/child_sex: FNR overall=0.009
2026-08-05 03:16:14  WARNING   src.fairness: is_aspirational not in df_meta — skipping
2026-08-05 03:16:14  INFO      src.fairness: Equity report: 6 rows
2026-08-05 03:16:14  INFO      __main__: Running federated fairness audit...
2026-08-05 03:16:15  INFO      src.fairness: FairnessAuditor initialised: 39,760 test rows
2026-08-05 03:16:15  WARNING   src.fairness: HV270 not in df_meta — skipping
2026-08-05 03:16:15  INFO      src.fairness: stunted/child_sex: FNR overall=0.007
2026-08-05 03:16:15  WARNING   src.fairness: is_aspirational not in df_meta — skipping
2026-08-05 03:16:15  WARNING   src.fairness: HV270 not in df_meta — skipping
2026-08-05 03:16:16  INFO      src.fairness: underweight/child_sex: FNR overall=0.008
2026-08-05 03:16:16  WARNING   src.fairness: is_aspirational not in df_meta — skipping
2026-08-05 03:16:16  WARNING   src.fairness: HV270 not in df_meta — skipping
2026-08-05 03:16:16  INFO      src.fairness: wasted/child_sex: FNR overall=0.009
2026-08-05 03:16:16  WARNING   src.fairness: is_aspirational not in df_meta — skipping
2026-08-05 03:16:16  INFO      src.fairness: Equity report: 6 rows
2026-08-05 03:16:16  INFO      __main__: Fairness comparison saved: /workspaces/malnutrisense/reports/tables/fl_fairness_comparison.csv
2026-08-05 12:19:55  INFO      __main__: Satellite dataset: 228,356 rows x 21 cols
2026-08-05 12:19:55  INFO      __main__: After satellite NaN drop: 205,903 rows
2026-08-05 12:19:55  WARNING   src.preprocessing: Dropped 26,453 rows with missing target labels before train/test split.
2026-08-05 12:19:56  INFO      src.preprocessing: Train/test split: 143,560 train | 35,890 test (20% test, stratified on stunted)
2026-08-05 12:19:56  INFO      src.model: Class weights loaded: {'stunted': 1.8195, 'underweight': 2.2367, 'wasted': 4.3705}
2026-08-05 12:20:12  INFO      src.evaluation: stunted: recall=0.991 f1=0.966 roc_auc=0.999
2026-08-05 12:20:12  INFO      src.evaluation: underweight: recall=0.991 f1=0.966 roc_auc=0.999
2026-08-05 12:20:12  INFO      src.evaluation: wasted: recall=0.992 f1=0.964 roc_auc=0.999
2026-08-05 12:20:12  INFO      src.evaluation: Macro avg: recall=0.991
2026-08-05 12:20:12  INFO      src.model: Model saved: /workspaces/malnutrisense/models/mltp_xgb_satellite_v1.pkl  (4.9 MB)
2026-08-05 12:21:44  INFO      __main__: Loading NFHS-4 KR file...
2026-08-05 12:23:14  INFO      __main__: NFHS-4 loaded: 259,627 rows
2026-08-05 12:23:15  INFO      __main__: Velocity computed for 35 states
2026-08-05 12:23:22  INFO      __main__: Velocity coverage: 99.8%
2026-08-05 12:23:32  INFO      __main__: Velocity dataset: 227,828 rows
2026-08-05 12:23:32  WARNING   src.preprocessing: Dropped 29,485 rows with missing target labels before train/test split.
2026-08-05 12:23:32  INFO      src.preprocessing: Train/test split: 158,674 train | 39,669 test (20% test, stratified on stunted)
2026-08-05 12:23:32  INFO      src.model: Class weights loaded: {'stunted': 1.8195, 'underweight': 2.2367, 'wasted': 4.3705}
2026-08-05 12:23:47  INFO      src.evaluation: stunted: recall=1.000 f1=1.000 roc_auc=1.000
2026-08-05 12:23:47  INFO      src.evaluation: underweight: recall=0.997 f1=0.996 roc_auc=1.000
2026-08-05 12:23:47  INFO      src.evaluation: wasted: recall=0.999 f1=0.996 roc_auc=1.000
2026-08-05 12:23:47  INFO      src.evaluation: Macro avg: recall=0.999
2026-08-05 12:23:47  INFO      src.model: Model saved: /workspaces/malnutrisense/models/mltp_xgb_velocity_v1.pkl  (2.2 MB)
2026-08-05 12:31:12  INFO      __main__: Loading NFHS-4 KR file...
2026-08-05 12:31:16  INFO      __main__: NFHS-4 loaded: 259,627 rows
2026-08-05 12:31:16  INFO      __main__: Velocity computed for 35 states
2026-08-05 12:31:20  INFO      __main__: Velocity coverage: 99.8%
2026-08-05 12:31:40  INFO      __main__: Velocity dataset: 227,828 rows
2026-08-05 12:31:40  WARNING   src.preprocessing: Dropped 29,485 rows with missing target labels before train/test split.
2026-08-05 12:31:40  INFO      src.preprocessing: Train/test split: 158,674 train | 39,669 test (20% test, stratified on stunted)
2026-08-05 12:31:40  INFO      src.model: Class weights loaded: {'stunted': 1.8195, 'underweight': 2.2367, 'wasted': 4.3705}
2026-08-05 12:31:55  INFO      src.evaluation: stunted: recall=1.000 f1=1.000 roc_auc=1.000
2026-08-05 12:31:56  INFO      src.evaluation: underweight: recall=0.997 f1=0.996 roc_auc=1.000
2026-08-05 12:31:56  INFO      src.evaluation: wasted: recall=0.999 f1=0.996 roc_auc=1.000
2026-08-05 12:31:56  INFO      src.evaluation: Macro avg: recall=0.999
2026-08-05 12:31:56  INFO      src.model: Model saved: /workspaces/malnutrisense/models/mltp_xgb_velocity_v1.pkl  (2.2 MB)
2026-08-05 12:34:17  INFO      src.model: Model loaded: /workspaces/malnutrisense/models/mltp_xgb_satellite_v1.pkl
2026-08-05 12:34:46  INFO      src.model: Model loaded: /workspaces/malnutrisense/models/mltp_xgb_satellite_v1.pkl
2026-08-05 12:34:47  INFO      src.evaluation: stunted: recall=0.993 f1=0.968 roc_auc=0.999
2026-08-05 12:34:47  INFO      src.evaluation: underweight: recall=0.992 f1=0.970 roc_auc=0.999
2026-08-05 12:34:47  INFO      src.evaluation: wasted: recall=0.995 f1=0.972 roc_auc=1.000
2026-08-05 12:34:47  INFO      src.evaluation: Macro avg: recall=0.993
2026-08-05 12:34:47  INFO      src.model: Model loaded: /workspaces/malnutrisense/models/mltp_xgb_velocity_v1.pkl
2026-08-05 12:34:48  INFO      src.evaluation: stunted: recall=0.000 f1=0.000 roc_auc=0.941
2026-08-05 12:34:48  INFO      src.evaluation: underweight: recall=0.000 f1=0.000 roc_auc=0.733
2026-08-05 12:34:48  INFO      src.evaluation: wasted: recall=0.000 f1=0.000 roc_auc=0.769
2026-08-05 12:34:48  INFO      src.evaluation: Macro avg: recall=0.000
2026-08-05 12:35:30  INFO      src.model: Model loaded: /workspaces/malnutrisense/models/mltp_xgb_satellite_v1.pkl
2026-08-05 12:35:30  INFO      src.evaluation: stunted: recall=0.993 f1=0.968 roc_auc=0.999
2026-08-05 12:35:31  INFO      src.evaluation: underweight: recall=0.992 f1=0.970 roc_auc=0.999
2026-08-05 12:35:31  INFO      src.evaluation: wasted: recall=0.995 f1=0.972 roc_auc=1.000
2026-08-05 12:35:31  INFO      src.evaluation: Macro avg: recall=0.993
2026-08-05 12:35:31  INFO      src.model: Model loaded: /workspaces/malnutrisense/models/mltp_xgb_velocity_v1.pkl
2026-08-05 12:35:31  INFO      src.evaluation: stunted: recall=0.000 f1=0.000 roc_auc=0.941
2026-08-05 12:35:31  INFO      src.evaluation: underweight: recall=0.000 f1=0.000 roc_auc=0.733
2026-08-05 12:35:31  INFO      src.evaluation: wasted: recall=0.000 f1=0.000 roc_auc=0.769
2026-08-05 12:35:31  INFO      src.evaluation: Macro avg: recall=0.000
2026-08-05 12:36:00  INFO      src.model: Model loaded: /workspaces/malnutrisense/models/mltp_xgb_satellite_v1.pkl
2026-08-05 12:36:00  INFO      src.evaluation: stunted: recall=0.993 f1=0.968 roc_auc=0.999
2026-08-05 12:36:00  INFO      src.evaluation: underweight: recall=0.992 f1=0.970 roc_auc=0.999
2026-08-05 12:36:00  INFO      src.evaluation: wasted: recall=0.995 f1=0.972 roc_auc=1.000
2026-08-05 12:36:00  INFO      src.evaluation: Macro avg: recall=0.993
2026-08-05 12:36:00  INFO      src.model: Model loaded: /workspaces/malnutrisense/models/mltp_xgb_velocity_v1.pkl
2026-08-05 12:36:01  INFO      src.evaluation: stunted: recall=0.000 f1=0.000 roc_auc=0.941
2026-08-05 12:36:01  INFO      src.evaluation: underweight: recall=0.000 f1=0.000 roc_auc=0.733
2026-08-05 12:36:01  INFO      src.evaluation: wasted: recall=0.000 f1=0.000 roc_auc=0.769
2026-08-05 12:36:01  INFO      src.evaluation: Macro avg: recall=0.000
2026-08-05 12:38:24  INFO      __main__: Loading raw NFHS-5 DTA with district identifiers...
2026-08-05 12:40:34  INFO      __main__: Loaded: 232,920 rows
2026-08-05 12:40:34  INFO      __main__: Saved: /workspaces/malnutrisense/reports/tables/district_prevalence.csv  (707 districts)
2026-08-05 12:43:00  INFO      __main__: GEE initialized
2026-08-05 12:43:00  INFO      __main__: India districts loaded from GAUL
2026-08-05 12:43:00  INFO      __main__: NDVI export task started. Check GEE Tasks tab for progress.
2026-08-05 12:43:00  INFO      __main__: Download CSV from Google Drive when complete.
2026-08-05 12:43:00  INFO      __main__: Save to: data/raw/external/ndvi_districts.csv
2026-08-05 12:43:47  INFO      __main__: Satellite dataset: 228,356 rows x 21 cols
2026-08-05 12:43:47  INFO      __main__: After satellite NaN drop: 205,903 rows
2026-08-05 12:43:47  WARNING   src.preprocessing: Dropped 26,453 rows with missing target labels before train/test split.
2026-08-05 12:43:47  INFO      src.preprocessing: Train/test split: 143,560 train | 35,890 test (20% test, stratified on stunted)
2026-08-05 12:43:47  INFO      src.model: Class weights loaded: {'stunted': 1.8195, 'underweight': 2.2367, 'wasted': 4.3705}
2026-08-05 12:44:03  INFO      src.evaluation: stunted: recall=0.991 f1=0.966 roc_auc=0.999
2026-08-05 12:44:03  INFO      src.evaluation: underweight: recall=0.991 f1=0.966 roc_auc=0.999
2026-08-05 12:44:03  INFO      src.evaluation: wasted: recall=0.992 f1=0.964 roc_auc=0.999
2026-08-05 12:44:03  INFO      src.evaluation: Macro avg: recall=0.991
2026-08-05 12:44:03  INFO      src.model: Model saved: /workspaces/malnutrisense/models/mltp_xgb_satellite_v1.pkl  (4.9 MB)
2026-08-05 12:44:09  INFO      __main__: Loading NFHS-4 KR file...
2026-08-05 12:44:13  INFO      __main__: NFHS-4 loaded: 259,627 rows
2026-08-05 12:44:13  INFO      __main__: Velocity computed for 35 states
2026-08-05 12:44:16  INFO      __main__: Velocity coverage: 99.8%
2026-08-05 12:44:36  INFO      __main__: Velocity dataset: 227,828 rows
2026-08-05 12:44:36  WARNING   src.preprocessing: Dropped 29,485 rows with missing target labels before train/test split.
2026-08-05 12:44:36  INFO      src.preprocessing: Train/test split: 158,674 train | 39,669 test (20% test, stratified on stunted)
2026-08-05 12:44:36  INFO      src.model: Class weights loaded: {'stunted': 1.8195, 'underweight': 2.2367, 'wasted': 4.3705}
2026-08-05 12:44:52  INFO      src.evaluation: stunted: recall=1.000 f1=1.000 roc_auc=1.000
2026-08-05 12:44:52  INFO      src.evaluation: underweight: recall=0.997 f1=0.996 roc_auc=1.000
2026-08-05 12:44:52  INFO      src.evaluation: wasted: recall=0.999 f1=0.996 roc_auc=1.000
2026-08-05 12:44:52  INFO      src.evaluation: Macro avg: recall=0.999
2026-08-05 12:44:52  INFO      src.model: Model saved: /workspaces/malnutrisense/models/mltp_xgb_velocity_v1.pkl  (2.2 MB)
2026-08-05 12:45:02  INFO      src.model: Model loaded: /workspaces/malnutrisense/models/mltp_xgb_satellite_v1.pkl
2026-08-05 12:45:02  INFO      src.evaluation: stunted: recall=0.993 f1=0.968 roc_auc=0.999
2026-08-05 12:45:02  INFO      src.evaluation: underweight: recall=0.992 f1=0.970 roc_auc=0.999
2026-08-05 12:45:03  INFO      src.evaluation: wasted: recall=0.995 f1=0.972 roc_auc=1.000
2026-08-05 12:45:03  INFO      src.evaluation: Macro avg: recall=0.993
2026-08-05 12:45:03  INFO      src.model: Model loaded: /workspaces/malnutrisense/models/mltp_xgb_velocity_v1.pkl
2026-08-05 12:45:03  INFO      src.evaluation: stunted: recall=0.000 f1=0.000 roc_auc=0.941
2026-08-05 12:45:03  INFO      src.evaluation: underweight: recall=0.000 f1=0.000 roc_auc=0.733
2026-08-05 12:45:03  INFO      src.evaluation: wasted: recall=0.000 f1=0.000 roc_auc=0.769
2026-08-05 12:45:03  INFO      src.evaluation: Macro avg: recall=0.000
2026-08-05 12:48:05  INFO      src.model: Model loaded: /workspaces/malnutrisense/models/mltp_xgb_satellite_v1.pkl
2026-08-05 12:48:06  INFO      src.evaluation: stunted: recall=0.993 f1=0.968 roc_auc=0.999
2026-08-05 12:48:06  INFO      src.evaluation: underweight: recall=0.992 f1=0.970 roc_auc=0.999
2026-08-05 12:48:06  INFO      src.evaluation: wasted: recall=0.995 f1=0.972 roc_auc=1.000
2026-08-05 12:48:06  INFO      src.evaluation: Macro avg: recall=0.993
2026-08-05 12:48:07  INFO      src.model: Model loaded: /workspaces/malnutrisense/models/mltp_xgb_velocity_v1.pkl
2026-08-05 12:48:08  INFO      src.evaluation: stunted: recall=0.000 f1=0.000 roc_auc=0.941
2026-08-05 12:48:08  INFO      src.evaluation: underweight: recall=0.000 f1=0.000 roc_auc=0.733
2026-08-05 12:48:08  INFO      src.evaluation: wasted: recall=0.000 f1=0.000 roc_auc=0.769
2026-08-05 12:48:08  INFO      src.evaluation: Macro avg: recall=0.000
2026-08-05 12:48:37  INFO      src.model: Model loaded: /workspaces/malnutrisense/models/mltp_xgb_satellite_v1.pkl
2026-08-05 12:48:38  INFO      src.evaluation: stunted: recall=0.993 f1=0.968 roc_auc=0.999
2026-08-05 12:48:38  INFO      src.evaluation: underweight: recall=0.992 f1=0.970 roc_auc=0.999
2026-08-05 12:48:38  INFO      src.evaluation: wasted: recall=0.995 f1=0.972 roc_auc=1.000
2026-08-05 12:48:38  INFO      src.evaluation: Macro avg: recall=0.993
2026-08-05 12:48:38  INFO      src.model: Model loaded: /workspaces/malnutrisense/models/mltp_xgb_velocity_v1.pkl
2026-08-05 12:48:39  INFO      src.evaluation: stunted: recall=0.000 f1=0.000 roc_auc=0.941
2026-08-05 12:48:39  INFO      src.evaluation: underweight: recall=0.000 f1=0.000 roc_auc=0.733
2026-08-05 12:48:39  INFO      src.evaluation: wasted: recall=0.000 f1=0.000 roc_auc=0.769
2026-08-05 12:48:39  INFO      src.evaluation: Macro avg: recall=0.000
2026-08-06 16:58:51  INFO      src.model: Model loaded: /workspaces/malnutrisense/models/mltp_xgb_v1.pkl
2026-08-06 16:58:51  INFO      api.predictor: MLTP model loaded
2026-08-06 16:58:51  INFO      api.predictor: Thresholds loaded: 3 labels
2026-08-06 16:58:51  INFO      api.main: MalnutriSense API started
2026-08-06 16:59:22  ERROR     api.main: /predict error: columns are missing: {'m19', 'hw3', 'v130', 'v106', 'hw1', 'v024', 'v025', 'b4', 'hw2', 'm4', 'h11'}
2026-08-06 16:59:42  INFO      src.model: Model loaded: /workspaces/malnutrisense/models/mltp_xgb_v1.pkl
2026-08-06 17:00:05  INFO      src.model: Model loaded: /workspaces/malnutrisense/models/mltp_xgb_v1.pkl
2026-08-06 17:00:05  INFO      api.predictor: MLTP model loaded
2026-08-06 17:00:05  INFO      api.predictor: Thresholds loaded: 3 labels
2026-08-06 17:00:05  INFO      api.main: MalnutriSense API started
2026-08-06 17:00:24  ERROR     api.main: /predict error: Cannot use median strategy with non-numeric data:
could not convert string to float: 'rural'
2026-08-06 17:00:43  INFO      src.model: Model loaded: /workspaces/malnutrisense/models/mltp_xgb_v1.pkl
2026-08-06 17:00:43  INFO      api.predictor: MLTP model loaded
2026-08-06 17:00:43  INFO      api.predictor: Thresholds loaded: 3 labels
2026-08-06 17:00:43  INFO      api.main: MalnutriSense API started
2026-08-06 17:01:18  INFO      src.model: Model loaded: /workspaces/malnutrisense/models/mltp_xgb_v1.pkl
2026-08-06 17:01:18  INFO      api.predictor: MLTP model loaded
2026-08-06 17:01:18  INFO      api.predictor: Thresholds loaded: 3 labels
2026-08-06 17:01:18  INFO      api.main: MalnutriSense API started
2026-08-06 17:01:46  INFO      src.model: Model loaded: /workspaces/malnutrisense/models/mltp_xgb_v1.pkl
2026-08-06 17:01:46  INFO      api.predictor: MLTP model loaded
2026-08-06 17:01:46  INFO      api.predictor: Thresholds loaded: 3 labels
2026-08-06 17:01:46  INFO      api.main: MalnutriSense API started
2026-08-06 17:01:49  INFO      src.model: Model loaded: /workspaces/malnutrisense/models/mltp_xgb_v1.pkl
2026-08-06 17:01:49  INFO      api.predictor: MLTP model loaded
2026-08-06 17:01:49  INFO      api.predictor: Thresholds loaded: 3 labels
2026-08-06 17:01:49  INFO      api.main: MalnutriSense API started
2026-08-06 17:03:39  INFO      src.model: Model loaded: /workspaces/malnutrisense/models/mltp_xgb_v1.pkl
2026-08-06 17:03:39  INFO      api.predictor: MLTP model loaded
2026-08-06 17:03:39  INFO      api.predictor: Thresholds loaded: 3 labels
2026-08-06 17:03:39  INFO      api.main: MalnutriSense API started
2026-08-06 17:04:28  INFO      src.model: Model loaded: /workspaces/malnutrisense/models/mltp_xgb_v1.pkl
2026-08-06 17:04:28  INFO      api.predictor: MLTP model loaded
2026-08-06 17:04:28  INFO      api.predictor: Thresholds loaded: 3 labels
2026-08-06 17:04:28  INFO      api.main: MalnutriSense API started
2026-08-06 17:07:37  INFO      src.model: Model loaded: /workspaces/malnutrisense/models/mltp_xgb_v1.pkl
2026-08-06 17:07:37  INFO      api.predictor: MLTP model loaded
2026-08-06 17:07:37  INFO      api.predictor: Thresholds loaded: 3 labels
2026-08-06 17:07:37  INFO      api.main: MalnutriSense API started
2026-08-06 17:09:14  INFO      src.model: Model loaded: /workspaces/malnutrisense/models/mltp_xgb_v1.pkl
2026-08-06 17:09:14  INFO      api.predictor: MLTP model loaded
2026-08-06 17:09:14  INFO      api.predictor: Thresholds loaded: 3 labels
2026-08-06 17:09:14  INFO      api.main: MalnutriSense API started
2026-08-06 17:14:36  INFO      src.model: Model loaded: /workspaces/malnutrisense/models/mltp_xgb_v1.pkl
2026-08-06 17:14:36  INFO      api.predictor: MLTP model loaded
2026-08-06 17:14:36  INFO      api.predictor: Thresholds loaded: 3 labels
2026-08-06 17:14:36  INFO      api.main: MalnutriSense API started
2026-08-06 17:19:07  INFO      src.model: Model loaded: /workspaces/malnutrisense/models/mltp_xgb_v1.pkl
2026-08-06 17:19:07  INFO      api.predictor: MLTP model loaded
2026-08-06 17:19:07  INFO      api.predictor: Thresholds loaded: 3 labels
2026-08-06 17:19:07  INFO      api.main: MalnutriSense API started
2026-08-06 17:21:41  INFO      src.model: Model loaded: /workspaces/malnutrisense/models/mltp_xgb_v1.pkl
2026-08-06 17:21:41  INFO      api.predictor: MLTP model loaded
2026-08-06 17:21:41  INFO      api.predictor: Thresholds loaded: 3 labels
2026-08-06 17:21:41  INFO      api.main: MalnutriSense API started
2026-08-06 17:23:30  INFO      src.model: Model loaded: /workspaces/malnutrisense/models/mltp_xgb_v1.pkl
2026-08-06 17:23:30  INFO      api.predictor: MLTP model loaded
2026-08-06 17:23:30  INFO      api.predictor: Thresholds loaded: 3 labels
2026-08-06 17:23:30  INFO      api.main: MalnutriSense API started
2026-08-06 17:24:19  INFO      src.model: Model loaded: /workspaces/malnutrisense/models/mltp_xgb_v1.pkl
2026-08-06 17:24:19  INFO      api.predictor: MLTP model loaded
2026-08-06 17:24:19  INFO      api.predictor: Thresholds loaded: 3 labels
2026-08-06 17:24:19  INFO      api.main: MalnutriSense API started
2026-08-07 06:11:54  INFO      src.model: Model loaded: /workspaces/malnutrisense/models/mltp_xgb_v1.pkl
2026-08-07 06:11:54  INFO      api.predictor: MLTP model loaded
2026-08-07 06:11:54  INFO      api.predictor: Thresholds loaded: 3 labels
2026-08-07 06:11:54  INFO      api.main: MalnutriSense predictor loaded lazily
2026-08-07 06:12:07  INFO      src.explainability: SHAPExplainer initialised for 3 labels
2026-08-07 06:12:07  INFO      src.explainability: SHAP values computed: 1 rows, 11 features
2026-08-07 06:12:07  INFO      src.explainability: SHAPExplainer initialised for 3 labels
2026-08-07 06:12:07  INFO      src.explainability: SHAP values computed: 1 rows, 11 features
2026-08-07 06:12:07  INFO      src.explainability: SHAPExplainer initialised for 3 labels
2026-08-07 06:12:07  INFO      src.explainability: SHAP values computed: 1 rows, 11 features
2026-08-07 06:13:30  INFO      src.model: Model loaded: /workspaces/malnutrisense/models/mltp_xgb_v1.pkl
2026-08-07 06:13:30  INFO      api.predictor: MLTP model loaded
2026-08-07 06:13:30  INFO      api.predictor: Thresholds loaded: 3 labels
2026-08-07 06:13:30  INFO      api.main: MalnutriSense predictor loaded lazily
2026-08-07 06:13:32  INFO      src.explainability: SHAPExplainer initialised for 3 labels
2026-08-07 06:13:32  INFO      src.explainability: SHAP values computed: 1 rows, 11 features
2026-08-07 06:13:33  INFO      src.explainability: SHAPExplainer initialised for 3 labels
2026-08-07 06:13:33  INFO      src.explainability: SHAP values computed: 1 rows, 11 features
2026-08-07 06:13:33  INFO      src.explainability: SHAPExplainer initialised for 3 labels
2026-08-07 06:13:33  INFO      src.explainability: SHAP values computed: 1 rows, 11 features
